PROCEDIMENTO,Código SIGTAP,SIGTAP- Procedimento
ABAIXAMENTO DE COLON,0407020241,FECHAMENTO DE ENTEROSTOMIA (QUALQUER SEGMENTO)
ABAIXAMENTO DE COLON,0415020034,OUTROS PROCEDIMENTOS COM CIRURGIAS SEQUENCIAIS
ABDOMINOSACROPERINEAL PENA,0415020034,OUTROS PROCEDIMENTOS COM CIRURGIAS SEQUENCIAIS
ABORDAGEM TRANSESFENOIDAL PARA TUMOR DE HIPÓFISE,0403030064,HIPOFISECTOMIA TRANSESFENOIDAL POR TECNICA COMPLEMENTAR
ADENOIDECTOMIA,0404010016,ADENOIDECTOMIA
ADENOIDECTOMIA,0404010032,AMIGDALECTOMIA COM ADENOIDECTOMIA
ADENOIDECTOMIA,0415010012,TRATAMENTO C/ CIRURGIAS MULTIPLAS
ADENOIDECTOMIA,0415020034,OUTROS PROCEDIMENTOS COM CIRURGIAS SEQUENCIAIS
ADRENALECTOMIA,0416010202,SUPRARRENALECTOMIA EM ONCOLOGIA
ADRENALECTOMIA,0416040349,PANCREATECTOMIA PARCIAL VIDEOLAPAROSCÓPICA EM ONCOLOGIA
ADRENALECTOMIA,0506020045,TRATAMENTO DE INTERCORRÊNCIA PÓS-TRANSPLANTE DE ÓRGÃOS / CÉLULAS-TRONCO HEMATOPOÉTICAS
ADRENALECTOMIA,0506020096,TRATAMENTO DE INTERCORRENCIA PÓS TRANSPLANTE DE FIGADO- PÓS TRANSPLANTE CRÍTICO
ADRENALECTOMIAVIDEOLAPAROSCÓPICA,0402020022,SUPRARRENALECTOMIA UNILATERAL
ADRENALECTOMIAVIDEOLAPAROSCÓPICA,0416010202,SUPRARRENALECTOMIA EM ONCOLOGIA
ALCOOLIZAÇÃO PERCUTANEA DE HEMANGIOMAS E MALFORMAÇÕES VENOSAS,0406040010,ALCOOLIZAÇÃO PERCUTÂNEA DE HEMANGIOMA E MALFORMAÇÃO VENOSAS (INCLUI ESTUDO ANGIOGRAFICO)
ALCOOLIZAÇÃO PERCUTANEA DE HEMANGIOMAS E MALFORMAÇÕES VENOSAS,0406040214,EMBOLIZAÇÃO DE MALFORMAÇÃO VASCULAR POR PUNÇÃO DIRETA (INCLUI DROGAS EMBOLIZANTES)
ALCOOLIZAÇÃO PERCUTANEA DE HEMANGIOMAS E MALFORMAÇÕES VENOSAS,0416040179,ALCOOLIZAÇÃO PERCUTÂNEA DE CARCINOMA HEPÁTICO
ALCOOLIZAÇÃO PERCUTANEA DE HEMANGIOMAS E MALFORMAÇÕES VENOSAS,0416040187,TRATAMENTO DE CARCINOMA HEPÁTICO POR RADIOFREQUÊNCIA
ALONGAMENTO DE TENDAO,0408050080,FASCIOTOMIA DE MEMBROS INFERIORES
ALONGAMENTO DE TENDAO,0408060018,ALONGAMENTO / ENCURTAMENTO MIOTENDINOSO
ALONGAMENTO DE TENDAO,0408060182,OSTEOTOMIA DE OSSOS DA MÃO E/OU DO PÉ
ALONGAMENTO DE TENDAO,0415020069,PROCEDIMENTOS SEQUENCIAIS EM ORTOPEDIA
ALONGAMENTO DOS OSSOS DA PERNA,0408060034,ALONGAMENTO E/OU TRANSPORTE ÓSSEO DE OSSOS LONGOS (EXCETO DA MÃO E DO PÉ)
ALONGAMENTO E/OU TRANSPORTE DE OSSEO DOS OSSOS CURTOS OU LONGOS DA MÃO E DO PÉ,0408050748,TRATAMENTO CIRÚRGICO DE PÉ PLANO VALGO
AMIDALECTOMIA,0308040015,TRATAMENTO DE COMPLICACOES DE PROCEDIMENTOS CIRURGICOS OU CLINICOS
AMIDALECTOMIA,0404010024,AMIGDALECTOMIA
AMIDALECTOMIA,0404010032,AMIGDALECTOMIA COM ADENOIDECTOMIA
AMIDALECTOMIA,0404010130,EXTIRPAÇÃO DE TUMOR DO CAVUM E FARINGE
AMIDALECTOMIA,0415020034,OUTROS PROCEDIMENTOS COM CIRURGIAS SEQUENCIAIS
AMIDALECTOMIA,0415020050,PROCEDIMENTOS SEQUENCIAIS EM ONCOLOGIA
AMIDALECTOMIA,0416020178,LINFADENECTOMIA CERVICAL SUPRAOMO-HIOIDEA UNILATERAL EM ONCOLOGIA
AMIDALECTOMIA,0416030041,RESSECÇÃO DE GLÂNDULA SUBMANDIBULAR EM ONCOLOGIA
AMIDALECTOMIA,0416030068,GLOSSECTOMIA PARCIAL EM ONCOLOGIA
AMIDALECTOMIA,0416030351,RESSECÇÃO DE LESÃO MALIGNA DE MUCOSA BUCAL EM ONCOLOGIA
AMIDALECTOMIA COM ADENOIDECTOMIA,0404010024,AMIGDALECTOMIA
AMIDALECTOMIA COM ADENOIDECTOMIA,0404010032,AMIGDALECTOMIA COM ADENOIDECTOMIA
AMIDALECTOMIA COM ADENOIDECTOMIA,0404010237,MICROCIRURGIA OTOLOGICA
AMIDALECTOMIA COM ADENOIDECTOMIA,0415020034,OUTROS PROCEDIMENTOS COM CIRURGIAS SEQUENCIAIS
AMPLIACAO DE MARGENS,0401020045,"EXCISÃO E ENXERTO DE PELE (HEMANGIOMA, NEVUS OU TUMOR )"
AMPLIACAO DE MARGENS,0401020100,EXTIRPAÇÃOE SUPRESSÃO DE LESÃO DE PELE E DE TECIDO CELULAR SUBCUTÂNEO
AMPLIACAO DE MARGENS,0413040178,TRATAMENTO CIRURGICO DE LESOES EXTENSAS C/ PERDA DE SUBSTANCIA CUTANEA
AMPLIACAO DE MARGENS,0415020034,OUTROS PROCEDIMENTOS COM CIRURGIAS SEQUENCIAIS
AMPLIACAO DE MARGENS,0415020050,PROCEDIMENTOS SEQUENCIAIS EM ONCOLOGIA
AMPLIACAO DE MARGENS,0416020240,LINFADENECTOMIA SELETIVA GUIADA (LINFONODO SENTINELA) EM ONCOLOGIA
AMPLIACAO DE MARGENS,0416030211,FARINGECTOMIA PARCIAL EM ONCOLOGIA
AMPLIACAO DE MARGENS,0416080014,EXCISÂO E ENXERTO DE PELE EM ONCOLOGIA
AMPLIACAO DE MARGENS,0416080030,EXCISÃO E SUTURA DE LESÃO NA PELE COM PLASTICA EM Z OU ROTAÇÃO DE RETALHO EM ONCOLOGIA
AMPLIACAO DE MARGENS,0416080120,EXTIRPAÇÃO MÚLTIPLA DE LESÃO DA PELE OU TECIDO CELULAR SUBCUTÂNEO EM ONCOLOGIA
AMPLIACAO DE MARGENS,0416120059,SEGMENTECTOMIA/QUADRANTECTOMIA/SETORECTOMIA DE MAMA EM ONCOLOGIA
AMPUTACAO ABDOMINO-PERINEAL DO RETO,0407040188,LIBERAÇÃO DE ADERÊNCIAS INTESTINAIS
AMPUTACAO ABDOMINO-PERINEAL DO RETO,0415020034,OUTROS PROCEDIMENTOS COM CIRURGIAS SEQUENCIAIS
AMPUTACAO ABDOMINO-PERINEAL DO RETO,0415020050,PROCEDIMENTOS SEQUENCIAIS EM ONCOLOGIA
AMPUTACAO ABDOMINO-PERINEAL DO RETO,0416050018,AMPUTAÇÃO ABDOMINO-PERINEAL DE RETO EM ONCOLOGIA
AMPUTACAO ABDOMINO-PERINEAL DO RETO,0416050123,COLECTOMIA VIDEOLAPAROSCÓPICA EM ONCOLOGIA
AMPUTACAO AO NIVEL DO TORNOZELO,0408050012,AMPUTACAO / DESARTICULACAO DE MEMBROS INFERIORES
AMPUTACAO AO NIVEL DO TORNOZELO,0408050020,AMPUTACAO / DESARTICULACAO DE PE E TARSO
AMPUTACAO AO NIVEL DOS METACARPIANOS,0408020016,AMPUTAÇÃO / DESARTICULAÇÃO DE MÃO E PUNHO
AMPUTACAO DE DEDO (MÃO),0408060042,AMPUTAÇÃO / DESARTICULAÇÃO DE DEDO
AMPUTACAO DE DEDO (MÃO),0416090133,RESSECÇÃO DE TUMOR DE PARTES MOLES EM ONCOLOGIA
AMPUTACAO DE DEDO (MÃO),0506020045,TRATAMENTO DE INTERCORRÊNCIA PÓS-TRANSPLANTE DE ÓRGÃOS / CÉLULAS-TRONCO HEMATOPOÉTICAS
AMPUTACAO DE MEMBRO INFERIOR,0303010037,TRATAMENTO DE OUTRAS DOENÇAS BACTERIANAS
AMPUTACAO DE MEMBRO INFERIOR,0408020024,AMPUTAÇÃO / DESARTICULAÇÃO DE MEMBROS SUPERIORES
AMPUTACAO DE MEMBRO INFERIOR,0408050012,AMPUTACAO / DESARTICULACAO DE MEMBROS INFERIORES
AMPUTACAO DE MEMBRO INFERIOR,0408050020,AMPUTACAO / DESARTICULACAO DE PE E TARSO
AMPUTACAO DE MEMBRO INFERIOR,0416090010,AMPUTAÇÃO / DESARTICULAÇÃO DE MEMBROS INFERIORES EM ONCOLOGIA
AMPUTACAO DE MEMBRO INFERIOR,0506020045,TRATAMENTO DE INTERCORRÊNCIA PÓS-TRANSPLANTE DE ÓRGÃOS / CÉLULAS-TRONCO HEMATOPOÉTICAS
AMPUTACAO DE PE,0303010037,TRATAMENTO DE OUTRAS DOENÇAS BACTERIANAS
AMPUTACAO DE PE,0408050012,AMPUTACAO / DESARTICULACAO DE MEMBROS INFERIORES
AMPUTACAO DE PE,0408050020,AMPUTACAO / DESARTICULACAO DE PE E TARSO
AMPUTACAO DE PE,0408060042,AMPUTAÇÃO / DESARTICULAÇÃO DE DEDO
AMPUTACAO DE PE,0408060182,OSTEOTOMIA DE OSSOS DA MÃO E/OU DO PÉ
AMPUTACAO DE PE,0408060557,TRATAMENTO CIRÚRGICO DE ARTRITE INFECCIOSA (GRANDES E MÉDIAS ARTICULAÇÕES)
AMPUTACAO DE PE,0415040035,DEBRIDAMENTO DE ULCERA / DE TECIDOS DESVITALIZADOS
AMPUTACAO DE PE,0506020045,TRATAMENTO DE INTERCORRÊNCIA PÓS-TRANSPLANTE DE ÓRGÃOS / CÉLULAS-TRONCO HEMATOPOÉTICAS
AMPUTACAO DE PODODACTILOS,0303010037,TRATAMENTO DE OUTRAS DOENÇAS BACTERIANAS
AMPUTACAO DE PODODACTILOS,0305010174,TRATAMENTO DE INTERCORRÊNCIA EM PACIENTE RENAL CRÔNICO SOB TRATAMENTO DIALÍTICO ( POR DIA)
AMPUTACAO DE PODODACTILOS,0408050012,AMPUTACAO / DESARTICULACAO DE MEMBROS INFERIORES
AMPUTACAO DE PODODACTILOS,0408050020,AMPUTACAO / DESARTICULACAO DE PE E TARSO
AMPUTACAO DE PODODACTILOS,0408060042,AMPUTAÇÃO / DESARTICULAÇÃO DE DEDO
AMPUTACAO DE PODODACTILOS,0415020034,OUTROS PROCEDIMENTOS COM CIRURGIAS SEQUENCIAIS
AMPUTACAO DE PODODACTILOS,0415040035,DEBRIDAMENTO DE ULCERA / DE TECIDOS DESVITALIZADOS
AMPUTACAO DE PODODACTILOS,0416090010,AMPUTAÇÃO / DESARTICULAÇÃO DE MEMBROS INFERIORES EM ONCOLOGIA
AMPUTACAO DE PODODACTILOS,0506020045,TRATAMENTO DE INTERCORRÊNCIA PÓS-TRANSPLANTE DE ÓRGÃOS / CÉLULAS-TRONCO HEMATOPOÉTICAS
AMPUTACAO DO ANTEBRACO,0408020024,AMPUTAÇÃO / DESARTICULAÇÃO DE MEMBROS SUPERIORES
AMPUTACAO INFRACONDILIANA,0408050012,AMPUTACAO / DESARTICULACAO DE MEMBROS INFERIORES
AMPUTACAO INFRACONDILIANA,0408050020,AMPUTACAO / DESARTICULACAO DE PE E TARSO
AMPUTACAO SUPRACONDILIANA,0305010174,TRATAMENTO DE INTERCORRÊNCIA EM PACIENTE RENAL CRÔNICO SOB TRATAMENTO DIALÍTICO ( POR DIA)
AMPUTACAO SUPRACONDILIANA,0403070171,TRATAMENTO DO ACIDENTE VASCULAR CEREBRAL ISQUÊMICO AGUDO COM TROMBECTOMIA MECÂNICA
AMPUTACAO SUPRACONDILIANA,0408050012,AMPUTACAO / DESARTICULACAO DE MEMBROS INFERIORES
AMPUTACAO SUPRACONDILIANA,0415020034,OUTROS PROCEDIMENTOS COM CIRURGIAS SEQUENCIAIS
AMPUTACAO SUPRACONDILIANA,0416090010,AMPUTAÇÃO / DESARTICULAÇÃO DE MEMBROS INFERIORES EM ONCOLOGIA
AMPUTACAO SUPRACONDILIANA,0506020045,TRATAMENTO DE INTERCORRÊNCIA PÓS-TRANSPLANTE DE ÓRGÃOS / CÉLULAS-TRONCO HEMATOPOÉTICAS
AMPUTACAO TRANSMETATARSIANA,0408050020,AMPUTACAO / DESARTICULACAO DE PE E TARSO
AMPUTACAO TRANSMETATARSIANA,0408060042,AMPUTAÇÃO / DESARTICULAÇÃO DE DEDO
AMPUTACAO TRANSMETATARSIANA,0415040035,DEBRIDAMENTO DE ULCERA / DE TECIDOS DESVITALIZADOS
ANASTOMOSE BILIO-DIGESTIVA,0407030018,ANASTOMOSE BILEO-DIGESTIVA
ANASTOMOSE BILIO-DIGESTIVA,0415020034,OUTROS PROCEDIMENTOS COM CIRURGIAS SEQUENCIAIS
ANASTOMOSE BILIO-DIGESTIVA,0416040209,LAPAROTOMIA EXPLORADORA COM RESSECÇÃO COMPLETA OU INCOMPLETA DO TUMOR EM ONCOLOGIA
ANASTOMOSE BILIO-DIGESTIVA,0416040233,COLECISTECTOMIA EM ONCOLOGIA
ANASTOMOSE BILIO-DIGESTIVA,0505020068,TRANSPLANTE DE FIGADO (ORGAO DE DOADOR VIVO)
ANASTOMOSE BILIO-DIGESTIVA,0506020096,TRATAMENTO DE INTERCORRENCIA PÓS TRANSPLANTE DE FIGADO- PÓS TRANSPLANTE CRÍTICO
ANASTOMOSE BILIO-DIGESTIVA:COLANGIOJEJUNO,0415020034,OUTROS PROCEDIMENTOS COM CIRURGIAS SEQUENCIAIS
ANASTOMOSE BILIO-DIGESTIVA:COLANGIOJEJUNO,0416040128,DUODENOPANCREATECTOMIA EM ONCOLOGIA
ANASTOMOSE BILIO-DIGESTIVA:COLEDOCOJEJUN,0505020050,TRANSPLANTE DE FIGADO (ORGAO DE DOADOR FALECIDO)
ANASTOMOSE BILIO-DIGESTIVA:HEPATOJEJUNOS,0415020034,OUTROS PROCEDIMENTOS COM CIRURGIAS SEQUENCIAIS
ANASTOMOSE PORTO-CAVA (DERIVACAO),0406020035,ANASTOMOSE PORTO-CAVA
ANASTOMOSE PORTO-CAVA (DERIVACAO),0506020096,TRATAMENTO DE INTERCORRENCIA PÓS TRANSPLANTE DE FIGADO- PÓS TRANSPLANTE CRÍTICO
ANASTOMOSE TERMINO TERMINAL DE LARINGE-TRAQUEIA,0412010100,TRAQUEOPLASTIA E/OU LARINGOTRAQUEOPLASTIA
ANASTOMOSE TERMINO TERMINAL DE LARINGE-TRAQUEIA,0415020034,OUTROS PROCEDIMENTOS COM CIRURGIAS SEQUENCIAIS
ANASTOMOSE TERMINO-TERMINAL DE ESOFAGO,0407010068,ESÔFAGO-COLONPLASTIA
ANASTOMOSE TERMINO-TERMINAL DE ESOFAGO,0415020034,OUTROS PROCEDIMENTOS COM CIRURGIAS SEQUENCIAIS
ANESTESIA GERAL ATOS CIRURG. EM DEF. FIS./MENTAL E CRIANCAS,0303110040,TRATAMENTO DE MALFORMACOES CONGENITAS DO APARELHO CIRCULATORIO
ANEURISMECTOMIA ABDOMINAL,0406020043,ANEURISMECTOMIA DE AORTA ABDOMINAL INFRA-RENAL
ANEURISMECTOMIA ABDOMINAL,0415020034,OUTROS PROCEDIMENTOS COM CIRURGIAS SEQUENCIAIS
ANEURISMECTOMIA DA AORTA TORACICA,0406010846,RECONSTRUÇÃO DA RAIZ DA AORTA C/ TUBO VALVADO
ANEURISMECTOMIA DA AORTA TORACICA,0406010986,TROCA DE AORTA ASCENDENTE
ANEURISMECTOMIA DA AORTA TORACICA,0415020034,OUTROS PROCEDIMENTOS COM CIRURGIAS SEQUENCIAIS
ANEURISMECTOMIA DO VENT ESQ ASSOC A CIRURG,0406010706,INFARTECTOMIA / ANEURISMECTOMIA ASSOCIADA OU NÃO A REVASCULARIZAÇÃO MIOCÁRDICA
ANEURISMECTOMIA DO VENT ESQ ASSOC A CIRURG,0406010714,INSTALAÇÃO DE ASSISTÊNCIA CIRCULATÓRIA
ANEURISMECTOMIA DO VENT ESQ ASSOC A CIRURG,0415020034,OUTROS PROCEDIMENTOS COM CIRURGIAS SEQUENCIAIS
ANEURISMECTOMIA PERIFERICA,0406020353,PONTE-TROMBOENDARTERECTOMIA AORTO-FEMURAL
ANEURISMECTOMIA PERIFERICA,0406040338,TRATAMENTO ENDOVASCULAR DO PSEUDOANEURISMA
ANEXECTOMIA,0415020034,OUTROS PROCEDIMENTOS COM CIRURGIAS SEQUENCIAIS
ANGIOPLASTIA CORONARIANA,0303060042,TRATAMENTO DE CARDIOPATIA ISQUEMICA CRONICA
ANGIOPLASTIA CORONARIANA,0406030014,ANGIOPLASTIA CORONARIANA
ANGIOPLASTIA CORONARIANA,0406030022,ANGIOPLASTIA CORONARIANA C/ IMPLANTE DE DOIS STENTS
ANGIOPLASTIA CORONARIANA,0406030030,ANGIOPLASTIA CORONARIANA COM IMPLANTE DE STENT
ANGIOPLASTIA CORONARIANA,0406030049,ANGIOPLASTIA CORONARIANA PRIMÁRIA
ANGIOPLASTIA CORONARIANA,0415020034,OUTROS PROCEDIMENTOS COM CIRURGIAS SEQUENCIAIS
ANGIOPLASTIA CORONARIANA COM IMPLANTE DE DUPLA PROTESE INTRALUMINAL ARTERIAL,0406030022,ANGIOPLASTIA CORONARIANA C/ IMPLANTE DE DOIS STENTS
ANGIOPLASTIA CORONARIANA COM IMPLANTE DE DUPLA PROTESE INTRALUMINAL ARTERIAL,0406030030,ANGIOPLASTIA CORONARIANA COM IMPLANTE DE STENT
ANGIOPLASTIA CORONARIANA COM IMPLANTE DE DUPLA PROTESE INTRALUMINAL ARTERIAL,0415020034,OUTROS PROCEDIMENTOS COM CIRURGIAS SEQUENCIAIS
ANGIOPLASTIA CORONARIANA COM IMPLANTE DE PROTESE INTRALUMINAL,0303060042,TRATAMENTO DE CARDIOPATIA ISQUEMICA CRONICA
ANGIOPLASTIA CORONARIANA COM IMPLANTE DE PROTESE INTRALUMINAL,0303060190,TRATAMENTO DE INFARTO AGUDO DO MIOCÁRDIO
ANGIOPLASTIA CORONARIANA COM IMPLANTE DE PROTESE INTRALUMINAL,0406030014,ANGIOPLASTIA CORONARIANA
ANGIOPLASTIA CORONARIANA COM IMPLANTE DE PROTESE INTRALUMINAL,0406030022,ANGIOPLASTIA CORONARIANA C/ IMPLANTE DE DOIS STENTS
ANGIOPLASTIA CORONARIANA COM IMPLANTE DE PROTESE INTRALUMINAL,0406030030,ANGIOPLASTIA CORONARIANA COM IMPLANTE DE STENT
ANGIOPLASTIA CORONARIANA COM IMPLANTE DE PROTESE INTRALUMINAL,0406030049,ANGIOPLASTIA CORONARIANA PRIMÁRIA
ANGIOPLASTIA CORONARIANA COM IMPLANTE DE PROTESE INTRALUMINAL,0406030073,ANGIOPLASTIA EM ENXERTO CORONARIANO (COM IMPLANTE DE STENT)
ANGIOPLASTIA CORONARIANA COM IMPLANTE DE PROTESE INTRALUMINAL,0415020034,OUTROS PROCEDIMENTOS COM CIRURGIAS SEQUENCIAIS
ANGIOPLASTIA CORONARIANA PRIMARIA (INCLUSO CATETERISMO),0303040149,TRATAMENTO DE ACIDENTE VASCULAR CEREBRAL - AVC (ISQUEMICO OU HEMORRAGICO AGUDO)
ANGIOPLASTIA CORONARIANA PRIMARIA (INCLUSO CATETERISMO),0303060042,TRATAMENTO DE CARDIOPATIA ISQUEMICA CRONICA
ANGIOPLASTIA CORONARIANA PRIMARIA (INCLUSO CATETERISMO),0303060190,TRATAMENTO DE INFARTO AGUDO DO MIOCÁRDIO
ANGIOPLASTIA CORONARIANA PRIMARIA (INCLUSO CATETERISMO),0303060212,TRATAMENTO DE INSUFICIENCIA CARDIACA
ANGIOPLASTIA CORONARIANA PRIMARIA (INCLUSO CATETERISMO),0303110040,TRATAMENTO DE MALFORMACOES CONGENITAS DO APARELHO CIRCULATORIO
ANGIOPLASTIA CORONARIANA PRIMARIA (INCLUSO CATETERISMO),0406010560,IMPLANTE DE CARDIOVERSOR DESFIBRILADOR DE CÂMARA ÚNICA TRANSVENOSO
ANGIOPLASTIA CORONARIANA PRIMARIA (INCLUSO CATETERISMO),0406010587,IMPLANTE DE CARDIOVERSOR DESFIBRILADOR DE CÃMARA DUPLA TRANSVENOSO
ANGIOPLASTIA CORONARIANA PRIMARIA (INCLUSO CATETERISMO),0406010935,REVASCULARIZAÇÃO MIOCÁRDICA C/ USO DE EXTRACÓRPOREA (C/ 2 OU MAIS ENXERTOS)
ANGIOPLASTIA CORONARIANA PRIMARIA (INCLUSO CATETERISMO),0406011206,TROCA VALVAR C/ REVASCULARIZAÇÃO MIOCÁRDICA
ANGIOPLASTIA CORONARIANA PRIMARIA (INCLUSO CATETERISMO),0406030014,ANGIOPLASTIA CORONARIANA
ANGIOPLASTIA CORONARIANA PRIMARIA (INCLUSO CATETERISMO),0406030022,ANGIOPLASTIA CORONARIANA C/ IMPLANTE DE DOIS STENTS
ANGIOPLASTIA CORONARIANA PRIMARIA (INCLUSO CATETERISMO),0406030030,ANGIOPLASTIA CORONARIANA COM IMPLANTE DE STENT
ANGIOPLASTIA CORONARIANA PRIMARIA (INCLUSO CATETERISMO),0406030049,ANGIOPLASTIA CORONARIANA PRIMÁRIA
ANGIOPLASTIA CORONARIANA PRIMARIA (INCLUSO CATETERISMO),0415020034,OUTROS PROCEDIMENTOS COM CIRURGIAS SEQUENCIAIS
ANGIOPLASTIA DA AORTA E RAMOS E VASOS VENOSOS COM CATETER BALAO,0406040044,"ANGIOPLASTIA INTRALUMINAL DE AORTA, VEIA CAVA / VASOS ILÍACOS (SEM STENT)"
"ANGIOPLASTIA DA AORTA, ARTERIA PULMONAR E RAMOS E VASOS VENOSOS COM CATETER BALAO, COM STENT AORTICO NÃO RECOBERTO",0406020124,EMBOLECTOMIA ARTERIAL
"ANGIOPLASTIA DA AORTA, ARTERIA PULMONAR E RAMOS E VASOS VENOSOS COM CATETER BALAO, COM STENT AORTICO NÃO RECOBERTO",0406030057,ANGIOPLASTIA COM IMPLANTE DE DUPLO STENT EM AORTA/ARTERIA PULMONAR E RAMOS
"ANGIOPLASTIA DA AORTA, ARTERIA PULMONAR E RAMOS E VASOS VENOSOS COM CATETER BALAO, COM STENT AORTICO NÃO RECOBERTO",0406040044,"ANGIOPLASTIA INTRALUMINAL DE AORTA, VEIA CAVA / VASOS ILÍACOS (SEM STENT)"
"ANGIOPLASTIA DA AORTA, ARTERIA PULMONAR E RAMOS E VASOS VENOSOS COM CATETER BALAO, COM STENT AORTICO NÃO RECOBERTO",0406040150,CORREÇÃO ENDOVASCULAR DE ANEURISMA / DISSECÇÃO DA AORTA ABDOMINAL COM ENDOPRÓTESE RETA / CÔNICA
ANGIOPLASTIA EM ENXERTOS CORONARIANO COM IMPLANTE DE PROTESE,0406030022,ANGIOPLASTIA CORONARIANA C/ IMPLANTE DE DOIS STENTS
ANGIOPLASTIA INTRALUMINAL COM STENT RECOBERTO,0406040028,"ANGIOPLASTIA INTRALUMINAL DE AORTA, VEIA CAVA / VASOS ILÍACOS (COM STENT)"
ANGIOPLASTIA INTRALUMINAL COM STENT RECOBERTO,0406040117,ANGIOPLASTIA INTRALUMINAL DE VASOS VISCERAIS COM STENT RECOBERTO
ANGIOPLASTIA INTRALUMINAL COM STENT RECOBERTO,0406040133,ANGIOPLASTIA INTRALUMINAL DOS VASOS DO PESCOÇO / TRONCOS SUPRA-AÓRTICOS (COM STENT RECOBERTO)
ANGIOPLASTIA INTRALUMINAL COM STENT RECOBERTO,0415020034,OUTROS PROCEDIMENTOS COM CIRURGIAS SEQUENCIAIS
"ANGIOPLASTIA INTRALUMINAL DA AORTA, VEIA CAVA OU VASOS ILIACOS COM STENT NÃO RECOBERTO",0305010174,TRATAMENTO DE INTERCORRÊNCIA EM PACIENTE RENAL CRÔNICO SOB TRATAMENTO DIALÍTICO ( POR DIA)
"ANGIOPLASTIA INTRALUMINAL DA AORTA, VEIA CAVA OU VASOS ILIACOS COM STENT NÃO RECOBERTO",0406040028,"ANGIOPLASTIA INTRALUMINAL DE AORTA, VEIA CAVA / VASOS ILÍACOS (COM STENT)"
"ANGIOPLASTIA INTRALUMINAL DA AORTA, VEIA CAVA OU VASOS ILIACOS COM STENT NÃO RECOBERTO",0406040044,"ANGIOPLASTIA INTRALUMINAL DE AORTA, VEIA CAVA / VASOS ILÍACOS (SEM STENT)"
"ANGIOPLASTIA INTRALUMINAL DA AORTA, VEIA CAVA OU VASOS ILIACOS COM STENT NÃO RECOBERTO",0406040133,ANGIOPLASTIA INTRALUMINAL DOS VASOS DO PESCOÇO / TRONCOS SUPRA-AÓRTICOS (COM STENT RECOBERTO)
"ANGIOPLASTIA INTRALUMINAL DA AORTA, VEIA CAVA OU VASOS ILIACOS COM STENT NÃO RECOBERTO",0406040281,RECONSTRUÇÃO DA BIFURCAÇÃO AORTO-ILÍACA COM ANGIOPLASTIA E STENTS
"ANGIOPLASTIA INTRALUMINAL DA AORTA, VEIA CAVA OU VASOS ILIACOS COM STENT NÃO RECOBERTO",0415020034,OUTROS PROCEDIMENTOS COM CIRURGIAS SEQUENCIAIS
"ANGIOPLASTIA INTRALUMINAL DA AORTA, VEIA CAVA OU VASOS ILIACOS COM STENT RECOBERTO",0406040028,"ANGIOPLASTIA INTRALUMINAL DE AORTA, VEIA CAVA / VASOS ILÍACOS (COM STENT)"
"ANGIOPLASTIA INTRALUMINAL DA AORTA, VEIA CAVA OU VASOS ILIACOS COM STENT RECOBERTO",0415020034,OUTROS PROCEDIMENTOS COM CIRURGIAS SEQUENCIAIS
"ANGIOPLASTIA INTRALUMINAL DA AORTA, VEIA CAVA OU VASOS ILIACOS SEM STENT",0406040044,"ANGIOPLASTIA INTRALUMINAL DE AORTA, VEIA CAVA / VASOS ILÍACOS (SEM STENT)"
"ANGIOPLASTIA INTRALUMINAL DA AORTA, VEIA CAVA OU VASOS ILIACOS SEM STENT",0415020034,OUTROS PROCEDIMENTOS COM CIRURGIAS SEQUENCIAIS
"ANGIOPLASTIA INTRALUMINAL DA AORTA, VEIA CAVA OU VASOS ILIACOS SEM STENT",0506020045,TRATAMENTO DE INTERCORRÊNCIA PÓS-TRANSPLANTE DE ÓRGÃOS / CÉLULAS-TRONCO HEMATOPOÉTICAS
"ANGIOPLASTIA INTRALUMINAL DA AORTA, VEIA CAVA OU VASOS ILIACOS SEM STENT",0506020096,TRATAMENTO DE INTERCORRENCIA PÓS TRANSPLANTE DE FIGADO- PÓS TRANSPLANTE CRÍTICO
ANGIOPLASTIA INTRALUMINAL DE VASOS VISCERAIS COM STENT NÃO RECOBERTO,0406040109,ANGIOPLASTIA INTRALUMINAL DE VASOS VISCERAIS COM STENT NÃO RECOBERTO
ANGIOPLASTIA INTRALUMINAL DE VASOS VISCERAIS COM STENT NÃO RECOBERTO,0406040117,ANGIOPLASTIA INTRALUMINAL DE VASOS VISCERAIS COM STENT RECOBERTO
ANGIOPLASTIA INTRALUMINAL DE VASOS VISCERAIS COM STENT NÃO RECOBERTO,0415020034,OUTROS PROCEDIMENTOS COM CIRURGIAS SEQUENCIAIS
ANGIOPLASTIA INTRALUMINAL DE VASOS VISCERAIS COM STENT NÃO RECOBERTO,0506020096,TRATAMENTO DE INTERCORRENCIA PÓS TRANSPLANTE DE FIGADO- PÓS TRANSPLANTE CRÍTICO
ANGIOPLASTIA INTRALUMINAL DE VASOS VISCERAIS OU RENAIS,0406040109,ANGIOPLASTIA INTRALUMINAL DE VASOS VISCERAIS COM STENT NÃO RECOBERTO
ANGIOPLASTIA INTRALUMINAL DE VASOS VISCERAIS OU RENAIS,0406040117,ANGIOPLASTIA INTRALUMINAL DE VASOS VISCERAIS COM STENT RECOBERTO
ANGIOPLASTIA INTRALUMINAL DE VASOS VISCERAIS OU RENAIS,0406040125,ANGIOPLASTIA INTRALUMINAL DE VASOS VISCERAIS / RENAIS
ANGIOPLASTIA INTRALUMINAL DE VASOS VISCERAIS OU RENAIS,0406040206,EMBOLIZAÇÃO DE MALFORMAÇÃO VASCULAR ARTÉRIO-VENOSA (INCLUI ESTUDO ANGIOGRÁFICO)
ANGIOPLASTIA INTRALUMINAL DE VASOS VISCERAIS OU RENAIS,0415020034,OUTROS PROCEDIMENTOS COM CIRURGIAS SEQUENCIAIS
ANGIOPLASTIA INTRALUMINAL DE VASOS VISCERAIS OU RENAIS,0506020045,TRATAMENTO DE INTERCORRÊNCIA PÓS-TRANSPLANTE DE ÓRGÃOS / CÉLULAS-TRONCO HEMATOPOÉTICAS
ANGIOPLASTIA INTRALUMINAL DOS VASOS DAS EXTREMIDADES (SEM STENT),0303060026,TRATAMENTO DE ARRITMIAS
ANGIOPLASTIA INTRALUMINAL DOS VASOS DAS EXTREMIDADES (SEM STENT),0401020100,EXTIRPAÇÃOE SUPRESSÃO DE LESÃO DE PELE E DE TECIDO CELULAR SUBCUTÂNEO
ANGIOPLASTIA INTRALUMINAL DOS VASOS DAS EXTREMIDADES (SEM STENT),0406020345,PONTE FEMORO-FEMURAL CRUZADA
ANGIOPLASTIA INTRALUMINAL DOS VASOS DAS EXTREMIDADES (SEM STENT),0406040028,"ANGIOPLASTIA INTRALUMINAL DE AORTA, VEIA CAVA / VASOS ILÍACOS (COM STENT)"
ANGIOPLASTIA INTRALUMINAL DOS VASOS DAS EXTREMIDADES (SEM STENT),0406040044,"ANGIOPLASTIA INTRALUMINAL DE AORTA, VEIA CAVA / VASOS ILÍACOS (SEM STENT)"
ANGIOPLASTIA INTRALUMINAL DOS VASOS DAS EXTREMIDADES (SEM STENT),0406040052,ANGIOPLASTIA INTRALUMINAL DE VASOS DAS EXTREMIDADES (SEM STENT)
ANGIOPLASTIA INTRALUMINAL DOS VASOS DAS EXTREMIDADES (SEM STENT),0415010012,TRATAMENTO C/ CIRURGIAS MULTIPLAS
ANGIOPLASTIA INTRALUMINAL DOS VASOS DAS EXTREMIDADES (SEM STENT),0415020034,OUTROS PROCEDIMENTOS COM CIRURGIAS SEQUENCIAIS
ANGIOPLASTIA INTRALUMINAL DOS VASOS DAS EXTREMIDADES COM STENT NÃO RECOBERTO,0303010037,TRATAMENTO DE OUTRAS DOENÇAS BACTERIANAS
ANGIOPLASTIA INTRALUMINAL DOS VASOS DAS EXTREMIDADES COM STENT NÃO RECOBERTO,0406020442,REVASCULARIZAÇÃO POR PONTE / TROMBOENDARTERECTOMIA FEMURO-POPLÍTEA DISTAL
ANGIOPLASTIA INTRALUMINAL DOS VASOS DAS EXTREMIDADES COM STENT NÃO RECOBERTO,0406040028,"ANGIOPLASTIA INTRALUMINAL DE AORTA, VEIA CAVA / VASOS ILÍACOS (COM STENT)"
ANGIOPLASTIA INTRALUMINAL DOS VASOS DAS EXTREMIDADES COM STENT NÃO RECOBERTO,0406040052,ANGIOPLASTIA INTRALUMINAL DE VASOS DAS EXTREMIDADES (SEM STENT)
ANGIOPLASTIA INTRALUMINAL DOS VASOS DAS EXTREMIDADES COM STENT NÃO RECOBERTO,0406040060,ANGIOPLASTIA INTRALUMINAL DE VASOS DAS EXTREMIDADES (COM STENT NÃO RECOBERTO)
ANGIOPLASTIA INTRALUMINAL DOS VASOS DAS EXTREMIDADES COM STENT NÃO RECOBERTO,0406040109,ANGIOPLASTIA INTRALUMINAL DE VASOS VISCERAIS COM STENT NÃO RECOBERTO
ANGIOPLASTIA INTRALUMINAL DOS VASOS DAS EXTREMIDADES COM STENT NÃO RECOBERTO,0406040230,FIBRINOLISE INTRAVASCULAR POR CATETER (INCLUI FIBRINOLÍTICO)
ANGIOPLASTIA INTRALUMINAL DOS VASOS DAS EXTREMIDADES COM STENT NÃO RECOBERTO,0415020034,OUTROS PROCEDIMENTOS COM CIRURGIAS SEQUENCIAIS
ANGIOPLASTIA INTRALUMINAL DOS VASOS DAS EXTREMIDADES COM STENT RECOBERTO,0406040028,"ANGIOPLASTIA INTRALUMINAL DE AORTA, VEIA CAVA / VASOS ILÍACOS (COM STENT)"
ANGIOPLASTIA INTRALUMINAL DOS VASOS DAS EXTREMIDADES COM STENT RECOBERTO,0406040052,ANGIOPLASTIA INTRALUMINAL DE VASOS DAS EXTREMIDADES (SEM STENT)
ANGIOPLASTIA INTRALUMINAL DOS VASOS DAS EXTREMIDADES COM STENT RECOBERTO,0406040133,ANGIOPLASTIA INTRALUMINAL DOS VASOS DO PESCOÇO / TRONCOS SUPRA-AÓRTICOS (COM STENT RECOBERTO)
ANGIOPLASTIA INTRALUMINAL DOS VASOS DO PESCOÇO OU TRONCOS SUPRAAORTICOS,0301060088,DIAGNOSTICO E/OU ATENDIMENTO DE URGENCIA EM CLINICA MEDICA
ANGIOPLASTIA INTRALUMINAL DOS VASOS DO PESCOÇO OU TRONCOS SUPRAAORTICOS,0403070015,ANGIOPLASTIA INTRACRANIANA EM VASO-ESPASMO
ANGIOPLASTIA INTRALUMINAL DOS VASOS DO PESCOÇO OU TRONCOS SUPRAAORTICOS,0406040044,"ANGIOPLASTIA INTRALUMINAL DE AORTA, VEIA CAVA / VASOS ILÍACOS (SEM STENT)"
ANGIOPLASTIA INTRALUMINAL DOS VASOS DO PESCOÇO OU TRONCOS SUPRAAORTICOS,0406040087,ANGIOPLASTIA INTRALUMINAL DE VASOS DO PESCOÇO / TRONCOS SUPRA-AÓRTICOS (SEM STENT)
ANGIOPLASTIA INTRALUMINAL DOS VASOS DO PESCOÇO OU TRONCOS SUPRAAORTICOS,0406040095,ANGIOPLASTIA INTRALUMINAL DE VASOS DO PESCOÇO OU TRONCOS SUPRA-AÓRTICOS (COM STENT NÃO RECOBERTO)
ANGIOPLASTIA INTRALUMINAL DOS VASOS DO PESCOÇO OU TRONCOS SUPRAAORTICOS,0415020034,OUTROS PROCEDIMENTOS COM CIRURGIAS SEQUENCIAIS
ANGIOPLASTIA INTRALUMINAL DOS VASOS DO PESCOÇO OU TRONCOS SUPRAAORTICOS COM STENT NÃO RECOBERTO,0406040087,ANGIOPLASTIA INTRALUMINAL DE VASOS DO PESCOÇO / TRONCOS SUPRA-AÓRTICOS (SEM STENT)
ANGIOPLASTIA INTRALUMINAL DOS VASOS DO PESCOÇO OU TRONCOS SUPRAAORTICOS COM STENT NÃO RECOBERTO,0406040095,ANGIOPLASTIA INTRALUMINAL DE VASOS DO PESCOÇO OU TRONCOS SUPRA-AÓRTICOS (COM STENT NÃO RECOBERTO)
ANGIOPLASTIA INTRALUMINAL DOS VASOS DO PESCOÇO OU TRONCOS SUPRAAORTICOS COM STENT NÃO RECOBERTO,0406040133,ANGIOPLASTIA INTRALUMINAL DOS VASOS DO PESCOÇO / TRONCOS SUPRA-AÓRTICOS (COM STENT RECOBERTO)
ANGIOPLASTIA INTRALUMINAL DOS VASOS DO PESCOÇO OU TRONCOS SUPRAAORTICOS COM STENT NÃO RECOBERTO,0406040338,TRATAMENTO ENDOVASCULAR DO PSEUDOANEURISMA
ANGIOPLASTIA INTRALUMINAL DOS VASOS DO PESCOÇO OU TRONCOS SUPRAAORTICOS COM STENT NÃO RECOBERTO,0415020034,OUTROS PROCEDIMENTOS COM CIRURGIAS SEQUENCIAIS
ANGIOPLASTIA TRANS-LUMINAL,0305010174,TRATAMENTO DE INTERCORRÊNCIA EM PACIENTE RENAL CRÔNICO SOB TRATAMENTO DIALÍTICO ( POR DIA)
ANGIOPLASTIA TRANS-LUMINAL,0406040044,"ANGIOPLASTIA INTRALUMINAL DE AORTA, VEIA CAVA / VASOS ILÍACOS (SEM STENT)"
ANGIOPLASTIA TRANS-LUMINAL,0406040117,ANGIOPLASTIA INTRALUMINAL DE VASOS VISCERAIS COM STENT RECOBERTO
ANGIOPLASTIA TRANS-LUMINAL,0415020034,OUTROS PROCEDIMENTOS COM CIRURGIAS SEQUENCIAIS
ANOPLASTIA,0401020100,EXTIRPAÇÃOE SUPRESSÃO DE LESÃO DE PELE E DE TECIDO CELULAR SUBCUTÂNEO
ANOPLASTIA,0407020322,PLÁSTICA ANAL EXTERNA / ESFINCTEROPLASTIA ANAL
ANOPLASTIA,0415010012,TRATAMENTO C/ CIRURGIAS MULTIPLAS
ANOPLASTIA,0415020050,PROCEDIMENTOS SEQUENCIAIS EM ONCOLOGIA
ANTRECTOMIA,0415020034,OUTROS PROCEDIMENTOS COM CIRURGIAS SEQUENCIAIS
APENDICECTOMIA,0407020039,APENDICECTOMIA
APENDICECTOMIA,0407020047,APENDICECTOMIA VIDEOLAPAROSCÓPICA
APENDICECTOMIA,0415020034,OUTROS PROCEDIMENTOS COM CIRURGIAS SEQUENCIAIS
APENDICECTOMIA,0416040209,LAPAROTOMIA EXPLORADORA COM RESSECÇÃO COMPLETA OU INCOMPLETA DO TUMOR EM ONCOLOGIA
APENDICECTOMIA VIDEOLAPAROSCOPICA,0303010037,TRATAMENTO DE OUTRAS DOENÇAS BACTERIANAS
APENDICECTOMIA VIDEOLAPAROSCOPICA,0407020039,APENDICECTOMIA
APENDICECTOMIA VIDEOLAPAROSCOPICA,0407020047,APENDICECTOMIA VIDEOLAPAROSCÓPICA
APENDICECTOMIA VIDEOLAPAROSCOPICA,0415010012,TRATAMENTO C/ CIRURGIAS MULTIPLAS
APENDICECTOMIA VIDEOLAPAROSCOPICA,0415020034,OUTROS PROCEDIMENTOS COM CIRURGIAS SEQUENCIAIS
ARTERIOGRAFIA CEREBRAL,0211050091,EXPLORACAO DIAGNOSTICA PELO VIDEO-ELETROENCEFALOGRAMA COM OU SEM USO DE ELETRODO DE PROFUNDIDADE
ARTERIOGRAFIA CEREBRAL,0303010037,TRATAMENTO DE OUTRAS DOENÇAS BACTERIANAS
ARTERIOGRAFIA CEREBRAL,0303040076,TRATAMENTO CONSERVADOR DA HEMORRAGIA CEREBRAL
ARTERIOGRAFIA CEREBRAL,0303040149,TRATAMENTO DE ACIDENTE VASCULAR CEREBRAL - AVC (ISQUEMICO OU HEMORRAGICO AGUDO)
ARTERIOGRAFIA CEREBRAL,0303060158,TRATAMENTO DE ENDOCARDITE INFECCIOSA EM PROTESE VALVAR
ARTERIOGRAFIA CEREBRAL,0303110040,TRATAMENTO DE MALFORMACOES CONGENITAS DO APARELHO CIRCULATORIO
ARTERIOGRAFIA CEREBRAL,0403010098,DERIVAÇÃO VENTRICULAR EXTERNAR-SUBGALEAL EXTERNA
ARTERIOGRAFIA CEREBRAL,0403070104,EMBOLIZAÇÃO DE MALFORMAÇÃO ARTERIO-VENOSA DURAL COMPLEXA DO SISTEMA NERVOSO CENTRAL
ARTERIOGRAFIA CEREBRAL,0406010650,IMPLANTE DE MARCAPASSO DE CÂMARA DUPLA TRANSVENOSO
ARTERIOGRAFIA CEREBRAL,0415020034,OUTROS PROCEDIMENTOS COM CIRURGIAS SEQUENCIAIS
ARTERIOGRAFIA CEREBRAL,0415020077,PROCEDIMENTOS SEQUENCIAIS EM NEUROCIRURGIA
ARTERIOGRAFIA DE CARÓTIDA DIREITA,0303040076,TRATAMENTO CONSERVADOR DA HEMORRAGIA CEREBRAL
ARTERIOGRAFIA DE CARÓTIDA DIREITA,0303110040,TRATAMENTO DE MALFORMACOES CONGENITAS DO APARELHO CIRCULATORIO
ARTERIOGRAFIA DE MEMBRO INFERIOR DIREITO,0303010037,TRATAMENTO DE OUTRAS DOENÇAS BACTERIANAS
ARTERIOGRAFIA DE MEMBRO INFERIOR DIREITO,0303060204,TRATAMENTO DE INSUFICIENCIA ARTERIAL C/ ISQUEMIA CRITICA
ARTERIOGRAFIA DE MEMBRO INFERIOR DIREITO,0303060212,TRATAMENTO DE INSUFICIENCIA CARDIACA
ARTERIOGRAFIA DE MEMBRO INFERIOR DIREITO,0303060301,TRATAMENTO DE VARIZES DOS MEMBROS INFERIORES C/ ULCERA
ARTERIOGRAFIA DE MEMBRO INFERIOR DIREITO,0406020388,PONTE-TROMBOENDARTERECTOMIA ILIACO-FEMURAL
ARTERIOGRAFIA DE MEMBRO INFERIOR DIREITO,0406020442,REVASCULARIZAÇÃO POR PONTE / TROMBOENDARTERECTOMIA FEMURO-POPLÍTEA DISTAL
ARTERIOGRAFIA DE MEMBRO INFERIOR DIREITO,0406020450,REVASCULARIZAÇÃO POR PONTE / TROMBOENDARTERECTOMIA FEMURO-POPLÍTEA PROXIMAL
ARTERIOGRAFIA DE MEMBRO INFERIOR DIREITO,0406020515,TRATAMENTO CIRÚRGICO DE LESÕES VASCULARES TRAUMÁTICAS DE MEMBRO INFERIOR UNILATERAL
ARTERIOGRAFIA DE MEMBRO INFERIOR DIREITO,0406030030,ANGIOPLASTIA CORONARIANA COM IMPLANTE DE STENT
ARTERIOGRAFIA DE MEMBRO INFERIOR DIREITO,0406030162,"IMPLANTE PERCUTÂNEO DE VÁLVULA AÓRTICA (TAVI), POR VIA TRANSFEMORAL"
ARTERIOGRAFIA DE MEMBRO INFERIOR DIREITO,0406040028,"ANGIOPLASTIA INTRALUMINAL DE AORTA, VEIA CAVA / VASOS ILÍACOS (COM STENT)"
ARTERIOGRAFIA DE MEMBRO INFERIOR DIREITO,0406040052,ANGIOPLASTIA INTRALUMINAL DE VASOS DAS EXTREMIDADES (SEM STENT)
ARTERIOGRAFIA DE MEMBRO INFERIOR DIREITO,0406040060,ANGIOPLASTIA INTRALUMINAL DE VASOS DAS EXTREMIDADES (COM STENT NÃO RECOBERTO)
ARTERIOGRAFIA DE MEMBRO INFERIOR DIREITO,0406040079,ANGIOPLASTIA INTRALUMINAL DE VASOS DAS EXTREMIDADES (COM STENT RECOBERTO)
ARTERIOGRAFIA DE MEMBRO INFERIOR DIREITO,0406040230,FIBRINOLISE INTRAVASCULAR POR CATETER (INCLUI FIBRINOLÍTICO)
ARTERIOGRAFIA DE MEMBRO INFERIOR DIREITO,0406040273,OCLUSÃO PERCUTÂNEA ENDOVASCULAR DE ARTÉRIA / VEIA
ARTERIOGRAFIA DE MEMBRO INFERIOR DIREITO,0408050012,AMPUTACAO / DESARTICULACAO DE MEMBROS INFERIORES
ARTERIOGRAFIA DE MEMBRO INFERIOR DIREITO,0408060042,AMPUTAÇÃO / DESARTICULAÇÃO DE DEDO
ARTERIOGRAFIA DE MEMBRO INFERIOR DIREITO,0409010090,CISTOSTOMIA
ARTERIOGRAFIA DE MEMBRO INFERIOR DIREITO,0415020034,OUTROS PROCEDIMENTOS COM CIRURGIAS SEQUENCIAIS
ARTERIOGRAFIA DE MEMBRO INFERIOR DIREITO,0415040035,DEBRIDAMENTO DE ULCERA / DE TECIDOS DESVITALIZADOS
ARTERIOGRAFIA DE MEMBRO INFERIOR DIREITO,0506020045,TRATAMENTO DE INTERCORRÊNCIA PÓS-TRANSPLANTE DE ÓRGÃOS / CÉLULAS-TRONCO HEMATOPOÉTICAS
ARTERIOGRAFIA DE MEMBRO INFERIOR ESQUERDO,0303010037,TRATAMENTO DE OUTRAS DOENÇAS BACTERIANAS
ARTERIOGRAFIA DE MEMBRO INFERIOR ESQUERDO,0303030038,TRATAMENTO DE DIABETES MELLITUS
ARTERIOGRAFIA DE MEMBRO INFERIOR ESQUERDO,0303040149,TRATAMENTO DE ACIDENTE VASCULAR CEREBRAL - AVC (ISQUEMICO OU HEMORRAGICO AGUDO)
ARTERIOGRAFIA DE MEMBRO INFERIOR ESQUERDO,0303060204,TRATAMENTO DE INSUFICIENCIA ARTERIAL C/ ISQUEMIA CRITICA
ARTERIOGRAFIA DE MEMBRO INFERIOR ESQUERDO,0303060212,TRATAMENTO DE INSUFICIENCIA CARDIACA
ARTERIOGRAFIA DE MEMBRO INFERIOR ESQUERDO,0303060247,TRATAMENTO DE OUTRAS VASCULOPATIAS
ARTERIOGRAFIA DE MEMBRO INFERIOR ESQUERDO,0303060298,TRATAMENTO DE TROMBOSE VENOSA PROFUNDA
ARTERIOGRAFIA DE MEMBRO INFERIOR ESQUERDO,0305010174,TRATAMENTO DE INTERCORRÊNCIA EM PACIENTE RENAL CRÔNICO SOB TRATAMENTO DIALÍTICO ( POR DIA)
ARTERIOGRAFIA DE MEMBRO INFERIOR ESQUERDO,0402010027,PARATIREOIDECTOMIA
ARTERIOGRAFIA DE MEMBRO INFERIOR ESQUERDO,0406020167,FASCIOTOMIA P/ DESCOMPRESSÃO
ARTERIOGRAFIA DE MEMBRO INFERIOR ESQUERDO,0406020353,PONTE-TROMBOENDARTERECTOMIA AORTO-FEMURAL
ARTERIOGRAFIA DE MEMBRO INFERIOR ESQUERDO,0406020388,PONTE-TROMBOENDARTERECTOMIA ILIACO-FEMURAL
ARTERIOGRAFIA DE MEMBRO INFERIOR ESQUERDO,0406020434,REVASCULARIZAÇÃO POR PONTE / TROMBOENDARTERECTOMIA DE OUTRAS ARTERIAS DISTAIS
ARTERIOGRAFIA DE MEMBRO INFERIOR ESQUERDO,0406020442,REVASCULARIZAÇÃO POR PONTE / TROMBOENDARTERECTOMIA FEMURO-POPLÍTEA DISTAL
ARTERIOGRAFIA DE MEMBRO INFERIOR ESQUERDO,0406020450,REVASCULARIZAÇÃO POR PONTE / TROMBOENDARTERECTOMIA FEMURO-POPLÍTEA PROXIMAL
ARTERIOGRAFIA DE MEMBRO INFERIOR ESQUERDO,0406040044,"ANGIOPLASTIA INTRALUMINAL DE AORTA, VEIA CAVA / VASOS ILÍACOS (SEM STENT)"
ARTERIOGRAFIA DE MEMBRO INFERIOR ESQUERDO,0406040052,ANGIOPLASTIA INTRALUMINAL DE VASOS DAS EXTREMIDADES (SEM STENT)
ARTERIOGRAFIA DE MEMBRO INFERIOR ESQUERDO,0406040079,ANGIOPLASTIA INTRALUMINAL DE VASOS DAS EXTREMIDADES (COM STENT RECOBERTO)
ARTERIOGRAFIA DE MEMBRO INFERIOR ESQUERDO,0406040230,FIBRINOLISE INTRAVASCULAR POR CATETER (INCLUI FIBRINOLÍTICO)
ARTERIOGRAFIA DE MEMBRO INFERIOR ESQUERDO,0406040273,OCLUSÃO PERCUTÂNEA ENDOVASCULAR DE ARTÉRIA / VEIA
ARTERIOGRAFIA DE MEMBRO INFERIOR ESQUERDO,0408050012,AMPUTACAO / DESARTICULACAO DE MEMBROS INFERIORES
ARTERIOGRAFIA DE MEMBRO INFERIOR ESQUERDO,0408050080,FASCIOTOMIA DE MEMBROS INFERIORES
ARTERIOGRAFIA DE MEMBRO INFERIOR ESQUERDO,0408060042,AMPUTAÇÃO / DESARTICULAÇÃO DE DEDO
ARTERIOGRAFIA DE MEMBRO INFERIOR ESQUERDO,0415020034,OUTROS PROCEDIMENTOS COM CIRURGIAS SEQUENCIAIS
ARTERIOGRAFIA DE MEMBRO INFERIOR ESQUERDO,0415040035,DEBRIDAMENTO DE ULCERA / DE TECIDOS DESVITALIZADOS
ARTERIOGRAFIA DE MEMBRO INFERIOR ESQUERDO,0506020045,TRATAMENTO DE INTERCORRÊNCIA PÓS-TRANSPLANTE DE ÓRGÃOS / CÉLULAS-TRONCO HEMATOPOÉTICAS
ARTERIOGRAFIA DE MEMBRO INFERIOR ESQUERDO,0506020096,TRATAMENTO DE INTERCORRENCIA PÓS TRANSPLANTE DE FIGADO- PÓS TRANSPLANTE CRÍTICO
ARTERIOGRAFIA DE MEMBRO SUPERIOR DIREITO,0303110040,TRATAMENTO DE MALFORMACOES CONGENITAS DO APARELHO CIRCULATORIO
ARTERIOGRAFIA DE MEMBRO SUPERIOR DIREITO,0406040060,ANGIOPLASTIA INTRALUMINAL DE VASOS DAS EXTREMIDADES (COM STENT NÃO RECOBERTO)
ARTERIOGRAFIA DE MEMBRO SUPERIOR DIREITO,0415020034,OUTROS PROCEDIMENTOS COM CIRURGIAS SEQUENCIAIS
ARTERIOGRAFIA DE MEMBRO SUPERIOR DIREITO,0506020045,TRATAMENTO DE INTERCORRÊNCIA PÓS-TRANSPLANTE DE ÓRGÃOS / CÉLULAS-TRONCO HEMATOPOÉTICAS
ARTERIOGRAFIA DE MEMBRO SUPERIOR ESQUERDO,0303060204,TRATAMENTO DE INSUFICIENCIA ARTERIAL C/ ISQUEMIA CRITICA
ARTERIOGRAFIA DE MEMBRO SUPERIOR ESQUERDO,0406040273,OCLUSÃO PERCUTÂNEA ENDOVASCULAR DE ARTÉRIA / VEIA
ARTERIOGRAFIA DE PULMÃO ESQUERDO,0303140062,TRATAMENTO DE CARDIOPATIA PULMONAR NAO ESPECIFICADA (COR PULMONALE)
ARTERIOGRAFIA DE PULMÃO ESQUERDO,0406030057,ANGIOPLASTIA COM IMPLANTE DE DUPLO STENT EM AORTA/ARTERIA PULMONAR E RAMOS
ARTERIOGRAFIA MEDULAR,0303040149,TRATAMENTO DE ACIDENTE VASCULAR CEREBRAL - AVC (ISQUEMICO OU HEMORRAGICO AGUDO)
ARTERIOGRAFIA PARA INVESTIGAÇÃO DE DOENÇA ATEROSCLEROTICA,0406040028,"ANGIOPLASTIA INTRALUMINAL DE AORTA, VEIA CAVA / VASOS ILÍACOS (COM STENT)"
ARTERIOGRAFIA PARA INVESTIGAÇÃO DE DOENÇA ATEROSCLEROTICA,0406040117,ANGIOPLASTIA INTRALUMINAL DE VASOS VISCERAIS COM STENT RECOBERTO
ARTERIOGRAFIA PARA INVESTIGAÇÃO DE DOENÇA ATEROSCLEROTICA,0406040150,CORREÇÃO ENDOVASCULAR DE ANEURISMA / DISSECÇÃO DA AORTA ABDOMINAL COM ENDOPRÓTESE RETA / CÔNICA
ARTERIOGRAFIA PARA INVESTIGAÇÃO DE DOENÇA ATEROSCLEROTICA,0415020034,OUTROS PROCEDIMENTOS COM CIRURGIAS SEQUENCIAIS
ARTERIOGRAFIA PARA INVESTIGAÇÃO DE HEMORRAGIA CEREBRAL,0303040149,TRATAMENTO DE ACIDENTE VASCULAR CEREBRAL - AVC (ISQUEMICO OU HEMORRAGICO AGUDO)
ARTERIOGRAFIA PARA INVESTIGAÇÃO DE HEMORRAGIA CEREBRAL,0403010098,DERIVAÇÃO VENTRICULAR EXTERNAR-SUBGALEAL EXTERNA
ARTERIOGRAFIA PARA INVESTIGAÇÃO DE HEMORRAGIA CEREBRAL,0403030064,HIPOFISECTOMIA TRANSESFENOIDAL POR TECNICA COMPLEMENTAR
ARTERIOGRAFIA PARA INVESTIGAÇÃO DE HEMORRAGIA CEREBRAL,0403070120,EMBOLIZAÇÃO DE MALFORMAÇÃO ARTERIO-VENOSA INTRAPARENQUIMATOSA DO SISTEMA NERVOSO CENTRAL
ARTERIOGRAFIA PARA INVESTIGAÇÃO DE HEMORRAGIA CEREBRAL,0415020077,PROCEDIMENTOS SEQUENCIAIS EM NEUROCIRURGIA
ARTERIOGRAFIA PARA INVESTIGAÇÃO DE ISQUEMIA CEREBRAL,0303040122,TRATAMENTO CONSERVADOR DE TUMOR DO SISTEMA NERVOSO CENTRAL
ARTERIOGRAFIA PARA INVESTIGAÇÃO DE ISQUEMIA CEREBRAL,0303040149,TRATAMENTO DE ACIDENTE VASCULAR CEREBRAL - AVC (ISQUEMICO OU HEMORRAGICO AGUDO)
ARTERIOGRAFIA PARA INVESTIGAÇÃO DE ISQUEMIA CEREBRAL,0403070058,"EMBOLIZAÇÃO DE ANEURISMA CEREBRAL MAIOR QUE 1,5 CM COM COLO LARGO"
ARTERIOGRAFIA SELETIVA,0301160023,REABILITAÇÃO EM FALÊNCIA INTESTINAL EM NÍVEL HOSPITALAR
ARTERIOGRAFIA SELETIVA,0303010037,TRATAMENTO DE OUTRAS DOENÇAS BACTERIANAS
ARTERIOGRAFIA SELETIVA,0303030062,TRATAMENTO DE TRANSTORNOS DE OUTRAS GLÂNDULAS ENDÓCRINAS
ARTERIOGRAFIA SELETIVA,0303040149,TRATAMENTO DE ACIDENTE VASCULAR CEREBRAL - AVC (ISQUEMICO OU HEMORRAGICO AGUDO)
ARTERIOGRAFIA SELETIVA,0303070064,TRATAMENTO DE DOENCAS DO ESOFAGO ESTOMAGO E DUODENO
ARTERIOGRAFIA SELETIVA,0303070072,TRATAMENTO DE DOENCAS DO FIGADO
ARTERIOGRAFIA SELETIVA,0303070129,TRATAMENTO DE TRANSTORNOS DAS VIAS BILIARES E PANCREAS
ARTERIOGRAFIA SELETIVA,0303150050,TRATAMENTO DE OUTRAS DOENCAS DO APARELHO URINARIO
ARTERIOGRAFIA SELETIVA,0304100021,TRATAMENTO CLÍNICO DE PACIENTE ONCOLÓGICO
ARTERIOGRAFIA SELETIVA,0305010174,TRATAMENTO DE INTERCORRÊNCIA EM PACIENTE RENAL CRÔNICO SOB TRATAMENTO DIALÍTICO ( POR DIA)
ARTERIOGRAFIA SELETIVA,0305020056,TRATAMENTO DA DOENÇA RENAL CRÔNICA - DRC
ARTERIOGRAFIA SELETIVA,0406010803,
ARTERIOGRAFIA SELETIVA,0406030103,RETIRADA DE CORPO ESTRANHO DE SISTEMA CARDIOVASCULAR POR TÉCNICAS HEMODINÂMICAS
ARTERIOGRAFIA SELETIVA,0406040010,ALCOOLIZAÇÃO PERCUTÂNEA DE HEMANGIOMA E MALFORMAÇÃO VENOSAS (INCLUI ESTUDO ANGIOGRAFICO)
ARTERIOGRAFIA SELETIVA,0406040044,"ANGIOPLASTIA INTRALUMINAL DE AORTA, VEIA CAVA / VASOS ILÍACOS (SEM STENT)"
ARTERIOGRAFIA SELETIVA,0406040109,ANGIOPLASTIA INTRALUMINAL DE VASOS VISCERAIS COM STENT NÃO RECOBERTO
ARTERIOGRAFIA SELETIVA,0406040125,ANGIOPLASTIA INTRALUMINAL DE VASOS VISCERAIS / RENAIS
ARTERIOGRAFIA SELETIVA,0406040303,TRATAMENTO DE HEMATURIA OU SANGRAMENTO GENITAL POR EMBOLIZAÇÃO (INCLUI ESTUDO ANGIOGRÁFICO E/OU ENDOSCÓPICO)
ARTERIOGRAFIA SELETIVA,0506020045,TRATAMENTO DE INTERCORRÊNCIA PÓS-TRANSPLANTE DE ÓRGÃOS / CÉLULAS-TRONCO HEMATOPOÉTICAS
ARTERIOGRAFIA SELETIVA,0506020053,TRATAMENTO DE INTERCORRÊNCIA PÓS-TRANSPLANTE DE RIM - PÓS TRANSPLANTE CRÍTICO
ARTERIOGRAFIA SELETIVA DE CAROTIDA,0303040149,TRATAMENTO DE ACIDENTE VASCULAR CEREBRAL - AVC (ISQUEMICO OU HEMORRAGICO AGUDO)
ARTERIOGRAFIA SELETIVA DE CAROTIDA,0415020034,OUTROS PROCEDIMENTOS COM CIRURGIAS SEQUENCIAIS
ARTERIOGRAFIA VERTEBRAL,0303040149,TRATAMENTO DE ACIDENTE VASCULAR CEREBRAL - AVC (ISQUEMICO OU HEMORRAGICO AGUDO)
ARTERIOGRAFIA VISCERAL,0303030062,TRATAMENTO DE TRANSTORNOS DE OUTRAS GLÂNDULAS ENDÓCRINAS
ARTERIOGRAFIA VISCERAL,0303060018,TRATAMENTO DE ANEURISMA DA AORTA
ARTERIOGRAFIA VISCERAL,0303070072,TRATAMENTO DE DOENCAS DO FIGADO
ARTERIOGRAFIA VISCERAL,0303070102,TRATAMENTO DE OUTRAS DOENCAS DO APARELHO DIGESTIVO
ARTERIOGRAFIA VISCERAL,0303070110,TRATAMENTO DE OUTRAS DOENCAS DO INTESTINO
ARTERIOGRAFIA VISCERAL,0406040117,ANGIOPLASTIA INTRALUMINAL DE VASOS VISCERAIS COM STENT RECOBERTO
ARTERIOGRAFIA VISCERAL,0406040125,ANGIOPLASTIA INTRALUMINAL DE VASOS VISCERAIS / RENAIS
ARTERIOGRAFIA VISCERAL,0406040338,TRATAMENTO ENDOVASCULAR DO PSEUDOANEURISMA
ARTERIOGRAFIA VISCERAL,0415020034,OUTROS PROCEDIMENTOS COM CIRURGIAS SEQUENCIAIS
ARTERIOGRAFIA VISCERAL,0416040195,QUIMIOEMBOLIZAÇÃO DE CARCINOMA HEPÁTICO
ARTERIOGRAFIA VISCERAL,0506020096,
ARTERIORRAFIA,0406020442,REVASCULARIZAÇÃO POR PONTE / TROMBOENDARTERECTOMIA FEMURO-POPLÍTEA DISTAL
ARTERIORRAFIA,0406020515,TRATAMENTO CIRÚRGICO DE LESÕES VASCULARES TRAUMÁTICAS DE MEMBRO INFERIOR UNILATERAL
ARTERIORRAFIA,0406040052,ANGIOPLASTIA INTRALUMINAL DE VASOS DAS EXTREMIDADES (SEM STENT)
ARTERIORRAFIA,0406040338,TRATAMENTO ENDOVASCULAR DO PSEUDOANEURISMA
ARTROCENTESE,0404020569,ARTROPLASTIA DA ARTICULAÇÃO TÊMPORO-MANDIBULAR (RECIDIVANTE OU NÃO)
ARTROCENTESE DE JOELHO,0201010321,BIOPSIA DE OSSO / CARTILAGEM DE MEMBRO INFERIOR (POR AGULHA / CEU ABERTO)
ARTRODESE CERVICAL ANTERIOR,0408030062,ARTRODESE CERVICAL ANTERIOR TRÊS NIVEIS
ARTRODESE CERVICAL ANTERIOR,0408030070,ARTRODESE CERVICAL ANTERIOR DOIS NÍVEIS
ARTRODESE CERVICAL ANTERIOR,0408030119,ARTRODESE CERVICAL ANTERIOR UM NÍVEL
ARTRODESE CERVICAL ANTERIOR,0408030917,ARTRODESE CERVICAL / CERVICO TORÁCICA POSTERIOR QUATRO NÍVEIS
ARTRODESE CERVICAL ANTERIOR,0415020069,PROCEDIMENTOS SEQUENCIAIS EM ORTOPEDIA
ARTRODESE CERVICAL ANTERIOR,0415020077,PROCEDIMENTOS SEQUENCIAIS EM NEUROCIRURGIA
ARTRODESE CERVICAL POSTERIOR,0408030011,ARTRODESE CERVICAL / CERVICO TORÁCICA POSTERIOR CINCO NIVEIS
ARTRODESE CERVICAL POSTERIOR,0408030038,ARTRODESE CERVICAL / CERVICO-TORÁCICA POSTERIOR DOIS NÍVEIS
ARTRODESE CERVICAL POSTERIOR,0408030046,ARTRODESE CERVICAL / CERVICO-TORÁCICA POSTERIOR SEIS NÍVEIS
ARTRODESE CERVICAL POSTERIOR,0408030917,ARTRODESE CERVICAL / CERVICO TORÁCICA POSTERIOR QUATRO NÍVEIS
ARTRODESE CERVICAL POSTERIOR,0415020069,PROCEDIMENTOS SEQUENCIAIS EM ORTOPEDIA
ARTRODESE DE PUNHO,0408020032,ARTRODESE DE MÉDIAS / GRANDES ARTICULAÇÕES DE MEMBRO SUPERIOR
ARTRODESE DO TORNOZELO,0408050039,ARTRODESE DE MEDIAS / GRANDES ARTICULAÇÕES DE MEMBRO INFERIOR
ARTRODESE DO TORNOZELO,0408060590,TRATAMENTO CIRÚRGICO DE FRATURA VICIOSAMENTE CONSOLIDADA DOS OSSOS LONGOS EXCETO DA MÃO E DO PÉ
ARTRODESE INTER-FALANGEANA,0408060050,ARTRODESE DE PEQUENAS ARTICULAÇÕES
ARTRODESE INTER-FALANGEANA,0408060573,TRATAMENTO CIRÚRGICO DE DEDO EM MARTELO / EM GARRA (MÃO E PÉ)
ARTRODESE METACARPO FALANGEANA,0408060050,ARTRODESE DE PEQUENAS ARTICULAÇÕES
ARTRODESE METATARSO-FALANGEANA OU INTERFA,0408060050,ARTRODESE DE PEQUENAS ARTICULAÇÕES
ARTRODESE METATARSO-FALANGEANA OU INTERFA,0408060182,OSTEOTOMIA DE OSSOS DA MÃO E/OU DO PÉ
ARTRODESE METATARSO-FALANGEANA OU INTERFA,0415020069,PROCEDIMENTOS SEQUENCIAIS EM ORTOPEDIA
ARTRODESE OCCIPITO CERVICAL,0408030011,ARTRODESE CERVICAL / CERVICO TORÁCICA POSTERIOR CINCO NIVEIS
ARTRODESE OCCIPITO CERVICAL,0408030020,ARTRODESE CERVICAL / CERVICO-TORÁCICA POSTERIOR UM NÍVEL
ARTRODESE OCCIPITO CERVICAL,0415020069,PROCEDIMENTOS SEQUENCIAIS EM ORTOPEDIA
ARTRODESE TALAR,0408050039,ARTRODESE DE MEDIAS / GRANDES ARTICULAÇÕES DE MEMBRO INFERIOR
ARTRODESE TIBIO-TARSICA,0408050039,ARTRODESE DE MEDIAS / GRANDES ARTICULAÇÕES DE MEMBRO INFERIOR
ARTRODESE TÓRACO-LOMBAR VIA ANTERIOR,0408030143,ARTRODESE INTERSOMATICA VIA POSTERIOR / POSTERO-LATERAL DOIS NÍVEIS
ARTRODESE TÓRACO-LOMBAR VIA ANTERIOR,0415020069,PROCEDIMENTOS SEQUENCIAIS EM ORTOPEDIA
ARTRODESE TÓRACO-LOMBAR VIA POSTERIOR,0408030135,ARTRODESE INTERSOMATICA VIA POSTERIOR / POSTERO-LATERAL UM NÍVEL
ARTRODESE TÓRACO-LOMBAR VIA POSTERIOR,0408030143,ARTRODESE INTERSOMATICA VIA POSTERIOR / POSTERO-LATERAL DOIS NÍVEIS
ARTRODESE TÓRACO-LOMBAR VIA POSTERIOR,0408030151,ARTRODESE INTERSOMATICA VIA POSTERIOR / POSTERO-LATERAL QUATRO NÍVEIS
ARTRODESE TÓRACO-LOMBAR VIA POSTERIOR,0408030267,ARTRODESE TORACO-LOMBO-SACRA POSTERIOR UM NÍVEL
ARTRODESE TÓRACO-LOMBAR VIA POSTERIOR,0408030275,ARTRODESE TORACO-LOMBO-SACRA POSTERIOR TRÊS NIVEIS
ARTRODESE TÓRACO-LOMBAR VIA POSTERIOR,0408030283,ARTRODESE TORACO-LOMBO-SACRA POSTERIOR CINCO NÍVEIS
ARTRODESE TÓRACO-LOMBAR VIA POSTERIOR,0408030291,"ARTRODESE TORACO-LOMBO-SACRA POSTERIOR, DOIS NÍVEIS,"
ARTRODESE TÓRACO-LOMBAR VIA POSTERIOR,0408030305,"ARTRODESE TORACO-LOMBO-SACRA POSTERIOR, QUATRO NÍVEIS,"
ARTRODESE TÓRACO-LOMBAR VIA POSTERIOR,0408030313,"ARTRODESE TORACO-LOMBO-SACRA POSTERIOR, SEIS NÍVEIS,"
ARTRODESE TÓRACO-LOMBAR VIA POSTERIOR,0408030321,"ARTRODESE TORACO-LOMBO-SACRA POSTERIOR, SETE NIVEIS,"
ARTRODESE TÓRACO-LOMBAR VIA POSTERIOR,0408030607,RETIRADA DE CORPO ESTRANHO DA COLUNA TORACO-LOMBO-SACRA POR VIA POSTERIOR
ARTRODESE TÓRACO-LOMBAR VIA POSTERIOR,0408030631,REVISÃO DE ARTRODESE / TRATAMENTO CIRÚRGICO DE PSEUDARTROSE DA COLUNA TORACO-LOMBO-SACRA POSTERIOR
ARTRODESE TÓRACO-LOMBAR VIA POSTERIOR,0415020069,PROCEDIMENTOS SEQUENCIAIS EM ORTOPEDIA
ARTRODESE TÓRACO-LOMBAR VIA POSTERIOR,0415020077,PROCEDIMENTOS SEQUENCIAIS EM NEUROCIRURGIA
ARTROPLASTIA COXO-FEMURAL,0408040050,ARTROPLASTIA PARCIAL DE QUADRIL
ARTROPLASTIA COXO-FEMURAL,0408040068,ARTROPLASTIA TOTAL DE CONVERSÃO DO QUADRIL
ARTROPLASTIA COXO-FEMURAL,0408040092,ARTROPLASTIA TOTAL PRIMARIA DO QUADRIL NÃO CIMENTADA / HÍBRIDA
ARTROPLASTIA COXO-FEMURAL,0408050489,TRATAMENTO CIRURGICO DE FRATURA / LESAO FISARIA PROXIMAL (COLO) DO FEMUR (SINTESE)
ARTROPLASTIA COXO-FEMURAL,0408060069,ARTROPLASTIA DE RESSECÇÃO DE MÉDIA / GRANDE ARTICULAÇÃO
ARTROPLASTIA COXO-FEMURAL,0415010012,TRATAMENTO C/ CIRURGIAS MULTIPLAS
ARTROPLASTIA COXO-FEMURAL,0415020069,PROCEDIMENTOS SEQUENCIAIS EM ORTOPEDIA
ARTROPLASTIA COXOFEMURAL COM PRÓTESE,0408040041,ARTROPLASTIA DE QUADRIL (NÃO CONVENCIONAL)
ARTROPLASTIA COXOFEMURAL COM PRÓTESE,0408040050,ARTROPLASTIA PARCIAL DE QUADRIL
ARTROPLASTIA COXOFEMURAL COM PRÓTESE,0408040076,ARTROPLASTIA DE REVISÃO OU RECONSTRUÇÃO DO QUADRIL
ARTROPLASTIA COXOFEMURAL COM PRÓTESE,0408040092,ARTROPLASTIA TOTAL PRIMARIA DO QUADRIL NÃO CIMENTADA / HÍBRIDA
ARTROPLASTIA COXOFEMURAL COM PRÓTESE,0415020069,PROCEDIMENTOS SEQUENCIAIS EM ORTOPEDIA
ARTROPLASTIA COXOFEMURAL COM PRÓTESE,0506020045,TRATAMENTO DE INTERCORRÊNCIA PÓS-TRANSPLANTE DE ÓRGÃOS / CÉLULAS-TRONCO HEMATOPOÉTICAS
ARTROPLASTIA DA ESCAPULO-UMERAL,0408010045,ARTROPLASTIA ESCAPULO-UMERAL PARCIAL
ARTROPLASTIA DA ESCAPULO-UMERAL,0408010053,ARTROPLASTIA ESCAPULO-UMERAL TOTAL
ARTROPLASTIA DO COTOVELO,0408020059,ARTROPLASTIA DE CABEÇA DO RÁDIO
ARTROPLASTIA DO COTOVELO,0408020075,ARTROPLASTIA TOTAL DE COTOVELO
ARTROPLASTIA DO COTOVELO,0408020547,TRATAMENTO CIRÚRGICO DE LUXAÇÃO OU FRATURA-LUXAÇÃO DO COTOVELO
ARTROPLASTIA PARCIAL DO JOELHO (COM IMPLANTE),0408050071,ARTROPLASTIA UNICOMPARTIMENTAL PRIMÁRIA DO JOELHO
ARTROPLASTIA TOTAL DO JOELHO (COM IMPLANTE),0408050063,ARTROPLASTIA TOTAL PRIMÁRIA DO JOELHO
ARTROPLASTIA TOTAL DO JOELHO (COM IMPLANTE),0415020069,PROCEDIMENTOS SEQUENCIAIS EM ORTOPEDIA
ARTRORRISE DO TORNOZELO,0408050039,ARTRODESE DE MEDIAS / GRANDES ARTICULAÇÕES DE MEMBRO INFERIOR
ARTROSCOPIA,0301060070,DIAGNOSTICO E/OU ATENDIMENTO DE URGENCIA EM CLINICA CIRURGICA
ARTROSCOPIA,0408050160,RECONSTRUÇÃOLIGAMENTAR INTRA-ARTICULAR DO JOELHO (CRUZADO ANTERIOR)
ARTROSCOPIA,0408060123,EXPLORAÇÃO ARTICULAR C/ OU S/ SINOVECTOMIA DE MÉDIAS / GRANDES ARTICULAÇÕES
ARTROSCOPIA,0408060212,RESSECÇÃO DE CISTO SINOVIAL
ARTROSCOPIA,0408060379,RETIRADA DE PLACA E/OU PARAFUSOS
ARTROSCOPIA,0408060557,TRATAMENTO CIRÚRGICO DE ARTRITE INFECCIOSA (GRANDES E MÉDIAS ARTICULAÇÕES)
ARTROSCOPIA,0415020069,PROCEDIMENTOS SEQUENCIAIS EM ORTOPEDIA
ARTROSCOPIA,0415040035,DEBRIDAMENTO DE ULCERA / DE TECIDOS DESVITALIZADOS
ARTROTOMIA COXO-FEMURAL,0408060123,EXPLORAÇÃO ARTICULAR C/ OU S/ SINOVECTOMIA DE MÉDIAS / GRANDES ARTICULAÇÕES
ARTROTOMIA DE JOELHO,0408060158,MANIPULAÇÃO ARTICULAR
ARTROTOMIA DE TORNOZELO,0408060131,EXPLORAÇÃO ARTICULAR C/ OU S/ SINOVECTOMIA DE PEQUENAS ARTICULAÇÕES
ARTROTOMIA DE TORNOZELO,0506020096,TRATAMENTO DE INTERCORRENCIA PÓS TRANSPLANTE DE FIGADO- PÓS TRANSPLANTE CRÍTICO
ARTROTOMIA DO OMBRO,0303010037,TRATAMENTO DE OUTRAS DOENÇAS BACTERIANAS
ATRESIA DE ESOFAGO,0407010084,ESOFAGOPLASTIA / GASTROPLASTIA
ATRESIA DE ESOFAGO,0415020034,OUTROS PROCEDIMENTOS COM CIRURGIAS SEQUENCIAIS
BARTOLINECTOMIA,0409070157,EXERESE DE GLÂNDULA DE BARTHOLIN / SKENE
BIOPSIA ARTERIA,0308040015,TRATAMENTO DE COMPLICACOES DE PROCEDIMENTOS CIRURGICOS OU CLINICOS
BIOPSIA CERVICAL,0303010037,TRATAMENTO DE OUTRAS DOENÇAS BACTERIANAS
BIOPSIA CERVICAL,0303020032,TRATAMENTO DE ANEMIA APLASTICA E OUTRAS ANEMIAS
BIOPSIA CERVICAL,0303040149,TRATAMENTO DE ACIDENTE VASCULAR CEREBRAL - AVC (ISQUEMICO OU HEMORRAGICO AGUDO)
BIOPSIA CERVICAL,0303060220,TRATAMENTO DE LINFADENITES INESPECIFICAS
BIOPSIA CERVICAL,0303060271,TRATAMENTO DE PERICARDITE
BIOPSIA CERVICAL,0304080039,INTERNAÇÃO P/ QUIMIOTERAPIA DE LEUCEMIAS AGUDAS / CRÔNICAS AGUDIZADAS
BIOPSIA CERVICAL,0304100013,TRATAMENTO DE INTERCORRÊNCIAS CLÍNICAS DE PACIENTE ONCOLÓGICO
BIOPSIA CERVICAL,0304100021,TRATAMENTO CLÍNICO DE PACIENTE ONCOLÓGICO
BIOPSIA CERVICAL,0308040015,TRATAMENTO DE COMPLICACOES DE PROCEDIMENTOS CIRURGICOS OU CLINICOS
BIOPSIA CERVICAL,0406020078,IMPLANTAÇÃO DE CATETER DE LONGA PERMANÊNCIA SEMI OU TOTALMENTE IMPLANTAVEL (PROCEDIMENTO PRINCIPAL)
BIOPSIA CERVICAL,0406020159,EXERESE DE GANGLIO LINFÁTICO
BIOPSIA CERVICAL,0406020248,LINFADENECTOMIA RADICAL CERVICAL UNILATERAL
BIOPSIA CERVICAL,0416020160,LINFADENECTOMIA RADICAL MODIFICADA CERVICAL UNILATERAL EM ONCOLOGIA
BIOPSIA CERVICAL,0506020045,TRATAMENTO DE INTERCORRÊNCIA PÓS-TRANSPLANTE DE ÓRGÃOS / CÉLULAS-TRONCO HEMATOPOÉTICAS
BIOPSIA CERVICAL,0506020096,TRATAMENTO DE INTERCORRENCIA PÓS TRANSPLANTE DE FIGADO- PÓS TRANSPLANTE CRÍTICO
BIOPSIA CIRURGICA DE OSSO DA MAO,0201010330,BIOPSIA DE OSSO / CARTILAGEM DE MEMBRO SUPERIOR (POR AGULHA / CEU ABERTO)
BIOPSIA CIRURGICA DE OSSO DO PE,0201010321,BIOPSIA DE OSSO / CARTILAGEM DE MEMBRO INFERIOR (POR AGULHA / CEU ABERTO)
BIOPSIA CIRURGICA DE OSSO DO PE,0303010037,TRATAMENTO DE OUTRAS DOENÇAS BACTERIANAS
BIOPSIA CIRURGICA DE OSSO DO PE,0415040035,DEBRIDAMENTO DE ULCERA / DE TECIDOS DESVITALIZADOS
BIOPSIA CRISTA ILIACA,0304100013,TRATAMENTO DE INTERCORRÊNCIAS CLÍNICAS DE PACIENTE ONCOLÓGICO
BIOPSIA DE ARTICULACAO COXO-FEMURAL,0303010037,TRATAMENTO DE OUTRAS DOENÇAS BACTERIANAS
BIOPSIA DE ARTICULACAO SACRO-ILIACA,0201010313,BIOPSIA DE OSSO / CARTILAGEM DA CINTURA PELVICA (POR AGULHA / CEU ABERTO)
BIOPSIA DE ARTICULACAO SACRO-ILIACA,0303010037,TRATAMENTO DE OUTRAS DOENÇAS BACTERIANAS
BIOPSIA DE BOCA,0304100013,TRATAMENTO DE INTERCORRÊNCIAS CLÍNICAS DE PACIENTE ONCOLÓGICO
BIOPSIA DE BOCA,0416030351,RESSECÇÃO DE LESÃO MALIGNA DE MUCOSA BUCAL EM ONCOLOGIA
BIOPSIA DE COLO UTERINO,0304100021,TRATAMENTO CLÍNICO DE PACIENTE ONCOLÓGICO
BIOPSIA DE COLO UTERINO,0305020013,TRATAMENTO DA PIELONEFRITE
BIOPSIA DE COLO UTERINO,0416060013,AMPUTACAO CONICA DO COLO DO UTERO EM ONCOLOGIA
BIOPSIA DE COSTELA OU ESTERNO,0304100021,TRATAMENTO CLÍNICO DE PACIENTE ONCOLÓGICO
BIOPSIA DE ESCAPULO-UMERAL,0407030255,COLANGIOPANCREATOGRAFIA RETRÓGRADA ENDOSCÓPICA TERAPÊUTICA
BIOPSIA DE FEMUR,0201010321,BIOPSIA DE OSSO / CARTILAGEM DE MEMBRO INFERIOR (POR AGULHA / CEU ABERTO)
BIOPSIA DE FEMUR,0303010037,TRATAMENTO DE OUTRAS DOENÇAS BACTERIANAS
BIOPSIA DE FIGADO COM LAPAROTOMIA,0407040170,LAPAROTOMIA VIDEOLAPAROSCÓPICA PARA DRENAGEM E/OU BIÓPSIA
BIOPSIA DE FIGADO POR ASPIRACAO OU PUNCAO,0201010208,BIOPSIA DE FIGADO EM CUNHA / FRAGMENTO
BIOPSIA DE FIGADO POR ASPIRACAO OU PUNCAO,0303010037,TRATAMENTO DE OUTRAS DOENÇAS BACTERIANAS
BIOPSIA DE FIGADO POR ASPIRACAO OU PUNCAO,0303070072,TRATAMENTO DE DOENCAS DO FIGADO
BIOPSIA DE FIGADO POR ASPIRACAO OU PUNCAO,0407010360,GASTRECTOMIA VERTICAL EM MANGA (SLEEVE)
BIOPSIA DE FIGADO POR ASPIRACAO OU PUNCAO,0505020050,TRANSPLANTE DE FIGADO (ORGAO DE DOADOR FALECIDO)
BIOPSIA DE FIGADO POR ASPIRACAO OU PUNCAO,0505020068,TRANSPLANTE DE FIGADO (ORGAO DE DOADOR VIVO)
BIOPSIA DE FIGADO POR ASPIRACAO OU PUNCAO,0506020045,TRATAMENTO DE INTERCORRÊNCIA PÓS-TRANSPLANTE DE ÓRGÃOS / CÉLULAS-TRONCO HEMATOPOÉTICAS
BIOPSIA DE FIGADO POR ASPIRACAO OU PUNCAO,0506020096,TRATAMENTO DE INTERCORRENCIA PÓS TRANSPLANTE DE FIGADO- PÓS TRANSPLANTE CRÍTICO
BIOPSIA DE GLANDULA SALIVAR,0303010037,TRATAMENTO DE OUTRAS DOENÇAS BACTERIANAS
BIOPSIA DE ISQUIO,0305020013,TRATAMENTO DA PIELONEFRITE
BIOPSIA DE JOELHO,0201010321,BIOPSIA DE OSSO / CARTILAGEM DE MEMBRO INFERIOR (POR AGULHA / CEU ABERTO)
BIOPSIA DE JOELHO,0304100013,TRATAMENTO DE INTERCORRÊNCIAS CLÍNICAS DE PACIENTE ONCOLÓGICO
BIOPSIA DE LESAO ANAL,0303010037,TRATAMENTO DE OUTRAS DOENÇAS BACTERIANAS
BIOPSIA DE LESAO ANAL,0303070110,TRATAMENTO DE OUTRAS DOENCAS DO INTESTINO
BIOPSIA DE LESAO ANAL,0304100021,TRATAMENTO CLÍNICO DE PACIENTE ONCOLÓGICO
BIOPSIA DE LESAO ANAL,0407020101,COLOSTOMIA
BIOPSIA DE LESAO ANAL,0407020276,FISTULECTOMIA / FISTULOTOMIA ANAL
BIOPSIA DE LESAO ANAL,0416050050,EXCISÃO LOCAL DE TUMOR DO RETO EM ONCOLOGIA
BIOPSIA DE LINFONODOS,0303010037,TRATAMENTO DE OUTRAS DOENÇAS BACTERIANAS
BIOPSIA DE LINFONODOS,0303020067,TRATAMENTO DE DEFEITOS DA COAGULACAO PURPURA E OUTRAS AFECCOES HEMORRAGICAS
BIOPSIA DE LINFONODOS,0303020083,TRATAMENTO DE OUTRAS DOENÇAS DO SANGUE E DOS ÓRGÃOS HEMATOPOIÉTICOS
BIOPSIA DE LINFONODOS,0303040149,TRATAMENTO DE ACIDENTE VASCULAR CEREBRAL - AVC (ISQUEMICO OU HEMORRAGICO AGUDO)
BIOPSIA DE LINFONODOS,0303040220,TRATAMENTO DE ESCLEROSE GENERALIZADA PROGRESSIVA
BIOPSIA DE LINFONODOS,0303040297,TRATAMENTO DE PROCESSO TOXI-INFECCIOSO DO CEREBRO OU DA MEDULA ESPINHAL
BIOPSIA DE LINFONODOS,0303060220,TRATAMENTO DE LINFADENITES INESPECIFICAS
BIOPSIA DE LINFONODOS,0303090316,TRATAMENTO DAS POLIARTROPATIAS INFLAMATORIAS
BIOPSIA DE LINFONODOS,0303140119,TRATAMENTO DE OUTRAS DOENCAS DA PLEURA
BIOPSIA DE LINFONODOS,0303140151,TRATAMENTO DE PNEUMONIAS OU INFLUENZA (GRIPE)
BIOPSIA DE LINFONODOS,0303170166,TRATAMENTO CLÍNICO DE TRANSTORNOS MENTAIS E COMPORTAMENTAIS DEVIDO AO USO DE ÁLCOOL
BIOPSIA DE LINFONODOS,0303180013,TRATAMENTO DE AFECÇÕES ASSOCIADAS AO HIV/AIDS
BIOPSIA DE LINFONODOS,0304080039,INTERNAÇÃO P/ QUIMIOTERAPIA DE LEUCEMIAS AGUDAS / CRÔNICAS AGUDIZADAS
BIOPSIA DE LINFONODOS,0304100013,TRATAMENTO DE INTERCORRÊNCIAS CLÍNICAS DE PACIENTE ONCOLÓGICO
BIOPSIA DE LINFONODOS,0304100021,TRATAMENTO CLÍNICO DE PACIENTE ONCOLÓGICO
BIOPSIA DE LINFONODOS,0305010174,TRATAMENTO DE INTERCORRÊNCIA EM PACIENTE RENAL CRÔNICO SOB TRATAMENTO DIALÍTICO ( POR DIA)
BIOPSIA DE LINFONODOS,0305020056,TRATAMENTO DA DOENÇA RENAL CRÔNICA - DRC
BIOPSIA DE LINFONODOS,0406020159,EXERESE DE GANGLIO LINFÁTICO
BIOPSIA DE LINFONODOS,0412040166,TORACOSTOMIA COM DRENAGEM PLEURAL FECHADA
BIOPSIA DE LINFONODOS,0415020034,OUTROS PROCEDIMENTOS COM CIRURGIAS SEQUENCIAIS
BIOPSIA DE LINFONODOS,0416020208,LINFADENECTOMIA SUPRACLAVICULAR UNILATERAL EM ONCOLOGIA
BIOPSIA DE LINFONODOS,0416020232,LINFADENECTOMIA INGUINAL UNILATERAL EM ONCOLOGIA
BIOPSIA DE LINFONODOS,0416040330,LAPARATOMIA EXPLORADORA VIDEOLAPAROSCÓPICA EM ONCOLOGIA
BIOPSIA DE LINFONODOS,0506020045,TRATAMENTO DE INTERCORRÊNCIA PÓS-TRANSPLANTE DE ÓRGÃOS / CÉLULAS-TRONCO HEMATOPOÉTICAS
BIOPSIA DE MANDIBULA,0304100021,TRATAMENTO CLÍNICO DE PACIENTE ONCOLÓGICO
BIOPSIA DE MANDIBULA,0415010012,TRATAMENTO C/ CIRURGIAS MULTIPLAS
BIOPSIA DE MEDULA OSSEA,0201010321,BIOPSIA DE OSSO / CARTILAGEM DE MEMBRO INFERIOR (POR AGULHA / CEU ABERTO)
BIOPSIA DE MEDULA OSSEA,0303010037,TRATAMENTO DE OUTRAS DOENÇAS BACTERIANAS
BIOPSIA DE MEDULA OSSEA,0303010142,TRATAMENTO DE INFECÇÕES VIRAIS DO SISTEMA NERVOSO CENTRAL
BIOPSIA DE MEDULA OSSEA,0303020032,TRATAMENTO DE ANEMIA APLASTICA E OUTRAS ANEMIAS
BIOPSIA DE MEDULA OSSEA,0303020040,TRATAMENTO DE ANEMIA HEMOLITICA
BIOPSIA DE MEDULA OSSEA,0303020067,TRATAMENTO DE DEFEITOS DA COAGULACAO PURPURA E OUTRAS AFECCOES HEMORRAGICAS
BIOPSIA DE MEDULA OSSEA,0303020083,TRATAMENTO DE OUTRAS DOENÇAS DO SANGUE E DOS ÓRGÃOS HEMATOPOIÉTICOS
BIOPSIA DE MEDULA OSSEA,0303030062,TRATAMENTO DE TRANSTORNOS DE OUTRAS GLÂNDULAS ENDÓCRINAS
BIOPSIA DE MEDULA OSSEA,0303040106,TRATAMENTO CONSERVADOR DE TRAUMATISMO CRANIOENCEFALICO GRAVE
BIOPSIA DE MEDULA OSSEA,0303040149,TRATAMENTO DE ACIDENTE VASCULAR CEREBRAL - AVC (ISQUEMICO OU HEMORRAGICO AGUDO)
BIOPSIA DE MEDULA OSSEA,0303040165,TRATAMENTO DE CRISES EPILÉTICAS NÃO CONTROLADAS
BIOPSIA DE MEDULA OSSEA,0303040220,TRATAMENTO DE ESCLEROSE GENERALIZADA PROGRESSIVA
BIOPSIA DE MEDULA OSSEA,0303040297,TRATAMENTO DE PROCESSO TOXI-INFECCIOSO DO CEREBRO OU DA MEDULA ESPINHAL
BIOPSIA DE MEDULA OSSEA,0303060212,TRATAMENTO DE INSUFICIENCIA CARDIACA
BIOPSIA DE MEDULA OSSEA,0303070072,TRATAMENTO DE DOENCAS DO FIGADO
BIOPSIA DE MEDULA OSSEA,0303070102,TRATAMENTO DE OUTRAS DOENCAS DO APARELHO DIGESTIVO
BIOPSIA DE MEDULA OSSEA,0303070129,TRATAMENTO DE TRANSTORNOS DAS VIAS BILIARES E PANCREAS
BIOPSIA DE MEDULA OSSEA,0303080051,TRATAMENTO DE DERMATITES E ECZEMAS
BIOPSIA DE MEDULA OSSEA,0303090316,TRATAMENTO DAS POLIARTROPATIAS INFLAMATORIAS
BIOPSIA DE MEDULA OSSEA,0303140151,TRATAMENTO DE PNEUMONIAS OU INFLUENZA (GRIPE)
BIOPSIA DE MEDULA OSSEA,0303170158,"TRATAMENTO CLÍNICO PARA AVALIAÇÃO DIAGNÓSTICA E ADEQUAÇÃO TERAPÊUTICA, INCLUINDO NECESSIDADES DE SAÚDE DECORRENTES DO USO DE ÁLCOOL E OUTRAS DROGAS"
BIOPSIA DE MEDULA OSSEA,0303170166,TRATAMENTO CLÍNICO DE TRANSTORNOS MENTAIS E COMPORTAMENTAIS DEVIDO AO USO DE ÁLCOOL
BIOPSIA DE MEDULA OSSEA,0303180013,TRATAMENTO DE AFECÇÕES ASSOCIADAS AO HIV/AIDS
BIOPSIA DE MEDULA OSSEA,0304080020,INTERNAÇÃO P/ QUIMIOTERAPIA DE ADMINISTRAÇÃO CONTÍNUA
BIOPSIA DE MEDULA OSSEA,0304080039,INTERNAÇÃO P/ QUIMIOTERAPIA DE LEUCEMIAS AGUDAS / CRÔNICAS AGUDIZADAS
BIOPSIA DE MEDULA OSSEA,0304100013,TRATAMENTO DE INTERCORRÊNCIAS CLÍNICAS DE PACIENTE ONCOLÓGICO
BIOPSIA DE MEDULA OSSEA,0304100021,TRATAMENTO CLÍNICO DE PACIENTE ONCOLÓGICO
BIOPSIA DE MEDULA OSSEA,0305010174,TRATAMENTO DE INTERCORRÊNCIA EM PACIENTE RENAL CRÔNICO SOB TRATAMENTO DIALÍTICO ( POR DIA)
BIOPSIA DE MEDULA OSSEA,0305020048,TRATAMENTO DE INSUFICIÊNCIA RENAL AGUDA
BIOPSIA DE MEDULA OSSEA,0305020056,TRATAMENTO DA DOENÇA RENAL CRÔNICA - DRC
BIOPSIA DE MEDULA OSSEA,0403010314,TRATAMENTO CIRURGICO DE HEMATOMA SUBDURAL CRONICO
BIOPSIA DE MEDULA OSSEA,0403030064,HIPOFISECTOMIA TRANSESFENOIDAL POR TECNICA COMPLEMENTAR
BIOPSIA DE MEDULA OSSEA,0404020771,RESSECÇÃO DE LESÃO DA BOCA
BIOPSIA DE MEDULA OSSEA,0406010692,IMPLANTE DE PRÓTESE VALVAR
BIOPSIA DE MEDULA OSSEA,0406020078,IMPLANTAÇÃO DE CATETER DE LONGA PERMANÊNCIA SEMI OU TOTALMENTE IMPLANTAVEL (PROCEDIMENTO PRINCIPAL)
BIOPSIA DE MEDULA OSSEA,0408060069,ARTROPLASTIA DE RESSECÇÃO DE MÉDIA / GRANDE ARTICULAÇÃO
BIOPSIA DE MEDULA OSSEA,0409010170,INSTALAÇÃO ENDOSCÓPICA DE CATETER DUPLO J
BIOPSIA DE MEDULA OSSEA,0409050083,POSTECTOMIA
BIOPSIA DE MEDULA OSSEA,0412040166,TORACOSTOMIA COM DRENAGEM PLEURAL FECHADA
BIOPSIA DE MEDULA OSSEA,0415020077,PROCEDIMENTOS SEQUENCIAIS EM NEUROCIRURGIA
BIOPSIA DE MEDULA OSSEA,0416020232,LINFADENECTOMIA INGUINAL UNILATERAL EM ONCOLOGIA
BIOPSIA DE MEDULA OSSEA,0416110053,TORACOTOMIA/MEDIASTINOSTOMIA EXPLORADORA COM RESSECÇÃO COMPLETA OU INCOMPLETA DO TUMOR INTRATORÁCICO EM ONCOLOGIA
BIOPSIA DE MEDULA OSSEA,0505010011,TRANSPLANTE ALOGÊNICO DE CÉLULAS-TRONCO HEMATOPOÉTICAS DE MEDULA ÓSSEA - APARENTADO
BIOPSIA DE MEDULA OSSEA,0505010020,TRANSPLANTE ALOGÊNICO DE CÉLULAS-TRONCO HEMATOPOÉTICAS DE MEDULA ÓSSEA - NÃO APARENTADO
BIOPSIA DE MEDULA OSSEA,0505010054,TRANSPLANTE ALOGÊNICO DE CÉLULAS-TRONCO HEMATOPOÉTICAS DE SANGUE PERIFÉRICO - APARENTADO
BIOPSIA DE MEDULA OSSEA,0506020010,INTERCORRENCIA POS TRANSPLANTE ALOGÊNICO DE CELULAS-TRONCO HEMATOPOÉTICAS - NAO APARENTADO (HOSPITAL DIA)
BIOPSIA DE MEDULA OSSEA,0506020037,TRATAMENTO DE INTERCORRENCIA POS-TRANSPLANTE ALOGENICO DE CELULAS-TRONCO HEMATOPOETICAS DE APARENTADO (HOSPITAL DIA)
BIOPSIA DE MEDULA OSSEA,0506020045,TRATAMENTO DE INTERCORRÊNCIA PÓS-TRANSPLANTE DE ÓRGÃOS / CÉLULAS-TRONCO HEMATOPOÉTICAS
BIOPSIA DE MEDULA OSSEA,0506020096,TRATAMENTO DE INTERCORRENCIA PÓS TRANSPLANTE DE FIGADO- PÓS TRANSPLANTE CRÍTICO
BIOPSIA DE MEDULA OSSEA,0506020100,TRATAMENTO DE INTERCORRENCIA PÓS TRANSPLANTE ALOGÊNICO DE CÉLULAS-TRONCO HEMATOPOÉTICAS- PÓS TRANSPLANTE CRÍTICO
BIOPSIA DE NARIZ,0404010121,"EXÉRESE DE TUMOR DE VIAS AEREAS SUPERIORES, FACE E PESCOÇO"
BIOPSIA DE ORGAO E TECIDO,0201010305,BIOPSIA DE OSSO / CARTILAGEM DA CINTURA ESCAPULAR (POR AGULHA / CEU ABERTO)
BIOPSIA DE ORGAO E TECIDO,0201010330,BIOPSIA DE OSSO / CARTILAGEM DE MEMBRO SUPERIOR (POR AGULHA / CEU ABERTO)
BIOPSIA DE ORGAO E TECIDO,0401020053,EXCISÃO E SUTURA DE LESAO NA PELE C/ PLÁSTICA EM Z OU ROTAÇÃO DE RETALHO
BIOPSIA DE ORGAO E TECIDO,0416040330,LAPARATOMIA EXPLORADORA VIDEOLAPAROSCÓPICA EM ONCOLOGIA
BIOPSIA DE OSSO AO ANTEBRACO,0201010330,BIOPSIA DE OSSO / CARTILAGEM DE MEMBRO SUPERIOR (POR AGULHA / CEU ABERTO)
BIOPSIA DE OSSO(S) DA PERNA,0201010321,BIOPSIA DE OSSO / CARTILAGEM DE MEMBRO INFERIOR (POR AGULHA / CEU ABERTO)
BIOPSIA DE OSSO(S) DA PERNA,0506020100,TRATAMENTO DE INTERCORRENCIA PÓS TRANSPLANTE ALOGÊNICO DE CÉLULAS-TRONCO HEMATOPOÉTICAS- PÓS TRANSPLANTE CRÍTICO
BIOPSIA DE PALPEBRA/SUP,0303050136,TRATAMENTO CLÍNICO DE INTERCORRÊNCIAS OFTALMOLÓGICAS
BIOPSIA DE PALPEBRA/SUP,0303050144,TRATAMENTO CLÍNICO DE INTERCORRÊNCIAS OFTALMOLÓGICAS DE ORIGEM INFECCIOSA
BIOPSIA DE PAREDE ABDOMINAL,0407040170,LAPAROTOMIA VIDEOLAPAROSCÓPICA PARA DRENAGEM E/OU BIÓPSIA
BIOPSIA DE PELE,0303030046,TRATAMENTO DE DISTURBIOS METABOLICOS
BIOPSIA DE PELE,0303110015,TRATAMENTO DAS MALFORMACOES E DEFORMIDADES CONGENITAS DO SISTEMA OSTEOMUSCULAR
BIOPSIA DE PELE,0304100021,TRATAMENTO CLÍNICO DE PACIENTE ONCOLÓGICO
BIOPSIA DE PELE,0305020056,TRATAMENTO DA DOENÇA RENAL CRÔNICA - DRC
BIOPSIA DE PELE,0401020100,EXTIRPAÇÃOE SUPRESSÃO DE LESÃO DE PELE E DE TECIDO CELULAR SUBCUTÂNEO
BIOPSIA DE PELE,0412040174,TORACOTOMIA EXPLORADORA
BIOPSIA DE PENIS,0409050083,POSTECTOMIA
BIOPSIA DE PENIS,0506020045,TRATAMENTO DE INTERCORRÊNCIA PÓS-TRANSPLANTE DE ÓRGÃOS / CÉLULAS-TRONCO HEMATOPOÉTICAS
BIOPSIA DE PLEURA COM AGULHA,0201010402,BIOPSIA DE PLEURA (POR ASPIRAÇÃO/AGULHA / PLEUROSCOPIA)
BIOPSIA DE PLEURA COM AGULHA,0303010215,TRATAMENTO DE TUBERCULOSE (A15 A A19)
BIOPSIA DE PLEURA COM AGULHA,0412040166,TORACOSTOMIA COM DRENAGEM PLEURAL FECHADA
BIOPSIA DE PLEURA COM AGULHA,0415020034,OUTROS PROCEDIMENTOS COM CIRURGIAS SEQUENCIAIS
BIOPSIA DE PROSTATA,0303010037,TRATAMENTO DE OUTRAS DOENÇAS BACTERIANAS
BIOPSIA DE PROSTATA,0303040149,TRATAMENTO DE ACIDENTE VASCULAR CEREBRAL - AVC (ISQUEMICO OU HEMORRAGICO AGUDO)
BIOPSIA DE PROSTATA,0303140151,TRATAMENTO DE PNEUMONIAS OU INFLUENZA (GRIPE)
BIOPSIA DE PROSTATA,0304100013,TRATAMENTO DE INTERCORRÊNCIAS CLÍNICAS DE PACIENTE ONCOLÓGICO
BIOPSIA DE PROSTATA,0304100021,TRATAMENTO CLÍNICO DE PACIENTE ONCOLÓGICO
BIOPSIA DE PROSTATA,0305020056,TRATAMENTO DA DOENÇA RENAL CRÔNICA - DRC
BIOPSIA DE PROSTATA,0409010170,INSTALAÇÃO ENDOSCÓPICA DE CATETER DUPLO J
BIOPSIA DE PROSTATA,0409030023,PROSTATECTOMIA SUPRAPÚBICA
BIOPSIA DE PROSTATA,0415020034,OUTROS PROCEDIMENTOS COM CIRURGIAS SEQUENCIAIS
BIOPSIA DE PROSTATA,0416010172,RESSECÇÃO ENDOSCÓPICA DE TUMOR VESICAL EM ONCOLOGIA
BIOPSIA DE PULMAO,0303060140,TRATAMENTO DE EMBOLIA PULMONAR
BIOPSIA DE PULMAO A CEU ABERTO,0412050102,"RESSECÇÃO EM CUNHA, TUMORECTOMIA / BIOPSIA DE PULMAO A CEU ABERTO"
BIOPSIA DE PULMAO A CEU ABERTO,0416110070,RESSECÇAO PULMONAR EM CUNHA EM ONCOLOGIA
BIOPSIA DE RETO,0303010037,TRATAMENTO DE OUTRAS DOENÇAS BACTERIANAS
BIOPSIA DE RETO,0303020040,TRATAMENTO DE ANEMIA HEMOLITICA
BIOPSIA DE RETO,0303070110,TRATAMENTO DE OUTRAS DOENCAS DO INTESTINO
BIOPSIA DE RETO,0303110112,TRATAMENTO DE OUTRAS MALFORMACOES CONGENITAS DO APARELHO DIGESTIVO
BIOPSIA DE RETO,0407020225,EXCISÃO DE LESÃO / TUMOR ANU-RETAL
BIOPSIA DE RINOFARINGE,0303170140,TRATAMENTO CLÍNICO PARA CONTENÇÃO DE COMPORTAMENTO DESORGANIZADO E/OU DISRUPTIVO
BIOPSIA DE RINOFARINGE,0404010415,TURBINECTOMIA
BIOPSIA DE TUMOR MEDIASTINAL,0303010037,TRATAMENTO DE OUTRAS DOENÇAS BACTERIANAS
BIOPSIA DE UMERO,0201010330,BIOPSIA DE OSSO / CARTILAGEM DE MEMBRO SUPERIOR (POR AGULHA / CEU ABERTO)
BIOPSIA DE VAGINA,0201010267,BIOPSIA DE LESAO DE PARTES MOLES (POR AGULHA / CEU ABERTO)
BIOPSIA DE VAGINA,0409010294,NEFROSTOMIA PERCUTÂNEA
BIOPSIA DE VULVA,0201010267,BIOPSIA DE LESAO DE PARTES MOLES (POR AGULHA / CEU ABERTO)
BIOPSIA DE VULVA,0416060102,VULVECTOMIA PARCIAL EM ONCOLOGIA
BIOPSIA ENDOMIOCARDICA,0201010143,BIOPSIA DE ENDOCARDIO / MIOCARDIO
BIOPSIA ENDOMIOCARDICA,0303060212,TRATAMENTO DE INSUFICIENCIA CARDIACA
BIOPSIA ENDOMIOCARDICA,0505020041,TRANSPLANTE DE CORACAO
BIOPSIA ENDOMIOCARDICA,0506020045,TRATAMENTO DE INTERCORRÊNCIA PÓS-TRANSPLANTE DE ÓRGÃOS / CÉLULAS-TRONCO HEMATOPOÉTICAS
BIOPSIA ENDOMIOCARDICA,0506020061,TRATAMENTO DE INTERCORRENCIA PÓS TRANSPLANTE DE CORAÇÃO- PÓS TRANSPLANTE CRÍTICO
BIOPSIA INCISIONAL DE ADENOMEGALIA,0406020159,EXERESE DE GANGLIO LINFÁTICO
BIOPSIA RENAL POR PUNCAO,0303010037,TRATAMENTO DE OUTRAS DOENÇAS BACTERIANAS
BIOPSIA RENAL POR PUNCAO,0303150025,TRATAMENTO DE DOENCAS GLOMERULARES
BIOPSIA RENAL POR PUNCAO,0305020048,TRATAMENTO DE INSUFICIÊNCIA RENAL AGUDA
BIOPSIA RENAL POR PUNCAO,0305020056,TRATAMENTO DA DOENÇA RENAL CRÔNICA - DRC
BIOPSIA RENAL POR PUNCAO,0408060042,AMPUTAÇÃO / DESARTICULAÇÃO DE DEDO
BIOPSIA RENAL POR PUNCAO,0506020045,TRATAMENTO DE INTERCORRÊNCIA PÓS-TRANSPLANTE DE ÓRGÃOS / CÉLULAS-TRONCO HEMATOPOÉTICAS
BIOPSIA TUMOR EXTRA OCULAR,0201010267,BIOPSIA DE LESAO DE PARTES MOLES (POR AGULHA / CEU ABERTO)
BIOPSIA TUMOR EXTRA OCULAR,0405040148,ORBITOTOMIA
BIOPSIA TUMOR EXTRA OCULAR,0506020045,TRATAMENTO DE INTERCORRÊNCIA PÓS-TRANSPLANTE DE ÓRGÃOS / CÉLULAS-TRONCO HEMATOPOÉTICAS
BIÓPSIA CEREBRAL,0201010534,BIOPSIA ESTEREOTAXICA
BIÓPSIA CEREBRAL,0401020100,EXTIRPAÇÃOE SUPRESSÃO DE LESÃO DE PELE E DE TECIDO CELULAR SUBCUTÂNEO
BIÓPSIA CEREBRAL,0403030013,CRANIOTOMIA PARA BIOPSIA ENCEFÁLICA
BIÓPSIA CEREBRAL,0403030021,CRANIOTOMIA PARA BIOPSIA ENCEFALICA (COM TÉCNICA COMPLEMENTAR)
BIÓPSIA CEREBRAL,0403050162,TRATAMENTO ABLATIVO POR ESTEREOTAXIA EM ESTRUTURA PROFUNDA DE SNC PARA TRATATAMENTO DE MOVIMENTOS ANORMAIS OU CONTROLE DA DOR
BIÓPSIA CEREBRAL,0415020077,PROCEDIMENTOS SEQUENCIAIS EM NEUROCIRURGIA
BLEFAROPLASTIA,0405040202,TRATAMENTO DE PTOSE PALPEBRAL
BLOQUEIO ANALGESICO,0303040068,TRATAMENTO CONSERVADOR DA DOR REBELDE DE ORIGEM CENTRAL OU NEOPLÁSICA
BLOQUEIO ANALGESICO,0303070102,TRATAMENTO DE OUTRAS DOENCAS DO APARELHO DIGESTIVO
BLOQUEIO ANALGESICO,0303170140,TRATAMENTO CLÍNICO PARA CONTENÇÃO DE COMPORTAMENTO DESORGANIZADO E/OU DISRUPTIVO
BLOQUEIO ANALGESICO,0304100013,TRATAMENTO DE INTERCORRÊNCIAS CLÍNICAS DE PACIENTE ONCOLÓGICO
BLOQUEIO ANALGESICO,0308040015,TRATAMENTO DE COMPLICACOES DE PROCEDIMENTOS CIRURGICOS OU CLINICOS
BLOQUEIO ANALGESICO,0403050030,BLOQUEIOS PROLONGADOS DE SISTEMA NERVOSO PERIFÉRICO / CENTRAL COM BOMBA DE INFUSÃO
BLOQUEIO ANALGESICO,0407040110,HERNIOPLASTIA RECIDIVANTE
BLOQUEIO ANALGESICO,0408050020,AMPUTACAO / DESARTICULACAO DE PE E TARSO
BLOQUEIO ANALGESICO,0506020045,TRATAMENTO DE INTERCORRÊNCIA PÓS-TRANSPLANTE DE ÓRGÃOS / CÉLULAS-TRONCO HEMATOPOÉTICAS
BRONCOSCOPIA,0303010037,TRATAMENTO DE OUTRAS DOENÇAS BACTERIANAS
BRONCOSCOPIA,0303040149,TRATAMENTO DE ACIDENTE VASCULAR CEREBRAL - AVC (ISQUEMICO OU HEMORRAGICO AGUDO)
BRONCOSCOPIA,0303140046,TRATAMENTO DAS DOENCAS CRONICAS DAS VIAS AEREAS INFERIORES
BRONCOSCOPIA,0303140135,TRATAMENTO DE OUTRAS DOENCAS DO APARELHO RESPIRATORIO
BRONCOSCOPIA,0303140151,TRATAMENTO DE PNEUMONIAS OU INFLUENZA (GRIPE)
BRONCOSCOPIA,0304100013,TRATAMENTO DE INTERCORRÊNCIAS CLÍNICAS DE PACIENTE ONCOLÓGICO
BRONCOSCOPIA,0304100021,TRATAMENTO CLÍNICO DE PACIENTE ONCOLÓGICO
BRONCOSCOPIA,0305010174,TRATAMENTO DE INTERCORRÊNCIA EM PACIENTE RENAL CRÔNICO SOB TRATAMENTO DIALÍTICO ( POR DIA)
BRONCOSCOPIA,0406030022,ANGIOPLASTIA CORONARIANA C/ IMPLANTE DE DOIS STENTS
BRONCOSCOPIA,0406040044,"ANGIOPLASTIA INTRALUMINAL DE AORTA, VEIA CAVA / VASOS ILÍACOS (SEM STENT)"
BRONCOSCOPIA,0406040311,TRATAMENTO DE HEMOPTISE POR EMBOLIZAÇÃO PERCUTÂNEA (INCLUI ESTUDO ANGIOGRÁFICO)
BRONCOSCOPIA,0412010038,"COLOCAÇÃO DE PRÓTESE LARINGO-TRAQUEAL, TRAQUEAL, TRAQUEO-BRÔNQUICA, BRÔNQUICA POR VIA ENDOSCOPICA (INCLUI PRÓTESE)"
BRONCOSCOPIA,0412010046,COLOCACAO DE PRÓTESE LARINGO TRAQUEAL/ TRAQUEO-BRÔNQUICA (INCLUI PRÓTESE)
BRONCOSCOPIA,0412010100,TRAQUEOPLASTIA E/OU LARINGOTRAQUEOPLASTIA
BRONCOSCOPIA,0415040035,DEBRIDAMENTO DE ULCERA / DE TECIDOS DESVITALIZADOS
BRONCOSCOPIA,0506020037,TRATAMENTO DE INTERCORRENCIA POS-TRANSPLANTE ALOGENICO DE CELULAS-TRONCO HEMATOPOETICAS DE APARENTADO (HOSPITAL DIA)
BRONCOSCOPIA,0506020045,TRATAMENTO DE INTERCORRÊNCIA PÓS-TRANSPLANTE DE ÓRGÃOS / CÉLULAS-TRONCO HEMATOPOÉTICAS
BRONCOSCOPIA,0506020070,TRATAMENTO DE INTERCORRÊNCIA PÓS TRANSPLANTE DE PULMÃO UNI/BILATERAL - PÓS TRANSPLANTE CRÍTICO
BRONCOSCOPIA,0506020100,TRATAMENTO DE INTERCORRENCIA PÓS TRANSPLANTE ALOGÊNICO DE CÉLULAS-TRONCO HEMATOPOÉTICAS- PÓS TRANSPLANTE CRÍTICO
BRONCOSCOPIA RIGIDA,0303010037,TRATAMENTO DE OUTRAS DOENÇAS BACTERIANAS
BRONCOSCOPIA RIGIDA,0303060212,TRATAMENTO DE INSUFICIENCIA CARDIACA
BRONCOSCOPIA RIGIDA,0303140135,TRATAMENTO DE OUTRAS DOENCAS DO APARELHO RESPIRATORIO
BRONCOSCOPIA RIGIDA,0303140151,TRATAMENTO DE PNEUMONIAS OU INFLUENZA (GRIPE)
BRONCOSCOPIA RIGIDA,0412010038,"COLOCAÇÃO DE PRÓTESE LARINGO-TRAQUEAL, TRAQUEAL, TRAQUEO-BRÔNQUICA, BRÔNQUICA POR VIA ENDOSCOPICA (INCLUI PRÓTESE)"
BRONCOSCOPIA RIGIDA,0412010046,COLOCACAO DE PRÓTESE LARINGO TRAQUEAL/ TRAQUEO-BRÔNQUICA (INCLUI PRÓTESE)
BRONCOSCOPIA RIGIDA,0412010100,TRAQUEOPLASTIA E/OU LARINGOTRAQUEOPLASTIA
BRONCOSCOPIA RIGIDA,0412040166,TORACOSTOMIA COM DRENAGEM PLEURAL FECHADA
BRONCOSCOPIA RIGIDA,0415020034,OUTROS PROCEDIMENTOS COM CIRURGIAS SEQUENCIAIS
BRONCOSCOPIA RIGIDA,0506020045,TRATAMENTO DE INTERCORRÊNCIA PÓS-TRANSPLANTE DE ÓRGÃOS / CÉLULAS-TRONCO HEMATOPOÉTICAS
BULECTOMIA UNILATERAL,0415020034,OUTROS PROCEDIMENTOS COM CIRURGIAS SEQUENCIAIS
BURSECTOMIA,0408060085,BURSECTOMIA
BYPASS (DERIVACAO) AXILO-FEMORAL,0406020329,PONTE AXILO-FEMURAL
BYPASS (DERIVACAO) AXILO-FEMORAL,0415020034,OUTROS PROCEDIMENTOS COM CIRURGIAS SEQUENCIAIS
BYPASS (DERIVACAO) FEMORO-FEMORAL,0406020345,PONTE FEMORO-FEMURAL CRUZADA
BYPASS (DERIVACAO) FEMORO-FEMORAL,0406020388,PONTE-TROMBOENDARTERECTOMIA ILIACO-FEMURAL
BYPASS (DERIVACAO) FEMORO-FEMORAL,0415020034,OUTROS PROCEDIMENTOS COM CIRURGIAS SEQUENCIAIS
BYPASS (DERIVACAO) FEMORO-FEMORAL,0506020045,TRATAMENTO DE INTERCORRÊNCIA PÓS-TRANSPLANTE DE ÓRGÃOS / CÉLULAS-TRONCO HEMATOPOÉTICAS
BYPASS (DERIVACAO) FEMORO-PERONEIRA,0406020434,REVASCULARIZAÇÃO POR PONTE / TROMBOENDARTERECTOMIA DE OUTRAS ARTERIAS DISTAIS
BYPASS (DERIVACAO) FEMORO-PERONEIRA,0406020442,REVASCULARIZAÇÃO POR PONTE / TROMBOENDARTERECTOMIA FEMURO-POPLÍTEA DISTAL
BYPASS (DERIVACAO) FEMORO-PERONEIRA,0415020034,OUTROS PROCEDIMENTOS COM CIRURGIAS SEQUENCIAIS
BYPASS (DERIVACAO) FEMORO-TIBIAL,0406020434,REVASCULARIZAÇÃO POR PONTE / TROMBOENDARTERECTOMIA DE OUTRAS ARTERIAS DISTAIS
BYPASS (DERIVACAO) FEMORO-TIBIAL,0406020442,REVASCULARIZAÇÃO POR PONTE / TROMBOENDARTERECTOMIA FEMURO-POPLÍTEA DISTAL
BYPASS (DERIVACAO) FEMORO-TIBIAL,0415020034,OUTROS PROCEDIMENTOS COM CIRURGIAS SEQUENCIAIS
BYPASS ARTO-FEMORAL,0406020353,PONTE-TROMBOENDARTERECTOMIA AORTO-FEMURAL
BYPASS ARTO-FEMORAL,0406020361,PONTE-TROMBOENDARTERECTOMIA AORTO-ILÍACA
BYPASS CAROTIDEA-SUBCLAVIO,0406020337,PONTE DE RAMOS DOS TRONCOS SUPRA-AORTICOS
BYPASS FEMORO-POPLITEO,0406020345,PONTE FEMORO-FEMURAL CRUZADA
BYPASS FEMORO-POPLITEO,0406020442,REVASCULARIZAÇÃO POR PONTE / TROMBOENDARTERECTOMIA FEMURO-POPLÍTEA DISTAL
BYPASS FEMORO-POPLITEO,0406020450,REVASCULARIZAÇÃO POR PONTE / TROMBOENDARTERECTOMIA FEMURO-POPLÍTEA PROXIMAL
BYPASS FEMORO-POPLITEO,0406040052,ANGIOPLASTIA INTRALUMINAL DE VASOS DAS EXTREMIDADES (SEM STENT)
BYPASS FEMORO-POPLITEO,0415020034,OUTROS PROCEDIMENTOS COM CIRURGIAS SEQUENCIAIS
BYPASS FEMORO-POPLITEO,0506020045,TRATAMENTO DE INTERCORRÊNCIA PÓS-TRANSPLANTE DE ÓRGÃOS / CÉLULAS-TRONCO HEMATOPOÉTICAS
BYPASS ILIACO-FEMORAL,0406020388,PONTE-TROMBOENDARTERECTOMIA ILIACO-FEMURAL
BYPASS OU TROMBOENDARTECTOMIA AORTO-ILIACA,0406020353,PONTE-TROMBOENDARTERECTOMIA AORTO-FEMURAL
BYPASS OU TROMBOENDARTERECTOMIA DA CAROTIDA,0406020337,PONTE DE RAMOS DOS TRONCOS SUPRA-AORTICOS
BYPASS OU TROMBOENDARTERECTOMIA DA CAROTIDA,0406020370,PONTE-TROMBOENDARTERECTOMIA DE CARÓTIDA
BYPASS OU TROMBOENDARTERECTOMIA DA CAROTIDA,0415020034,OUTROS PROCEDIMENTOS COM CIRURGIAS SEQUENCIAIS
BYPASS OU TROMBOENDARTERECTOMIA DE VASOS,0406020426,REVASCULARIZAÇÃO DO MEMBRO SUPERIOR
BYPASS OU TROMBOENDARTERECTOMIA DE VASOS,0415020034,OUTROS PROCEDIMENTOS COM CIRURGIAS SEQUENCIAIS
BYPASS OU TROMBOENDARTERECTOMIA DE VASOS,0506020045,TRATAMENTO DE INTERCORRÊNCIA PÓS-TRANSPLANTE DE ÓRGÃOS / CÉLULAS-TRONCO HEMATOPOÉTICAS
BYPASS OU TROMBOENDARTERECTOMIA FEMURO-P,0406020434,REVASCULARIZAÇÃO POR PONTE / TROMBOENDARTERECTOMIA DE OUTRAS ARTERIAS DISTAIS
BYPASS OU TROMBOENDARTERECTOMIA FEMURO-P,0406020442,REVASCULARIZAÇÃO POR PONTE / TROMBOENDARTERECTOMIA FEMURO-POPLÍTEA DISTAL
BYPASS OU TROMBOENDARTERECTOMIA FEMURO-P,0406020450,REVASCULARIZAÇÃO POR PONTE / TROMBOENDARTERECTOMIA FEMURO-POPLÍTEA PROXIMAL
BYPASS OU TROMBOENDARTERECTOMIA FEMURO-P,0406020515,TRATAMENTO CIRÚRGICO DE LESÕES VASCULARES TRAUMÁTICAS DE MEMBRO INFERIOR UNILATERAL
BYPASS OU TROMBOENDARTERECTOMIA FEMURO-P,0415020034,OUTROS PROCEDIMENTOS COM CIRURGIAS SEQUENCIAIS
BYPASS OU TROMBOENDARTERECTOMIA FEMURO-P,0506020045,TRATAMENTO DE INTERCORRÊNCIA PÓS-TRANSPLANTE DE ÓRGÃOS / CÉLULAS-TRONCO HEMATOPOÉTICAS
CARDIOVERSÃO ELÉTRICA,0303010037,TRATAMENTO DE OUTRAS DOENÇAS BACTERIANAS
CARDIOVERSÃO ELÉTRICA,0303040300,TRATAMENTO DO ACIDENTE VASCULAR CEREBRAL ISQUÊMICO AGUDO COM USO DE TROMBOLÍTICO
CARDIOVERSÃO ELÉTRICA,0303060026,TRATAMENTO DE ARRITMIAS
CARDIOVERSÃO ELÉTRICA,0303060212,TRATAMENTO DE INSUFICIENCIA CARDIACA
CARDIOVERSÃO ELÉTRICA,0303060280,TRATAMENTO DE SINDROME CORONARIANA AGUDA
CARDIOVERSÃO ELÉTRICA,0303140046,TRATAMENTO DAS DOENCAS CRONICAS DAS VIAS AEREAS INFERIORES
CARDIOVERSÃO ELÉTRICA,0304080039,INTERNAÇÃO P/ QUIMIOTERAPIA DE LEUCEMIAS AGUDAS / CRÔNICAS AGUDIZADAS
CARDIOVERSÃO ELÉTRICA,0305010174,TRATAMENTO DE INTERCORRÊNCIA EM PACIENTE RENAL CRÔNICO SOB TRATAMENTO DIALÍTICO ( POR DIA)
CARDIOVERSÃO ELÉTRICA,0403070171,TRATAMENTO DO ACIDENTE VASCULAR CEREBRAL ISQUÊMICO AGUDO COM TROMBECTOMIA MECÂNICA
CARDIOVERSÃO ELÉTRICA,0406010536,FECHAMENTO DE COMUNICAÇÃO INTERATRIAL
CARDIOVERSÃO ELÉTRICA,0406010692,IMPLANTE DE PRÓTESE VALVAR
CARDIOVERSÃO ELÉTRICA,0406010935,REVASCULARIZAÇÃO MIOCÁRDICA C/ USO DE EXTRACÓRPOREA (C/ 2 OU MAIS ENXERTOS)
CARDIOVERSÃO ELÉTRICA,0406030030,ANGIOPLASTIA CORONARIANA COM IMPLANTE DE STENT
CARDIOVERSÃO ELÉTRICA,0407030034,COLECISTECTOMIA VIDEOLAPAROSCÓPICA
CARDIOVERSÃO ELÉTRICA,0409030023,PROSTATECTOMIA SUPRAPÚBICA
CARDIOVERSÃO ELÉTRICA,0412040166,TORACOSTOMIA COM DRENAGEM PLEURAL FECHADA
CARDIOVERSÃO ELÉTRICA,0415020034,OUTROS PROCEDIMENTOS COM CIRURGIAS SEQUENCIAIS
CARDIOVERSÃO ELÉTRICA,0505020092,TRANSPLANTE DE RIM (ORGAO DE DOADOR FALECIDO)
CATETERISMO CARDÍACO,0201010143,BIOPSIA DE ENDOCARDIO / MIOCARDIO
CATETERISMO CARDÍACO,0303010010,TRATAMENTO DE DENGUE CLÁSSICA
CATETERISMO CARDÍACO,0303010037,TRATAMENTO DE OUTRAS DOENÇAS BACTERIANAS
CATETERISMO CARDÍACO,0303030038,TRATAMENTO DE DIABETES MELLITUS
CATETERISMO CARDÍACO,0303040149,TRATAMENTO DE ACIDENTE VASCULAR CEREBRAL - AVC (ISQUEMICO OU HEMORRAGICO AGUDO)
CATETERISMO CARDÍACO,0303040300,TRATAMENTO DO ACIDENTE VASCULAR CEREBRAL ISQUÊMICO AGUDO COM USO DE TROMBOLÍTICO
CATETERISMO CARDÍACO,0303060026,TRATAMENTO DE ARRITMIAS
CATETERISMO CARDÍACO,0303060042,TRATAMENTO DE CARDIOPATIA ISQUEMICA CRONICA
CATETERISMO CARDÍACO,0303060107,TRATAMENTO DE CRISE HIPERTENSIVA
CATETERISMO CARDÍACO,0303060115,TRATAMENTO DE DOENCA REUMATICA C/ COMPROMETIMENTO CARDIACO
CATETERISMO CARDÍACO,0303060140,TRATAMENTO DE EMBOLIA PULMONAR
CATETERISMO CARDÍACO,0303060174,"TRATAMENTO DE HIPERTENSAO PULMONAR, TRATAMENTO DE HIPERTENSÃO PULMONAR"
CATETERISMO CARDÍACO,0303060190,TRATAMENTO DE INFARTO AGUDO DO MIOCÁRDIO
CATETERISMO CARDÍACO,0303060212,TRATAMENTO DE INSUFICIENCIA CARDIACA
CATETERISMO CARDÍACO,0303060239,TRATAMENTO DE MIOCARDIOPATIAS
CATETERISMO CARDÍACO,0303060271,TRATAMENTO DE PERICARDITE
CATETERISMO CARDÍACO,0303060280,TRATAMENTO DE SINDROME CORONARIANA AGUDA
CATETERISMO CARDÍACO,0303070099,TRATAMENTO DE ENTERITES E COLITES NAO INFECCIOSAS
CATETERISMO CARDÍACO,0303070102,TRATAMENTO DE OUTRAS DOENCAS DO APARELHO DIGESTIVO
CATETERISMO CARDÍACO,0303070110,TRATAMENTO DE OUTRAS DOENCAS DO INTESTINO
CATETERISMO CARDÍACO,0303090316,TRATAMENTO DAS POLIARTROPATIAS INFLAMATORIAS
CATETERISMO CARDÍACO,0303140046,TRATAMENTO DAS DOENCAS CRONICAS DAS VIAS AEREAS INFERIORES
CATETERISMO CARDÍACO,0303140089,TRATAMENTO DE DOENÇAS RESPIRATÓRIAS QUE AFETAM PRINCIPALMENTE O INTERSTÍCIO
CATETERISMO CARDÍACO,0303140135,TRATAMENTO DE OUTRAS DOENCAS DO APARELHO RESPIRATORIO
CATETERISMO CARDÍACO,0303140151,TRATAMENTO DE PNEUMONIAS OU INFLUENZA (GRIPE)
CATETERISMO CARDÍACO,0305010174,TRATAMENTO DE INTERCORRÊNCIA EM PACIENTE RENAL CRÔNICO SOB TRATAMENTO DIALÍTICO ( POR DIA)
CATETERISMO CARDÍACO,0305020013,TRATAMENTO DA PIELONEFRITE
CATETERISMO CARDÍACO,0305020048,TRATAMENTO DE INSUFICIÊNCIA RENAL AGUDA
CATETERISMO CARDÍACO,0305020056,TRATAMENTO DA DOENÇA RENAL CRÔNICA - DRC
CATETERISMO CARDÍACO,0308040015,TRATAMENTO DE COMPLICACOES DE PROCEDIMENTOS CIRURGICOS OU CLINICOS
CATETERISMO CARDÍACO,0403070171,TRATAMENTO DO ACIDENTE VASCULAR CEREBRAL ISQUÊMICO AGUDO COM TROMBECTOMIA MECÂNICA
CATETERISMO CARDÍACO,0405030142,VITRECTOMIA POSTERIOR
CATETERISMO CARDÍACO,0406010560,IMPLANTE DE CARDIOVERSOR DESFIBRILADOR DE CÂMARA ÚNICA TRANSVENOSO
CATETERISMO CARDÍACO,0406010587,IMPLANTE DE CARDIOVERSOR DESFIBRILADOR DE CÃMARA DUPLA TRANSVENOSO
CATETERISMO CARDÍACO,0406010641,
CATETERISMO CARDÍACO,0406010650,IMPLANTE DE MARCAPASSO DE CÂMARA DUPLA TRANSVENOSO
CATETERISMO CARDÍACO,0406010684,IMPLANTE DE MARCAPASSO TEMPORÁRIO TRANSVENOSO
CATETERISMO CARDÍACO,0406010692,IMPLANTE DE PRÓTESE VALVAR
CATETERISMO CARDÍACO,0406010820,PLÁSTICA VALVAR E/OU TROCA VALVAR MÚLTIPLA
CATETERISMO CARDÍACO,0406010927,REVASCULARIZAÇÃO MIOCÁRDICA COM USO DE EXTRACÓRPOREA
CATETERISMO CARDÍACO,0406010935,REVASCULARIZAÇÃO MIOCÁRDICA C/ USO DE EXTRACÓRPOREA (C/ 2 OU MAIS ENXERTOS)
CATETERISMO CARDÍACO,0406011206,TROCA VALVAR C/ REVASCULARIZAÇÃO MIOCÁRDICA
CATETERISMO CARDÍACO,0406020442,REVASCULARIZAÇÃO POR PONTE / TROMBOENDARTERECTOMIA FEMURO-POPLÍTEA DISTAL
CATETERISMO CARDÍACO,0406030014,ANGIOPLASTIA CORONARIANA
CATETERISMO CARDÍACO,0406030022,ANGIOPLASTIA CORONARIANA C/ IMPLANTE DE DOIS STENTS
CATETERISMO CARDÍACO,0406030030,ANGIOPLASTIA CORONARIANA COM IMPLANTE DE STENT
CATETERISMO CARDÍACO,0406030049,ANGIOPLASTIA CORONARIANA PRIMÁRIA
CATETERISMO CARDÍACO,0406030162,"IMPLANTE PERCUTÂNEO DE VÁLVULA AÓRTICA (TAVI), POR VIA TRANSFEMORAL"
CATETERISMO CARDÍACO,0406040052,ANGIOPLASTIA INTRALUMINAL DE VASOS DAS EXTREMIDADES (SEM STENT)
CATETERISMO CARDÍACO,0406040095,ANGIOPLASTIA INTRALUMINAL DE VASOS DO PESCOÇO OU TRONCOS SUPRA-AÓRTICOS (COM STENT NÃO RECOBERTO)
CATETERISMO CARDÍACO,0406040338,TRATAMENTO ENDOVASCULAR DO PSEUDOANEURISMA
CATETERISMO CARDÍACO,0406050015,ESTUDO ELETROFISIOLÓGICO DIAGNÓSTICO
CATETERISMO CARDÍACO,0406050120,ESTUDO ELETROFISIOLÓGICO TERAPÊUTICO II (ABLAÇÃO DE TAQUICARDIA VENTRICULAR SUSTENTADA COM CARDIOPATIA ESTRUTURAL)
CATETERISMO CARDÍACO,0407010360,GASTRECTOMIA VERTICAL EM MANGA (SLEEVE)
CATETERISMO CARDÍACO,0407030034,COLECISTECTOMIA VIDEOLAPAROSCÓPICA
CATETERISMO CARDÍACO,0408040092,ARTROPLASTIA TOTAL PRIMARIA DO QUADRIL NÃO CIMENTADA / HÍBRIDA
CATETERISMO CARDÍACO,0408050012,AMPUTACAO / DESARTICULACAO DE MEMBROS INFERIORES
CATETERISMO CARDÍACO,0408050080,FASCIOTOMIA DE MEMBROS INFERIORES
CATETERISMO CARDÍACO,0408060557,TRATAMENTO CIRÚRGICO DE ARTRITE INFECCIOSA (GRANDES E MÉDIAS ARTICULAÇÕES)
CATETERISMO CARDÍACO,0409010294,NEFROSTOMIA PERCUTÂNEA
CATETERISMO CARDÍACO,0409020133,URETROPLASTIA AUTÓGENA
CATETERISMO CARDÍACO,0409060178,HISTEROSCOPIA CIRURGICA C/ RESSECTOSCOPIO
CATETERISMO CARDÍACO,0412030012,DESCORTICAÇÃO PULMONAR
CATETERISMO CARDÍACO,0412040166,TORACOSTOMIA COM DRENAGEM PLEURAL FECHADA
CATETERISMO CARDÍACO,0415020034,OUTROS PROCEDIMENTOS COM CIRURGIAS SEQUENCIAIS
CATETERISMO CARDÍACO,0416010075,NEFRECTOMIA TOTAL EM ONCOLOGIA
CATETERISMO CARDÍACO,0505020050,TRANSPLANTE DE FIGADO (ORGAO DE DOADOR FALECIDO)
CATETERISMO CARDÍACO,0505020092,TRANSPLANTE DE RIM (ORGAO DE DOADOR FALECIDO)
CATETERISMO CARDÍACO,0506020045,TRATAMENTO DE INTERCORRÊNCIA PÓS-TRANSPLANTE DE ÓRGÃOS / CÉLULAS-TRONCO HEMATOPOÉTICAS
CATETERISMO CARDÍACO DIREITO,0201010143,BIOPSIA DE ENDOCARDIO / MIOCARDIO
CATETERISMO CARDÍACO DIREITO,0303010037,TRATAMENTO DE OUTRAS DOENÇAS BACTERIANAS
CATETERISMO CARDÍACO DIREITO,0303020040,TRATAMENTO DE ANEMIA HEMOLITICA
CATETERISMO CARDÍACO DIREITO,0303060042,TRATAMENTO DE CARDIOPATIA ISQUEMICA CRONICA
CATETERISMO CARDÍACO DIREITO,0303060140,TRATAMENTO DE EMBOLIA PULMONAR
CATETERISMO CARDÍACO DIREITO,0303060174,"TRATAMENTO DE HIPERTENSAO PULMONAR, TRATAMENTO DE HIPERTENSÃO PULMONAR"
CATETERISMO CARDÍACO DIREITO,0303060190,TRATAMENTO DE INFARTO AGUDO DO MIOCÁRDIO
CATETERISMO CARDÍACO DIREITO,0303060212,TRATAMENTO DE INSUFICIENCIA CARDIACA
CATETERISMO CARDÍACO DIREITO,0303070072,TRATAMENTO DE DOENCAS DO FIGADO
CATETERISMO CARDÍACO DIREITO,0303090316,TRATAMENTO DAS POLIARTROPATIAS INFLAMATORIAS
CATETERISMO CARDÍACO DIREITO,0303110040,TRATAMENTO DE MALFORMACOES CONGENITAS DO APARELHO CIRCULATORIO
CATETERISMO CARDÍACO DIREITO,0303140054,TRATAMENTO DAS DOENCAS PULMONARES DEVIDO A AGENTES EXTERNOS
CATETERISMO CARDÍACO DIREITO,0303140062,TRATAMENTO DE CARDIOPATIA PULMONAR NAO ESPECIFICADA (COR PULMONALE)
CATETERISMO CARDÍACO DIREITO,0303140089,TRATAMENTO DE DOENÇAS RESPIRATÓRIAS QUE AFETAM PRINCIPALMENTE O INTERSTÍCIO
CATETERISMO CARDÍACO DIREITO,0304100021,TRATAMENTO CLÍNICO DE PACIENTE ONCOLÓGICO
CATETERISMO CARDÍACO DIREITO,0406010560,IMPLANTE DE CARDIOVERSOR DESFIBRILADOR DE CÂMARA ÚNICA TRANSVENOSO
CATETERISMO CARDÍACO DIREITO,0406010609,IMPLANTE DE CARDIOVERSOR DESFIBRILADOR (CDI) MULTI-SITIO TRANSVENOSO
CATETERISMO CARDÍACO DIREITO,0406010692,IMPLANTE DE PRÓTESE VALVAR
CATETERISMO CARDÍACO DIREITO,0406030022,ANGIOPLASTIA CORONARIANA C/ IMPLANTE DE DOIS STENTS
CATETERISMO CARDÍACO DIREITO,0406030057,ANGIOPLASTIA COM IMPLANTE DE DUPLO STENT EM AORTA/ARTERIA PULMONAR E RAMOS
CATETERISMO CARDÍACO DIREITO,0406040311,TRATAMENTO DE HEMOPTISE POR EMBOLIZAÇÃO PERCUTÂNEA (INCLUI ESTUDO ANGIOGRÁFICO)
CATETERISMO CARDÍACO DIREITO,0407030034,COLECISTECTOMIA VIDEOLAPAROSCÓPICA
CATETERISMO CARDÍACO DIREITO,0412050153,TROMBOENDARTERECTOMIA PULMONAR
CATETERISMO CARDÍACO DIREITO,0415020034,OUTROS PROCEDIMENTOS COM CIRURGIAS SEQUENCIAIS
CATETERISMO CARDÍACO DIREITO,0416010075,NEFRECTOMIA TOTAL EM ONCOLOGIA
CATETERISMO CARDÍACO DIREITO,0505010070,TRANSPLANTE AUTOGENICO DE CELULAS-TRONCO HEMATOPOETICAS DE MEDULA OSSEA -
CATETERISMO CARDÍACO DIREITO,0505020041,TRANSPLANTE DE CORACAO
CATETERISMO CARDÍACO DIREITO,0505020122,TRANSPLANTE DE PULMÃO BILATERAL
CATETERISMO CARDÍACO DIREITO,0506020045,TRATAMENTO DE INTERCORRÊNCIA PÓS-TRANSPLANTE DE ÓRGÃOS / CÉLULAS-TRONCO HEMATOPOÉTICAS
CATETERISMO CARDÍACO DIREITO,0506020061,TRATAMENTO DE INTERCORRENCIA PÓS TRANSPLANTE DE CORAÇÃO- PÓS TRANSPLANTE CRÍTICO
CATETERISMO URETRAL DE DRENAGEM,0303010037,TRATAMENTO DE OUTRAS DOENÇAS BACTERIANAS
CATETERISMO URETRAL DE DRENAGEM,0304100021,TRATAMENTO CLÍNICO DE PACIENTE ONCOLÓGICO
CATETERISMO URETRAL DE DRENAGEM,0409010499,TRATAMENTO CIRURGICO DE INCONTINENCIA URINARIA VIA ABDOMINAL
CATETERISMO URETRAL DE DRENAGEM,0409030040,RESSECÇÃO ENDOSCÓPICA DE PRÓSTATA
CATETERISMO URETRAL DE DRENAGEM,0415020034,OUTROS PROCEDIMENTOS COM CIRURGIAS SEQUENCIAIS
CAUTERIZACAO DE CONDILOMA,0304100021,TRATAMENTO CLÍNICO DE PACIENTE ONCOLÓGICO
CAUTERIZACAO DE CONDILOMA,0407020225,EXCISÃO DE LESÃO / TUMOR ANU-RETAL
CAUTERIZACAO DE EPISTAXE,0415020034,OUTROS PROCEDIMENTOS COM CIRURGIAS SEQUENCIAIS
CAUTERIZACAO PONTO LACRIMAL,0506020010,INTERCORRENCIA POS TRANSPLANTE ALOGÊNICO DE CELULAS-TRONCO HEMATOPOÉTICAS - NAO APARENTADO (HOSPITAL DIA)
CECOPEXIA,0415020034,OUTROS PROCEDIMENTOS COM CIRURGIAS SEQUENCIAIS
CERCLAGEM CERVICAL,0409060011,CERCLAGEM DE COLO DO UTERO
CESAREANA,0411010026,"PARTO CESARIANO EM GESTACAO DE ALTO RISCO, OPERAÇÃO CESARIANA EM GESTAÇÃO DE ALTO RISCO"
CESAREANA,0411010034,OPERAÇÃO CESARIANA
CESAREANA,0415010012,TRATAMENTO C/ CIRURGIAS MULTIPLAS
CESAREANA,0415020034,OUTROS PROCEDIMENTOS COM CIRURGIAS SEQUENCIAIS
CICLOIDATERMIA,0405050046,CICLOCRIOCOAGULAÇÃO / DIATERMIA
CIRURGIA DE CISTOS INTRA-OSSEOS NA MAXILA,0414010329,TRATAMENTO CIRÚRGICO DE CISTO DO COMPLEXO MAXILO-MANDIBULAR
CIRURGIA DE GRAVIDEZ ECTOPICA,0411020048,TRATAMENTO CIRURGICO DE GRAVIDEZ ECTOPICA
CIRURGIA DE GRAVIDEZ ECTOPICA,0415020034,OUTROS PROCEDIMENTOS COM CIRURGIAS SEQUENCIAIS
CIRURGIA PARA PROTESE AUDITIVA ANCORADA NO OSSO TEMPO UNICO,0404010628,CIRURGIA PARA PRÓTESE AUDITIVA ANCORADA NO ÓSSO UNILATERAL  TEMPO ÚNICO
CIRÚRGIA DO ARNOLD-CHIARI E PLATIBASIA,0415020077,PROCEDIMENTOS SEQUENCIAIS EM NEUROCIRURGIA
CISTECTOMIA PARCIAL,0409060070,ESVAZIAMENTO DE UTERO POS-ABORTO POR ASPIRACAO MANUAL INTRA-UTERINA (AMIU)
CISTECTOMIA PARCIAL,0415020034,OUTROS PROCEDIMENTOS COM CIRURGIAS SEQUENCIAIS
CISTECTOMIA PARCIAL,0416010024,CISTECTOMIA COM DERIVACAO EM 1SÓ TEMPO EM ONCOLOGIA
CISTECTOMIA RADICAL C/ DERIVACAO,0415020050,PROCEDIMENTOS SEQUENCIAIS EM ONCOLOGIA
CISTECTOMIA RADICAL C/ DERIVACAO,0416010024,CISTECTOMIA COM DERIVACAO EM 1SÓ TEMPO EM ONCOLOGIA
CISTECTOMIA RADICAL C/ DERIVACAO,0506020045,TRATAMENTO DE INTERCORRÊNCIA PÓS-TRANSPLANTE DE ÓRGÃOS / CÉLULAS-TRONCO HEMATOPOÉTICAS
CISTOENTEROPLASTIA (DESDERIVACAO URINARIA),0409010057,CISTOENTEROPLASTIA
CISTOENTEROPLASTIA (DESDERIVACAO URINARIA),0409010081,CISTORRAFIA
CISTOENTEROPLASTIA (DESDERIVACAO URINARIA),0409010090,CISTOSTOMIA
CISTOENTEROPLASTIA (DESDERIVACAO URINARIA),0409010499,TRATAMENTO CIRURGICO DE INCONTINENCIA URINARIA VIA ABDOMINAL
CISTOENTEROPLASTIA (DESDERIVACAO URINARIA),0415020034,OUTROS PROCEDIMENTOS COM CIRURGIAS SEQUENCIAIS
CISTOLITOTOMIA,0409010065,CISTOLITOTOMIA E/OU RETIRADA DE CORPO ESTRANHO DA BEXIGA
CISTOLITOTOMIA,0415020034,OUTROS PROCEDIMENTOS COM CIRURGIAS SEQUENCIAIS
CISTOLITOTRIPSIA,0409010065,CISTOLITOTOMIA E/OU RETIRADA DE CORPO ESTRANHO DA BEXIGA
CISTOLITOTRIPSIA,0409010189,LITOTRIPSIA
CISTOLITOTRIPSIA,0409010596,URETEROLITOTRIPSIA TRANSURETEROSCÓPICA
CISTOLITOTRIPSIA,0415020034,OUTROS PROCEDIMENTOS COM CIRURGIAS SEQUENCIAIS
CISTOPLASTIA,0409020150,URETRORRAFIA
CISTOPLASTIA,0415020034,OUTROS PROCEDIMENTOS COM CIRURGIAS SEQUENCIAIS
CISTOPLASTIA (EXTROFIA VESICAL),0415010012,TRATAMENTO C/ CIRURGIAS MULTIPLAS
CISTORRAFIA,0409010081,CISTORRAFIA
CISTOSCOPIA,0303010037,TRATAMENTO DE OUTRAS DOENÇAS BACTERIANAS
CISTOSCOPIA,0303020067,TRATAMENTO DE DEFEITOS DA COAGULACAO PURPURA E OUTRAS AFECCOES HEMORRAGICAS
CISTOSCOPIA,0303030038,TRATAMENTO DE DIABETES MELLITUS
CISTOSCOPIA,0303040149,TRATAMENTO DE ACIDENTE VASCULAR CEREBRAL - AVC (ISQUEMICO OU HEMORRAGICO AGUDO)
CISTOSCOPIA,0303040297,TRATAMENTO DE PROCESSO TOXI-INFECCIOSO DO CEREBRO OU DA MEDULA ESPINHAL
CISTOSCOPIA,0303060115,TRATAMENTO DE DOENCA REUMATICA C/ COMPROMETIMENTO CARDIACO
CISTOSCOPIA,0303060131,TRATAMENTO DE EDEMA AGUDO DE PULMÃO
CISTOSCOPIA,0303060140,TRATAMENTO DE EMBOLIA PULMONAR
CISTOSCOPIA,0303060212,TRATAMENTO DE INSUFICIENCIA CARDIACA
CISTOSCOPIA,0303140046,TRATAMENTO DAS DOENCAS CRONICAS DAS VIAS AEREAS INFERIORES
CISTOSCOPIA,0303140151,TRATAMENTO DE PNEUMONIAS OU INFLUENZA (GRIPE)
CISTOSCOPIA,0303150050,TRATAMENTO DE OUTRAS DOENCAS DO APARELHO URINARIO
CISTOSCOPIA,0303180013,TRATAMENTO DE AFECÇÕES ASSOCIADAS AO HIV/AIDS
CISTOSCOPIA,0303180072,TRATAMENTO DE HIV / AIDS
CISTOSCOPIA,0304080020,INTERNAÇÃO P/ QUIMIOTERAPIA DE ADMINISTRAÇÃO CONTÍNUA
CISTOSCOPIA,0304100013,TRATAMENTO DE INTERCORRÊNCIAS CLÍNICAS DE PACIENTE ONCOLÓGICO
CISTOSCOPIA,0304100021,TRATAMENTO CLÍNICO DE PACIENTE ONCOLÓGICO
CISTOSCOPIA,0305010174,TRATAMENTO DE INTERCORRÊNCIA EM PACIENTE RENAL CRÔNICO SOB TRATAMENTO DIALÍTICO ( POR DIA)
CISTOSCOPIA,0305020013,TRATAMENTO DA PIELONEFRITE
CISTOSCOPIA,0305020048,TRATAMENTO DE INSUFICIÊNCIA RENAL AGUDA
CISTOSCOPIA,0305020056,TRATAMENTO DA DOENÇA RENAL CRÔNICA - DRC
CISTOSCOPIA,0308040015,TRATAMENTO DE COMPLICACOES DE PROCEDIMENTOS CIRURGICOS OU CLINICOS
CISTOSCOPIA,0403070171,TRATAMENTO DO ACIDENTE VASCULAR CEREBRAL ISQUÊMICO AGUDO COM TROMBECTOMIA MECÂNICA
CISTOSCOPIA,0406010684,IMPLANTE DE MARCAPASSO TEMPORÁRIO TRANSVENOSO
CISTOSCOPIA,0406010935,REVASCULARIZAÇÃO MIOCÁRDICA C/ USO DE EXTRACÓRPOREA (C/ 2 OU MAIS ENXERTOS)
CISTOSCOPIA,0406020078,IMPLANTAÇÃO DE CATETER DE LONGA PERMANÊNCIA SEMI OU TOTALMENTE IMPLANTAVEL (PROCEDIMENTO PRINCIPAL)
CISTOSCOPIA,0406040303,TRATAMENTO DE HEMATURIA OU SANGRAMENTO GENITAL POR EMBOLIZAÇÃO (INCLUI ESTUDO ANGIOGRÁFICO E/OU ENDOSCÓPICO)
CISTOSCOPIA,0407020101,COLOSTOMIA
CISTOSCOPIA,0407040161,LAPAROTOMIA EXPLORADORA
CISTOSCOPIA,0409010090,CISTOSTOMIA
CISTOSCOPIA,0409010294,NEFROSTOMIA PERCUTÂNEA
CISTOSCOPIA,0409010499,TRATAMENTO CIRURGICO DE INCONTINENCIA URINARIA VIA ABDOMINAL
CISTOSCOPIA,0409010596,URETEROLITOTRIPSIA TRANSURETEROSCÓPICA
CISTOSCOPIA,0409020079,MEATOTOMIA SIMPLES
CISTOSCOPIA,0409030023,PROSTATECTOMIA SUPRAPÚBICA
CISTOSCOPIA,0409030040,RESSECÇÃO ENDOSCÓPICA DE PRÓSTATA
CISTOSCOPIA,0409070114,CONSTRUCAO DE VAGINA
CISTOSCOPIA,0409070254,TRATAMENTO CIRURGICO DE FISTULA VESICO-VAGINAL
CISTOSCOPIA,0415020034,OUTROS PROCEDIMENTOS COM CIRURGIAS SEQUENCIAIS
CISTOSCOPIA,0415020050,PROCEDIMENTOS SEQUENCIAIS EM ONCOLOGIA
CISTOSCOPIA,0416010091,NEFROURETERECTOMIA TOTAL EM ONCOLOGIA
CISTOSCOPIA,0416010172,RESSECÇÃO ENDOSCÓPICA DE TUMOR VESICAL EM ONCOLOGIA
CISTOSCOPIA,0416040101,HEPATECTOMIA PARCIAL EM ONCOLOGIA
CISTOSCOPIA,0416090109,RESSECÇÃO DE TUMOR ÓSSEO COM SUBSTITUIÇÃO (ENDOPRÓTESE) OU COM RECONSTRUÇÃO E FIXAÇÃO EM ONCOLOGIA
CISTOSCOPIA,0505020092,TRANSPLANTE DE RIM (ORGAO DE DOADOR FALECIDO)
CISTOSCOPIA,0506020045,TRATAMENTO DE INTERCORRÊNCIA PÓS-TRANSPLANTE DE ÓRGÃOS / CÉLULAS-TRONCO HEMATOPOÉTICAS
CISTOSCOPIA,0506020100,TRATAMENTO DE INTERCORRENCIA PÓS TRANSPLANTE ALOGÊNICO DE CÉLULAS-TRONCO HEMATOPOÉTICAS- PÓS TRANSPLANTE CRÍTICO
CISTOSCOPIA/URETROSCOPIA,0304100021,TRATAMENTO CLÍNICO DE PACIENTE ONCOLÓGICO
CISTOSCOPIA/URETROSCOPIA,0305010174,TRATAMENTO DE INTERCORRÊNCIA EM PACIENTE RENAL CRÔNICO SOB TRATAMENTO DIALÍTICO ( POR DIA)
CISTOSCOPIA/URETROSCOPIA,0409010090,CISTOSTOMIA
CISTOSCOPIA/URETROSCOPIA,0416010172,RESSECÇÃO ENDOSCÓPICA DE TUMOR VESICAL EM ONCOLOGIA
CISTOSCOPIA/URETROSCOPIA,0506020045,TRATAMENTO DE INTERCORRÊNCIA PÓS-TRANSPLANTE DE ÓRGÃOS / CÉLULAS-TRONCO HEMATOPOÉTICAS
CISTOSTOMIA,0407020225,EXCISÃO DE LESÃO / TUMOR ANU-RETAL
CISTOSTOMIA,0409010090,CISTOSTOMIA
COLANGIOGRAFIA,0407030034,COLECISTECTOMIA VIDEOLAPAROSCÓPICA
COLANGIOGRAFIA TRANS-HEPATICA,0303010037,TRATAMENTO DE OUTRAS DOENÇAS BACTERIANAS
COLANGIOGRAFIA TRANS-HEPATICA,0303070072,TRATAMENTO DE DOENCAS DO FIGADO
COLANGIOGRAFIA TRANS-HEPATICA,0303070129,TRATAMENTO DE TRANSTORNOS DAS VIAS BILIARES E PANCREAS
COLANGIOGRAFIA TRANS-HEPATICA,0304080020,INTERNAÇÃO P/ QUIMIOTERAPIA DE ADMINISTRAÇÃO CONTÍNUA
COLANGIOGRAFIA TRANS-HEPATICA,0304100013,TRATAMENTO DE INTERCORRÊNCIAS CLÍNICAS DE PACIENTE ONCOLÓGICO
COLANGIOGRAFIA TRANS-HEPATICA,0304100021,TRATAMENTO CLÍNICO DE PACIENTE ONCOLÓGICO
COLANGIOGRAFIA TRANS-HEPATICA,0406020078,IMPLANTAÇÃO DE CATETER DE LONGA PERMANÊNCIA SEMI OU TOTALMENTE IMPLANTAVEL (PROCEDIMENTO PRINCIPAL)
COLANGIOGRAFIA TRANS-HEPATICA,0407010165,GASTROENTEROANASTOMOSE
COLANGIOGRAFIA TRANS-HEPATICA,0407020306,JEJUNOSTOMIA / ILEOSTOMIA
COLANGIOGRAFIA TRANS-HEPATICA,0407030018,ANASTOMOSE BILEO-DIGESTIVA
COLANGIOGRAFIA TRANS-HEPATICA,0407030034,COLECISTECTOMIA VIDEOLAPAROSCÓPICA
COLANGIOGRAFIA TRANS-HEPATICA,0407030042,COLECISTOSTOMIA
COLANGIOGRAFIA TRANS-HEPATICA,0407030050,COLEDOCOPLASTIA
COLANGIOGRAFIA TRANS-HEPATICA,0407030255,COLANGIOPANCREATOGRAFIA RETRÓGRADA ENDOSCÓPICA TERAPÊUTICA
COLANGIOGRAFIA TRANS-HEPATICA,0412040166,TORACOSTOMIA COM DRENAGEM PLEURAL FECHADA
COLANGIOGRAFIA TRANS-HEPATICA,0415010012,TRATAMENTO C/ CIRURGIAS MULTIPLAS
COLANGIOGRAFIA TRANS-HEPATICA,0415020034,OUTROS PROCEDIMENTOS COM CIRURGIAS SEQUENCIAIS
COLANGIOGRAFIA TRANS-HEPATICA,0415020050,PROCEDIMENTOS SEQUENCIAIS EM ONCOLOGIA
COLANGIOGRAFIA TRANS-HEPATICA,0416040195,QUIMIOEMBOLIZAÇÃO DE CARCINOMA HEPÁTICO
COLANGIOGRAFIA TRANS-HEPATICA,0416040330,LAPARATOMIA EXPLORADORA VIDEOLAPAROSCÓPICA EM ONCOLOGIA
COLANGIOGRAFIA TRANS-HEPATICA,0506020045,TRATAMENTO DE INTERCORRÊNCIA PÓS-TRANSPLANTE DE ÓRGÃOS / CÉLULAS-TRONCO HEMATOPOÉTICAS
COLANGIOGRAFIA TRANS-HEPATICA,0506020096,TRATAMENTO DE INTERCORRENCIA PÓS TRANSPLANTE DE FIGADO- PÓS TRANSPLANTE CRÍTICO
COLANGIOPANCREATOGRAFIA ENDOSCOPICA RETR,0303010037,TRATAMENTO DE OUTRAS DOENÇAS BACTERIANAS
COLANGIOPANCREATOGRAFIA ENDOSCOPICA RETR,0303070129,TRATAMENTO DE TRANSTORNOS DAS VIAS BILIARES E PANCREAS
COLANGIOPANCREATOGRAFIA ENDOSCOPICA RETR,0304100013,TRATAMENTO DE INTERCORRÊNCIAS CLÍNICAS DE PACIENTE ONCOLÓGICO
COLANGIOPANCREATOGRAFIA ENDOSCOPICA RETR,0304100021,TRATAMENTO CLÍNICO DE PACIENTE ONCOLÓGICO
COLANGIOPANCREATOGRAFIA ENDOSCOPICA RETR,0407010084,ESOFAGOPLASTIA / GASTROPLASTIA
COLANGIOPANCREATOGRAFIA ENDOSCOPICA RETR,0407030034,COLECISTECTOMIA VIDEOLAPAROSCÓPICA
COLANGIOPANCREATOGRAFIA ENDOSCOPICA RETR,0407030255,COLANGIOPANCREATOGRAFIA RETRÓGRADA ENDOSCÓPICA TERAPÊUTICA
COLANGIOPANCREATOGRAFIA ENDOSCOPICA RETR,0415020034,OUTROS PROCEDIMENTOS COM CIRURGIAS SEQUENCIAIS
COLANGIOPANCREATOGRAFIA ENDOSCOPICA RETR,0416040284,IMPLANTAÇÃO ENDOSCÓPICA DE STENT ESOFÁGICO
COLANGIOPANCREATOGRAFIA ENDOSCOPICA RETR,0506020045,TRATAMENTO DE INTERCORRÊNCIA PÓS-TRANSPLANTE DE ÓRGÃOS / CÉLULAS-TRONCO HEMATOPOÉTICAS
COLANGIOPANCREATOGRAFIA ENDOSCOPICA RETR,0506020096,TRATAMENTO DE INTERCORRENCIA PÓS TRANSPLANTE DE FIGADO- PÓS TRANSPLANTE CRÍTICO
COLECISTECTOMIA,0407030026,COLECISTECTOMIA
COLECISTECTOMIA,0407030034,COLECISTECTOMIA VIDEOLAPAROSCÓPICA
COLECISTECTOMIA,0415020034,OUTROS PROCEDIMENTOS COM CIRURGIAS SEQUENCIAIS
COLECISTECTOMIA,0416040101,HEPATECTOMIA PARCIAL EM ONCOLOGIA
COLECISTECTOMIA,0506020045,TRATAMENTO DE INTERCORRÊNCIA PÓS-TRANSPLANTE DE ÓRGÃOS / CÉLULAS-TRONCO HEMATOPOÉTICAS
COLECISTECTOMIA VIDEOLAPAROSCOPICA,0407030026,COLECISTECTOMIA
COLECISTECTOMIA VIDEOLAPAROSCOPICA,0407030034,COLECISTECTOMIA VIDEOLAPAROSCÓPICA
COLECISTECTOMIA VIDEOLAPAROSCOPICA,0407030255,COLANGIOPANCREATOGRAFIA RETRÓGRADA ENDOSCÓPICA TERAPÊUTICA
COLECISTECTOMIA VIDEOLAPAROSCOPICA,0415010012,TRATAMENTO C/ CIRURGIAS MULTIPLAS
COLECISTECTOMIA VIDEOLAPAROSCOPICA,0415020034,OUTROS PROCEDIMENTOS COM CIRURGIAS SEQUENCIAIS
COLECISTECTOMIA VIDEOLAPAROSCOPICA,0506020045,TRATAMENTO DE INTERCORRÊNCIA PÓS-TRANSPLANTE DE ÓRGÃOS / CÉLULAS-TRONCO HEMATOPOÉTICAS
COLECISTECTOMIA VIDEOLAPAROSCOPICA,0506020070,TRATAMENTO DE INTERCORRÊNCIA PÓS TRANSPLANTE DE PULMÃO UNI/BILATERAL - PÓS TRANSPLANTE CRÍTICO
COLECTOMIA PARCIAL (HEMICOLECTOMIA),0406030162,"IMPLANTE PERCUTÂNEO DE VÁLVULA AÓRTICA (TAVI), POR VIA TRANSFEMORAL"
COLECTOMIA PARCIAL (HEMICOLECTOMIA),0407020063,COLECTOMIA PARCIAL (HEMICOLECTOMIA)
COLECTOMIA PARCIAL (HEMICOLECTOMIA),0407020098,COLORRAFIA POR VIA ABDOMINAL
COLECTOMIA PARCIAL (HEMICOLECTOMIA),0407020101,COLOSTOMIA
COLECTOMIA PARCIAL (HEMICOLECTOMIA),0415020034,OUTROS PROCEDIMENTOS COM CIRURGIAS SEQUENCIAIS
COLECTOMIA PARCIAL (HEMICOLECTOMIA),0415020050,PROCEDIMENTOS SEQUENCIAIS EM ONCOLOGIA
COLECTOMIA PARCIAL (HEMICOLECTOMIA),0416040276,RESSECÇÃO ALARGADA DE TUMOR DE INTESTINO EM ONCOLOGIA
COLECTOMIA PARCIAL (HEMICOLECTOMIA),0416050026,COLECTOMIA PARCIAL (HEMICOLECTOMIA) EM ONCOLOGIA
COLECTOMIA PARCIAL (HEMICOLECTOMIA),0416050077,RETOSSIGMOIDECTOMIA ABDOMINAL EM ONCOLOGIA
COLECTOMIA PARCIAL (HEMICOLECTOMIA),0416050123,COLECTOMIA VIDEOLAPAROSCÓPICA EM ONCOLOGIA
COLECTOMIA PARCIAL (HEMICOLECTOMIA),0506020045,TRATAMENTO DE INTERCORRÊNCIA PÓS-TRANSPLANTE DE ÓRGÃOS / CÉLULAS-TRONCO HEMATOPOÉTICAS
COLECTOMIA PARCIAL POR VIDEOLAPAROSCOPIA,0303070099,
COLECTOMIA PARCIAL POR VIDEOLAPAROSCOPIA,0407020063,COLECTOMIA PARCIAL (HEMICOLECTOMIA)
COLECTOMIA PARCIAL POR VIDEOLAPAROSCOPIA,0415020034,OUTROS PROCEDIMENTOS COM CIRURGIAS SEQUENCIAIS
COLECTOMIA PARCIAL POR VIDEOLAPAROSCOPIA,0415020050,PROCEDIMENTOS SEQUENCIAIS EM ONCOLOGIA
COLECTOMIA PARCIAL POR VIDEOLAPAROSCOPIA,0416050026,COLECTOMIA PARCIAL (HEMICOLECTOMIA) EM ONCOLOGIA
COLECTOMIA PARCIAL POR VIDEOLAPAROSCOPIA,0416050077,RETOSSIGMOIDECTOMIA ABDOMINAL EM ONCOLOGIA
COLECTOMIA PARCIAL POR VIDEOLAPAROSCOPIA,0416050123,COLECTOMIA VIDEOLAPAROSCÓPICA EM ONCOLOGIA
COLECTOMIA TOTAL,0407020071,COLECTOMIA TOTAL
COLECTOMIA TOTAL,0407020080,COLECTOMIA VIDEOLAPAROSCÓPICA
COLECTOMIA TOTAL,0415020034,OUTROS PROCEDIMENTOS COM CIRURGIAS SEQUENCIAIS
COLECTOMIA TOTAL,0415020050,PROCEDIMENTOS SEQUENCIAIS EM ONCOLOGIA
COLECTOMIA TOTAL,0416050034,COLECTOMIA TOTAL EM ONCOLOGIA
COLECTOMIA TOTAL,0416050123,COLECTOMIA VIDEOLAPAROSCÓPICA EM ONCOLOGIA
COLECTOMIA TOTAL,0506020045,TRATAMENTO DE INTERCORRÊNCIA PÓS-TRANSPLANTE DE ÓRGÃOS / CÉLULAS-TRONCO HEMATOPOÉTICAS
COLEDOCOPLASTIA,0416040101,HEPATECTOMIA PARCIAL EM ONCOLOGIA
COLETA POR ASPIRACAO DE MEDULA P/TMO,0406020078,IMPLANTAÇÃO DE CATETER DE LONGA PERMANÊNCIA SEMI OU TOTALMENTE IMPLANTAVEL (PROCEDIMENTO PRINCIPAL)
COLETA POR ASPIRACAO DE MEDULA P/TMO,0501030069,COLETA E ACONDICIONAMENTO DE MEDULA OSSEA NO BRASIL PARA TRANSPLANTE AUTOGENICO OU DE DOADOR APARENTADO OU NAO APARENTADO
COLOCACAO DE BALAO INTRA-AORTICO,0303060212,TRATAMENTO DE INSUFICIENCIA CARDIACA
COLOCACAO DE BALAO INTRA-AORTICO,0406030049,ANGIOPLASTIA CORONARIANA PRIMÁRIA
COLOCACAO DE CATETER DUPLO J,0303010037,TRATAMENTO DE OUTRAS DOENÇAS BACTERIANAS
COLOCACAO DE CATETER DUPLO J,0303150050,TRATAMENTO DE OUTRAS DOENCAS DO APARELHO URINARIO
COLOCACAO DE CATETER DUPLO J,0303170131,TRATAMENTO CLÍNICO EM SAÚDE MENTAL EM SITUAÇÃO DE RISCO ELEVADO DE SUICÍDIO.
COLOCACAO DE CATETER DUPLO J,0303180072,TRATAMENTO DE HIV / AIDS
COLOCACAO DE CATETER DUPLO J,0304100013,TRATAMENTO DE INTERCORRÊNCIAS CLÍNICAS DE PACIENTE ONCOLÓGICO
COLOCACAO DE CATETER DUPLO J,0407040013,DRENAGEM DE ABSCESSO PÉLVICO
COLOCACAO DE CATETER DUPLO J,0409010170,INSTALAÇÃO ENDOSCÓPICA DE CATETER DUPLO J
COLOCACAO DE CATETER DUPLO J,0409010286,NEFROSTOMIA COM OU SEM DRENAGEM
COLOCACAO DE CATETER DUPLO J,0409010294,NEFROSTOMIA PERCUTÂNEA
COLOCACAO DE CATETER DUPLO J,0415020034,OUTROS PROCEDIMENTOS COM CIRURGIAS SEQUENCIAIS
COLOCACAO DE CATETER DUPLO J,0505020092,TRANSPLANTE DE RIM (ORGAO DE DOADOR FALECIDO)
COLOCACAO DE CATETER DUPLO J,0506020045,TRATAMENTO DE INTERCORRÊNCIA PÓS-TRANSPLANTE DE ÓRGÃOS / CÉLULAS-TRONCO HEMATOPOÉTICAS
COLOCACAO DE CATETER DUPLO J,0506020070,TRATAMENTO DE INTERCORRÊNCIA PÓS TRANSPLANTE DE PULMÃO UNI/BILATERAL - PÓS TRANSPLANTE CRÍTICO
COLOCACAO DE CATETER VESICAL,0304100021,TRATAMENTO CLÍNICO DE PACIENTE ONCOLÓGICO
COLOCACAO DE DRENO,0303010037,TRATAMENTO DE OUTRAS DOENÇAS BACTERIANAS
COLOCACAO DE DRENO,0303180013,TRATAMENTO DE AFECÇÕES ASSOCIADAS AO HIV/AIDS
COLOCACAO DE DRENO,0411010026,OPERAÇÃO CESARIANA EM GESTAÇÃO DE ALTO RISCO
COLOCACAO DE DRENO,0412040166,TORACOSTOMIA COM DRENAGEM PLEURAL FECHADA
COLOCACAO DE DRENO,0415020034,OUTROS PROCEDIMENTOS COM CIRURGIAS SEQUENCIAIS
COLOCACAO DE EXPANSOR DE PELE,0413040020,CORREÇÃO DE RETRAÇÃO CICATRICIAL VÁRIOS ESTÁGIOS
COLOCACAO DE FIXADOR,0404030050,OSTEOTOMIA DA MANDÍBULA EM PACIENTE COM ANOMALIA CRÂNIO E BUCOMAXILOFACIAL
COLOCACAO DE FIXADOR,0408050861,TRATAMENTO CIRÚRGICO DE PSEUDARTROSE / RETARDO DE CONSOLIDAÇÃO / PERDA ÓSSEA DA DIÁFISE TIBIAL
COLOCACAO DE FIXADOR,0408060360,RETIRADA DE FIXADOR EXTERNO
COLOCACAO DE GESSO PELVICO PODALICO,0303090138,TRATAMENTO CONSERVADOR DE FRATURA / LESAO LIGAMENTAR / ARRANCAMENTO OSSEO AO NIVEL DA PELVE
COLOCACAO DE GESSO PELVICO PODALICO,0408040343,TRATAMENTO CIRURGICO DE LUXACAO ESPONTANEA / PROGRESSIVA / PARALITICA DO QUADRIL
COLOCACAO DE PORTOCATH,0303010037,TRATAMENTO DE OUTRAS DOENÇAS BACTERIANAS
COLOCACAO DE PORTOCATH,0303070099,TRATAMENTO DE ENTERITES E COLITES NAO INFECCIOSAS
COLOCACAO DE PORTOCATH,0303070129,TRATAMENTO DE TRANSTORNOS DAS VIAS BILIARES E PANCREAS
COLOCACAO DE PORTOCATH,0303140143,TRATAMENTO DE OUTRAS INFECCOES AGUDAS DAS VIAS AEREAS INFERIORES
COLOCACAO DE PORTOCATH,0304080020,INTERNAÇÃO P/ QUIMIOTERAPIA DE ADMINISTRAÇÃO CONTÍNUA
COLOCACAO DE PORTOCATH,0304080039,INTERNAÇÃO P/ QUIMIOTERAPIA DE LEUCEMIAS AGUDAS / CRÔNICAS AGUDIZADAS
COLOCACAO DE PORTOCATH,0304100013,TRATAMENTO DE INTERCORRÊNCIAS CLÍNICAS DE PACIENTE ONCOLÓGICO
COLOCACAO DE PORTOCATH,0304100021,TRATAMENTO CLÍNICO DE PACIENTE ONCOLÓGICO
COLOCACAO DE PORTOCATH,0406020078,IMPLANTAÇÃO DE CATETER DE LONGA PERMANÊNCIA SEMI OU TOTALMENTE IMPLANTAVEL (PROCEDIMENTO PRINCIPAL)
COLOCACAO DE PORTOCATH,0407020101,COLOSTOMIA
COLOCACAO DE PORTOCATH,0415020034,OUTROS PROCEDIMENTOS COM CIRURGIAS SEQUENCIAIS
COLOCACAO DE PORTOCATH,0416040330,LAPARATOMIA EXPLORADORA VIDEOLAPAROSCÓPICA EM ONCOLOGIA
COLOCACAO DE PORTOCATH,0506020045,TRATAMENTO DE INTERCORRÊNCIA PÓS-TRANSPLANTE DE ÓRGÃOS / CÉLULAS-TRONCO HEMATOPOÉTICAS
COLOCACAO DE PORTOCATH,0506020096,TRATAMENTO DE INTERCORRENCIA PÓS TRANSPLANTE DE FIGADO- PÓS TRANSPLANTE CRÍTICO
COLOCACAO DE PROTESE,0415020034,OUTROS PROCEDIMENTOS COM CIRURGIAS SEQUENCIAIS
COLOCACAO DE PROTESE MAMARIA,0410010065,MASTECTOMIA SIMPLES
COLOCACAO DE PROTESE MAMARIA,0410010073,PLASTICA MAMÁRIA FEMININA NAO ESTETICA
COLOCACAO DE PROTESE MAMARIA,0410010090,PLASTICA MAMÁRIA RECONSTRUTIVA PÓS MASTECTOMIA C/ IMPLANTE DE PRÓTESE
COLOCACAO DE PROTESE MAMARIA,0410010200,PLÁSTICA MAMÁRIA RECONSTRUTIVA BILATERAL INCLUINDO PRÓTESE MAMÁRIA DE SILICONE BILATERAL NO PROCESSO TRANSEXUALIZADOR
COLOCACAO DE PROTESE MAMARIA,0410010219,RECONSTRUÇÃO MAMÁRIA PÓS-MASTECTOMIA TOTAL
COLOCACAO DE PROTESE MAMARIA,0415020034,OUTROS PROCEDIMENTOS COM CIRURGIAS SEQUENCIAIS
COLOCACAO DE PROTESE MAMARIA,0415020050,PROCEDIMENTOS SEQUENCIAIS EM ONCOLOGIA
COLOCACAO DE PROTESE TESTICULAR,0409040185,REPARAÇÃO E OPERAÇÃO PLÁSTICA DO TESTÍCULO
COLOCACAO DE VALVULA DE DERIVACAO VENTRICULAR EXTERNA,0403010098,DERIVAÇÃO VENTRICULAR EXTERNAR-SUBGALEAL EXTERNA
COLOCACAO DE VALVULA DE DERIVACAO VENTRICULAR EXTERNA,0403070171,TRATAMENTO DO ACIDENTE VASCULAR CEREBRAL ISQUÊMICO AGUDO COM TROMBECTOMIA MECÂNICA
COLOCACAO DE VALVULA DE DERIVACAO VENTRICULAR EXTERNA,0415020034,OUTROS PROCEDIMENTOS COM CIRURGIAS SEQUENCIAIS
COLOCACAO DE VALVULA DE DERIVACAO VENTRICULAR EXTERNA,0415020077,PROCEDIMENTOS SEQUENCIAIS EM NEUROCIRURGIA
COLOCACAO DE VALVULA DE DERIVACAO VENTRICULAR EXTERNA,0506020045,TRATAMENTO DE INTERCORRÊNCIA PÓS-TRANSPLANTE DE ÓRGÃOS / CÉLULAS-TRONCO HEMATOPOÉTICAS
COLOCACAO DISPOSITIVO INTRA UTERINO,0506020045,TRATAMENTO DE INTERCORRÊNCIA PÓS-TRANSPLANTE DE ÓRGÃOS / CÉLULAS-TRONCO HEMATOPOÉTICAS
COLOCAÇÃO DE CATETER VENOSO CENTRAL - BROVIAC,0301160023,REABILITAÇÃO EM FALÊNCIA INTESTINAL EM NÍVEL HOSPITALAR
COLOCAÇÃO DE CATETER VENOSO CENTRAL - BROVIAC,0303010037,TRATAMENTO DE OUTRAS DOENÇAS BACTERIANAS
COLOCAÇÃO DE CATETER VENOSO CENTRAL - BROVIAC,0303070102,TRATAMENTO DE OUTRAS DOENCAS DO APARELHO DIGESTIVO
COLOCAÇÃO DE CATETER VENOSO CENTRAL - BROVIAC,0303070110,TRATAMENTO DE OUTRAS DOENCAS DO INTESTINO
COLOCAÇÃO DE CATETER VENOSO CENTRAL - BROVIAC,0305010174,TRATAMENTO DE INTERCORRÊNCIA EM PACIENTE RENAL CRÔNICO SOB TRATAMENTO DIALÍTICO ( POR DIA)
COLOCAÇÃO DE CATETER VENOSO CENTRAL - BROVIAC,0406020078,IMPLANTAÇÃO DE CATETER DE LONGA PERMANÊNCIA SEMI OU TOTALMENTE IMPLANTAVEL (PROCEDIMENTO PRINCIPAL)
COLOCAÇÃO DE CATETER VENOSO CENTRAL - BROVIAC,0415020034,OUTROS PROCEDIMENTOS COM CIRURGIAS SEQUENCIAIS
COLOCAÇÃO DE CATETER VENOSO CENTRAL - BROVIAC,0506020096,TRATAMENTO DE INTERCORRENCIA PÓS TRANSPLANTE DE FIGADO- PÓS TRANSPLANTE CRÍTICO
COLOCAÇÃO DE CATETER VENOSO CENTRAL - DUPLOLÚMEN,0301160023,REABILITAÇÃO EM FALÊNCIA INTESTINAL EM NÍVEL HOSPITALAR
COLOCAÇÃO DE CATETER VENOSO CENTRAL - DUPLOLÚMEN,0303010037,TRATAMENTO DE OUTRAS DOENÇAS BACTERIANAS
COLOCAÇÃO DE CATETER VENOSO CENTRAL - DUPLOLÚMEN,0303010142,TRATAMENTO DE INFECÇÕES VIRAIS DO SISTEMA NERVOSO CENTRAL
COLOCAÇÃO DE CATETER VENOSO CENTRAL - DUPLOLÚMEN,0303010169,TRATAMENTO DE MICOSES (B35 A B49)
COLOCAÇÃO DE CATETER VENOSO CENTRAL - DUPLOLÚMEN,0303010215,TRATAMENTO DE TUBERCULOSE (A15 A A19)
COLOCAÇÃO DE CATETER VENOSO CENTRAL - DUPLOLÚMEN,0303030038,TRATAMENTO DE DIABETES MELLITUS
COLOCAÇÃO DE CATETER VENOSO CENTRAL - DUPLOLÚMEN,0303030046,TRATAMENTO DE DISTURBIOS METABOLICOS
COLOCAÇÃO DE CATETER VENOSO CENTRAL - DUPLOLÚMEN,0303030062,TRATAMENTO DE TRANSTORNOS DE OUTRAS GLÂNDULAS ENDÓCRINAS
COLOCAÇÃO DE CATETER VENOSO CENTRAL - DUPLOLÚMEN,0303040017,AJUSTE MEDICAMENTOSO DE SITUAÇÕES NEUROLÓGICAS AGUDIZADAS
COLOCAÇÃO DE CATETER VENOSO CENTRAL - DUPLOLÚMEN,0303040122,TRATAMENTO CONSERVADOR DE TUMOR DO SISTEMA NERVOSO CENTRAL
COLOCAÇÃO DE CATETER VENOSO CENTRAL - DUPLOLÚMEN,0303040149,TRATAMENTO DE ACIDENTE VASCULAR CEREBRAL - AVC (ISQUEMICO OU HEMORRAGICO AGUDO)
COLOCAÇÃO DE CATETER VENOSO CENTRAL - DUPLOLÚMEN,0303060131,TRATAMENTO DE EDEMA AGUDO DE PULMÃO
COLOCAÇÃO DE CATETER VENOSO CENTRAL - DUPLOLÚMEN,0303060158,TRATAMENTO DE ENDOCARDITE INFECCIOSA EM PROTESE VALVAR
COLOCAÇÃO DE CATETER VENOSO CENTRAL - DUPLOLÚMEN,0303060166,TRATAMENTO DE ENDOCARDITE INFECCIOSA EM VALVULA NATIVA
COLOCAÇÃO DE CATETER VENOSO CENTRAL - DUPLOLÚMEN,0303060190,TRATAMENTO DE INFARTO AGUDO DO MIOCÁRDIO
COLOCAÇÃO DE CATETER VENOSO CENTRAL - DUPLOLÚMEN,0303060212,TRATAMENTO DE INSUFICIENCIA CARDIACA
COLOCAÇÃO DE CATETER VENOSO CENTRAL - DUPLOLÚMEN,0303070064,TRATAMENTO DE DOENCAS DO ESOFAGO ESTOMAGO E DUODENO
COLOCAÇÃO DE CATETER VENOSO CENTRAL - DUPLOLÚMEN,0303070072,TRATAMENTO DE DOENCAS DO FIGADO
COLOCAÇÃO DE CATETER VENOSO CENTRAL - DUPLOLÚMEN,0303070102,TRATAMENTO DE OUTRAS DOENCAS DO APARELHO DIGESTIVO
COLOCAÇÃO DE CATETER VENOSO CENTRAL - DUPLOLÚMEN,0303070110,TRATAMENTO DE OUTRAS DOENCAS DO INTESTINO
COLOCAÇÃO DE CATETER VENOSO CENTRAL - DUPLOLÚMEN,0303070129,TRATAMENTO DE TRANSTORNOS DAS VIAS BILIARES E PANCREAS
COLOCAÇÃO DE CATETER VENOSO CENTRAL - DUPLOLÚMEN,0303080094,TRATAMENTO DE OUTRAS AFECÇÕES DA PELE E DO TECIDO SUBCUTÂNEO
COLOCAÇÃO DE CATETER VENOSO CENTRAL - DUPLOLÚMEN,0303090316,TRATAMENTO DAS POLIARTROPATIAS INFLAMATORIAS
COLOCAÇÃO DE CATETER VENOSO CENTRAL - DUPLOLÚMEN,0303110015,TRATAMENTO DAS MALFORMACOES E DEFORMIDADES CONGENITAS DO SISTEMA OSTEOMUSCULAR
COLOCAÇÃO DE CATETER VENOSO CENTRAL - DUPLOLÚMEN,0303110104,TRATAMENTO DE OUTRAS MALFORMACOES CONGENITAS
COLOCAÇÃO DE CATETER VENOSO CENTRAL - DUPLOLÚMEN,0303140020,TRATAMENTO DA FIBROSE CISTICA COM MANIFESTACOES PULMONARES
COLOCAÇÃO DE CATETER VENOSO CENTRAL - DUPLOLÚMEN,0303140046,TRATAMENTO DAS DOENCAS CRONICAS DAS VIAS AEREAS INFERIORES
COLOCAÇÃO DE CATETER VENOSO CENTRAL - DUPLOLÚMEN,0303140143,TRATAMENTO DE OUTRAS INFECCOES AGUDAS DAS VIAS AEREAS INFERIORES
COLOCAÇÃO DE CATETER VENOSO CENTRAL - DUPLOLÚMEN,0303140151,TRATAMENTO DE PNEUMONIAS OU INFLUENZA (GRIPE)
COLOCAÇÃO DE CATETER VENOSO CENTRAL - DUPLOLÚMEN,0303170131,TRATAMENTO CLÍNICO EM SAÚDE MENTAL EM SITUAÇÃO DE RISCO ELEVADO DE SUICÍDIO.
COLOCAÇÃO DE CATETER VENOSO CENTRAL - DUPLOLÚMEN,0303170166,TRATAMENTO CLÍNICO DE TRANSTORNOS MENTAIS E COMPORTAMENTAIS DEVIDO AO USO DE ÁLCOOL
COLOCAÇÃO DE CATETER VENOSO CENTRAL - DUPLOLÚMEN,0303180013,TRATAMENTO DE AFECÇÕES ASSOCIADAS AO HIV/AIDS
COLOCAÇÃO DE CATETER VENOSO CENTRAL - DUPLOLÚMEN,0304080020,INTERNAÇÃO P/ QUIMIOTERAPIA DE ADMINISTRAÇÃO CONTÍNUA
COLOCAÇÃO DE CATETER VENOSO CENTRAL - DUPLOLÚMEN,0304080039,INTERNAÇÃO P/ QUIMIOTERAPIA DE LEUCEMIAS AGUDAS / CRÔNICAS AGUDIZADAS
COLOCAÇÃO DE CATETER VENOSO CENTRAL - DUPLOLÚMEN,0304100013,TRATAMENTO DE INTERCORRÊNCIAS CLÍNICAS DE PACIENTE ONCOLÓGICO
COLOCAÇÃO DE CATETER VENOSO CENTRAL - DUPLOLÚMEN,0304100021,TRATAMENTO CLÍNICO DE PACIENTE ONCOLÓGICO
COLOCAÇÃO DE CATETER VENOSO CENTRAL - DUPLOLÚMEN,0305010174,TRATAMENTO DE INTERCORRÊNCIA EM PACIENTE RENAL CRÔNICO SOB TRATAMENTO DIALÍTICO ( POR DIA)
COLOCAÇÃO DE CATETER VENOSO CENTRAL - DUPLOLÚMEN,0305020013,TRATAMENTO DA PIELONEFRITE
COLOCAÇÃO DE CATETER VENOSO CENTRAL - DUPLOLÚMEN,0305020048,TRATAMENTO DE INSUFICIÊNCIA RENAL AGUDA
COLOCAÇÃO DE CATETER VENOSO CENTRAL - DUPLOLÚMEN,0305020056,TRATAMENTO DA DOENÇA RENAL CRÔNICA - DRC
COLOCAÇÃO DE CATETER VENOSO CENTRAL - DUPLOLÚMEN,0308040015,TRATAMENTO DE COMPLICACOES DE PROCEDIMENTOS CIRURGICOS OU CLINICOS
COLOCAÇÃO DE CATETER VENOSO CENTRAL - DUPLOLÚMEN,0402010027,PARATIREOIDECTOMIA
COLOCAÇÃO DE CATETER VENOSO CENTRAL - DUPLOLÚMEN,0403010101,DERIVAÇÃO VENTRICULAR PARA PERITÔNEO / ÁTRIO / PLEURA / RAQUE
COLOCAÇÃO DE CATETER VENOSO CENTRAL - DUPLOLÚMEN,0403010160,RETIRADA DE DERIVAÇÃO VENTRICULAR PARA PERITONEO / ÁTRIO / PLEURA / RAQUE
COLOCAÇÃO DE CATETER VENOSO CENTRAL - DUPLOLÚMEN,0403010390,DRENAGEM LIQUÓRICA LOMBAR EXTERNA
COLOCAÇÃO DE CATETER VENOSO CENTRAL - DUPLOLÚMEN,0403030064,HIPOFISECTOMIA TRANSESFENOIDAL POR TECNICA COMPLEMENTAR
COLOCAÇÃO DE CATETER VENOSO CENTRAL - DUPLOLÚMEN,0403030099,MICROCIRURGIA DE TUMOR MEDULAR COM TECNICA COMPLEMENTAR
COLOCAÇÃO DE CATETER VENOSO CENTRAL - DUPLOLÚMEN,0403030102,MICROCIRURGIA DE TUMOR MEDULAR
COLOCAÇÃO DE CATETER VENOSO CENTRAL - DUPLOLÚMEN,0403030153,MICROCIRURGIA PARA TUMOR INTRACRANIANO (COM TÉCNICA COMPLEMENTAR)
COLOCAÇÃO DE CATETER VENOSO CENTRAL - DUPLOLÚMEN,0403030161,RESSECÇÃO DE TUMOR RAQUIMEDULAR EXTRADURAL
COLOCAÇÃO DE CATETER VENOSO CENTRAL - DUPLOLÚMEN,0404010059,DRENAGEM DE ABSCESSO FARINGEO
COLOCAÇÃO DE CATETER VENOSO CENTRAL - DUPLOLÚMEN,0404020453,OSTEOTOMIA DA MAXILA
COLOCAÇÃO DE CATETER VENOSO CENTRAL - DUPLOLÚMEN,0404020461,OSTEOTOMIA DA MANDIBULA
COLOCAÇÃO DE CATETER VENOSO CENTRAL - DUPLOLÚMEN,0406010803,
COLOCAÇÃO DE CATETER VENOSO CENTRAL - DUPLOLÚMEN,0406010919,RETIRADA DE SISTEMA DE ESTIMULAÇÃO CARDÍACA ARTIFICIAL
COLOCAÇÃO DE CATETER VENOSO CENTRAL - DUPLOLÚMEN,0406020019,ANASTOMOSE ESPLENO-RENAL / OUTRA DERIVAÇÃO CENTRAL
COLOCAÇÃO DE CATETER VENOSO CENTRAL - DUPLOLÚMEN,0406020078,IMPLANTAÇÃO DE CATETER DE LONGA PERMANÊNCIA SEMI OU TOTALMENTE IMPLANTAVEL (PROCEDIMENTO PRINCIPAL)
COLOCAÇÃO DE CATETER VENOSO CENTRAL - DUPLOLÚMEN,0406020159,EXERESE DE GANGLIO LINFÁTICO
COLOCAÇÃO DE CATETER VENOSO CENTRAL - DUPLOLÚMEN,0406020353,PONTE-TROMBOENDARTERECTOMIA AORTO-FEMURAL
COLOCAÇÃO DE CATETER VENOSO CENTRAL - DUPLOLÚMEN,0406030030,ANGIOPLASTIA CORONARIANA COM IMPLANTE DE STENT
COLOCAÇÃO DE CATETER VENOSO CENTRAL - DUPLOLÚMEN,0406040044,"ANGIOPLASTIA INTRALUMINAL DE AORTA, VEIA CAVA / VASOS ILÍACOS (SEM STENT)"
COLOCAÇÃO DE CATETER VENOSO CENTRAL - DUPLOLÚMEN,0406040052,ANGIOPLASTIA INTRALUMINAL DE VASOS DAS EXTREMIDADES (SEM STENT)
COLOCAÇÃO DE CATETER VENOSO CENTRAL - DUPLOLÚMEN,0406040141,COLOCAÇÃO PERCUTÂNEA DE FILTRO DE VEIA CAVA (NA TROMBOSE VENOSA PERIFÉRICA E EMBOLIA PULMONAR)
COLOCAÇÃO DE CATETER VENOSO CENTRAL - DUPLOLÚMEN,0406040192,EMBOLIZAÇÃO ARTERIAL DE HEMORRAGIA DIGESTIVA (INCLUI PROCEDIMENTO ENDOSCÓPICO E/OU ESTUDO ANGIOGRÁFICO)
COLOCAÇÃO DE CATETER VENOSO CENTRAL - DUPLOLÚMEN,0406040273,OCLUSÃO PERCUTÂNEA ENDOVASCULAR DE ARTÉRIA / VEIA
COLOCAÇÃO DE CATETER VENOSO CENTRAL - DUPLOLÚMEN,0406040303,TRATAMENTO DE HEMATURIA OU SANGRAMENTO GENITAL POR EMBOLIZAÇÃO (INCLUI ESTUDO ANGIOGRÁFICO E/OU ENDOSCÓPICO)
COLOCAÇÃO DE CATETER VENOSO CENTRAL - DUPLOLÚMEN,0407010165,GASTROENTEROANASTOMOSE
COLOCAÇÃO DE CATETER VENOSO CENTRAL - DUPLOLÚMEN,0407010211,GASTROSTOMIA
COLOCAÇÃO DE CATETER VENOSO CENTRAL - DUPLOLÚMEN,0407020047,APENDICECTOMIA VIDEOLAPAROSCÓPICA
COLOCAÇÃO DE CATETER VENOSO CENTRAL - DUPLOLÚMEN,0407020080,COLECTOMIA VIDEOLAPAROSCÓPICA
COLOCAÇÃO DE CATETER VENOSO CENTRAL - DUPLOLÚMEN,0407020101,COLOSTOMIA
COLOCAÇÃO DE CATETER VENOSO CENTRAL - DUPLOLÚMEN,0407020144,DRENAGEM DE ABSCESSO ISQUIORRETAL
COLOCAÇÃO DE CATETER VENOSO CENTRAL - DUPLOLÚMEN,0407020179,ENTERECTOMIA
COLOCAÇÃO DE CATETER VENOSO CENTRAL - DUPLOLÚMEN,0407020187,ENTEROANASTOMOSE (QUALQUER SEGMENTO)
COLOCAÇÃO DE CATETER VENOSO CENTRAL - DUPLOLÚMEN,0407020306,JEJUNOSTOMIA / ILEOSTOMIA
COLOCAÇÃO DE CATETER VENOSO CENTRAL - DUPLOLÚMEN,0407030018,ANASTOMOSE BILEO-DIGESTIVA
COLOCAÇÃO DE CATETER VENOSO CENTRAL - DUPLOLÚMEN,0407030123,ESPLENECTOMIA
COLOCAÇÃO DE CATETER VENOSO CENTRAL - DUPLOLÚMEN,0407030166,HEPATOTOMIA E DRENAGEM DE ABSCESSO / CISTO
COLOCAÇÃO DE CATETER VENOSO CENTRAL - DUPLOLÚMEN,0407030220,PANCREATOTOMIA PARA DRENAGEM
COLOCAÇÃO DE CATETER VENOSO CENTRAL - DUPLOLÚMEN,0407030255,COLANGIOPANCREATOGRAFIA RETRÓGRADA ENDOSCÓPICA TERAPÊUTICA
COLOCAÇÃO DE CATETER VENOSO CENTRAL - DUPLOLÚMEN,0407040021,DRENAGEM DE ABSCESSO SUBFRÊNICO
COLOCAÇÃO DE CATETER VENOSO CENTRAL - DUPLOLÚMEN,0407040030,DRENAGEM DE HEMATOMA / ABSCESSO PRE-PERITONEAL
COLOCAÇÃO DE CATETER VENOSO CENTRAL - DUPLOLÚMEN,0407040080,HERNIOPLASTIA INCISIONAL
COLOCAÇÃO DE CATETER VENOSO CENTRAL - DUPLOLÚMEN,0407040161,LAPAROTOMIA EXPLORADORA
COLOCAÇÃO DE CATETER VENOSO CENTRAL - DUPLOLÚMEN,0407040188,LIBERAÇÃO DE ADERÊNCIAS INTESTINAIS
COLOCAÇÃO DE CATETER VENOSO CENTRAL - DUPLOLÚMEN,0407040242,RESSUTURA DE PAREDE ABDOMINAL (POR DEISCENCIA TOTAL / EVISCERAÇÃO)
COLOCAÇÃO DE CATETER VENOSO CENTRAL - DUPLOLÚMEN,0407040250,TRATAMENTO CIRÚRGICO DE PERITONITE
COLOCAÇÃO DE CATETER VENOSO CENTRAL - DUPLOLÚMEN,0408030143,ARTRODESE INTERSOMATICA VIA POSTERIOR / POSTERO-LATERAL DOIS NÍVEIS
COLOCAÇÃO DE CATETER VENOSO CENTRAL - DUPLOLÚMEN,0408030305,"ARTRODESE TORACO-LOMBO-SACRA POSTERIOR, QUATRO NÍVEIS,"
COLOCAÇÃO DE CATETER VENOSO CENTRAL - DUPLOLÚMEN,0408040050,ARTROPLASTIA PARCIAL DE QUADRIL
COLOCAÇÃO DE CATETER VENOSO CENTRAL - DUPLOLÚMEN,0408040092,ARTROPLASTIA TOTAL PRIMARIA DO QUADRIL NÃO CIMENTADA / HÍBRIDA
COLOCAÇÃO DE CATETER VENOSO CENTRAL - DUPLOLÚMEN,0408040149,OSTECTOMIA DA PELVE
COLOCAÇÃO DE CATETER VENOSO CENTRAL - DUPLOLÚMEN,0408050012,AMPUTACAO / DESARTICULACAO DE MEMBROS INFERIORES
COLOCAÇÃO DE CATETER VENOSO CENTRAL - DUPLOLÚMEN,0408050020,AMPUTACAO / DESARTICULACAO DE PE E TARSO
COLOCAÇÃO DE CATETER VENOSO CENTRAL - DUPLOLÚMEN,0408050055,ARTROPLASTIA TOTAL DE JOELHO - REVISÃO / RECONSTRUÇÃO
COLOCAÇÃO DE CATETER VENOSO CENTRAL - DUPLOLÚMEN,0408050624,TRATAMENTO CIRÚRGICO DE FRATURA SUPRACONDILEANA DO FÊMUR (METÁFISE DISTAL)
COLOCAÇÃO DE CATETER VENOSO CENTRAL - DUPLOLÚMEN,0408060069,ARTROPLASTIA DE RESSECÇÃO DE MÉDIA / GRANDE ARTICULAÇÃO
COLOCAÇÃO DE CATETER VENOSO CENTRAL - DUPLOLÚMEN,0408060085,BURSECTOMIA
COLOCAÇÃO DE CATETER VENOSO CENTRAL - DUPLOLÚMEN,0408060182,OSTEOTOMIA DE OSSOS DA MÃO E/OU DO PÉ
COLOCAÇÃO DE CATETER VENOSO CENTRAL - DUPLOLÚMEN,0408060190,OSTEOTOMIA DE OSSOS LONGOS EXCETO DA MÃO E DO PÉ
COLOCAÇÃO DE CATETER VENOSO CENTRAL - DUPLOLÚMEN,0408060344,RETIRADA DE ESPAÇADORES / OUTROS MATERIAIS
COLOCAÇÃO DE CATETER VENOSO CENTRAL - DUPLOLÚMEN,0408060387,RETIRADA DE PRÓTESE DE SUBSTITUIÇÃO DE GRANDES ARTICULAÇÕES (OMBRO / COTOVELO / QUADRIL / JOELHO)
COLOCAÇÃO DE CATETER VENOSO CENTRAL - DUPLOLÚMEN,0409010065,CISTOLITOTOMIA E/OU RETIRADA DE CORPO ESTRANHO DA BEXIGA
COLOCAÇÃO DE CATETER VENOSO CENTRAL - DUPLOLÚMEN,0409010170,INSTALAÇÃO ENDOSCÓPICA DE CATETER DUPLO J
COLOCAÇÃO DE CATETER VENOSO CENTRAL - DUPLOLÚMEN,0409010219,NEFRECTOMIA TOTAL
COLOCAÇÃO DE CATETER VENOSO CENTRAL - DUPLOLÚMEN,0409010294,NEFROSTOMIA PERCUTÂNEA
COLOCAÇÃO DE CATETER VENOSO CENTRAL - DUPLOLÚMEN,0409030023,PROSTATECTOMIA SUPRAPÚBICA
COLOCAÇÃO DE CATETER VENOSO CENTRAL - DUPLOLÚMEN,0409030040,RESSECÇÃO ENDOSCÓPICA DE PRÓSTATA
COLOCAÇÃO DE CATETER VENOSO CENTRAL - DUPLOLÚMEN,0409040010,DRENAGEM DE ABSCESSO DA BOLSA ESCROTAL
COLOCAÇÃO DE CATETER VENOSO CENTRAL - DUPLOLÚMEN,0409050083,POSTECTOMIA
COLOCAÇÃO DE CATETER VENOSO CENTRAL - DUPLOLÚMEN,0411010026,OPERAÇÃO CESARIANA EM GESTAÇÃO DE ALTO RISCO
COLOCAÇÃO DE CATETER VENOSO CENTRAL - DUPLOLÚMEN,0412040115,RETIRADA DE CORPO ESTRANHO DA PAREDE TORÁCICA
COLOCAÇÃO DE CATETER VENOSO CENTRAL - DUPLOLÚMEN,0412040166,TORACOSTOMIA COM DRENAGEM PLEURAL FECHADA
COLOCAÇÃO DE CATETER VENOSO CENTRAL - DUPLOLÚMEN,0413040178,TRATAMENTO CIRURGICO DE LESOES EXTENSAS C/ PERDA DE SUBSTANCIA CUTANEA
COLOCAÇÃO DE CATETER VENOSO CENTRAL - DUPLOLÚMEN,0415020034,OUTROS PROCEDIMENTOS COM CIRURGIAS SEQUENCIAIS
COLOCAÇÃO DE CATETER VENOSO CENTRAL - DUPLOLÚMEN,0415020050,PROCEDIMENTOS SEQUENCIAIS EM ONCOLOGIA
COLOCAÇÃO DE CATETER VENOSO CENTRAL - DUPLOLÚMEN,0415020069,PROCEDIMENTOS SEQUENCIAIS EM ORTOPEDIA
COLOCAÇÃO DE CATETER VENOSO CENTRAL - DUPLOLÚMEN,0415020077,PROCEDIMENTOS SEQUENCIAIS EM NEUROCIRURGIA
COLOCAÇÃO DE CATETER VENOSO CENTRAL - DUPLOLÚMEN,0415040035,DEBRIDAMENTO DE ULCERA / DE TECIDOS DESVITALIZADOS
COLOCAÇÃO DE CATETER VENOSO CENTRAL - DUPLOLÚMEN,0416010024,CISTECTOMIA COM DERIVACAO EM 1SÓ TEMPO EM ONCOLOGIA
COLOCAÇÃO DE CATETER VENOSO CENTRAL - DUPLOLÚMEN,0416010164,RESSECCAO DE TUMORES MÁLTIPLOS E SIMULTANEOS DO TRATO URINARIO EM ONCOLOGIA
COLOCAÇÃO DE CATETER VENOSO CENTRAL - DUPLOLÚMEN,0416010202,SUPRARRENALECTOMIA EM ONCOLOGIA
COLOCAÇÃO DE CATETER VENOSO CENTRAL - DUPLOLÚMEN,0416030270,TIREOIDECTOMIA TOTAL EM ONCOLOGIA
COLOCAÇÃO DE CATETER VENOSO CENTRAL - DUPLOLÚMEN,0416040101,HEPATECTOMIA PARCIAL EM ONCOLOGIA
COLOCAÇÃO DE CATETER VENOSO CENTRAL - DUPLOLÚMEN,0416040128,DUODENOPANCREATECTOMIA EM ONCOLOGIA
COLOCAÇÃO DE CATETER VENOSO CENTRAL - DUPLOLÚMEN,0416040195,QUIMIOEMBOLIZAÇÃO DE CARCINOMA HEPÁTICO
COLOCAÇÃO DE CATETER VENOSO CENTRAL - DUPLOLÚMEN,0416040209,LAPAROTOMIA EXPLORADORA COM RESSECÇÃO COMPLETA OU INCOMPLETA DO TUMOR EM ONCOLOGIA
COLOCAÇÃO DE CATETER VENOSO CENTRAL - DUPLOLÚMEN,0416040225,METASTASECTOMIA HEPÁTICA EM ONCOLOGIA
COLOCAÇÃO DE CATETER VENOSO CENTRAL - DUPLOLÚMEN,0416040314,GASTRECTOMIA VIDEOLAPAROSCÓPICA EM ONCOLOGIA
COLOCAÇÃO DE CATETER VENOSO CENTRAL - DUPLOLÚMEN,0416040330,LAPARATOMIA EXPLORADORA VIDEOLAPAROSCÓPICA EM ONCOLOGIA
COLOCAÇÃO DE CATETER VENOSO CENTRAL - DUPLOLÚMEN,0416050018,AMPUTAÇÃO ABDOMINO-PERINEAL DE RETO EM ONCOLOGIA
COLOCAÇÃO DE CATETER VENOSO CENTRAL - DUPLOLÚMEN,0416050026,COLECTOMIA PARCIAL (HEMICOLECTOMIA) EM ONCOLOGIA
COLOCAÇÃO DE CATETER VENOSO CENTRAL - DUPLOLÚMEN,0416050123,COLECTOMIA VIDEOLAPAROSCÓPICA EM ONCOLOGIA
COLOCAÇÃO DE CATETER VENOSO CENTRAL - DUPLOLÚMEN,0505010011,TRANSPLANTE ALOGÊNICO DE CÉLULAS-TRONCO HEMATOPOÉTICAS DE MEDULA ÓSSEA - APARENTADO
COLOCAÇÃO DE CATETER VENOSO CENTRAL - DUPLOLÚMEN,0505010020,TRANSPLANTE ALOGÊNICO DE CÉLULAS-TRONCO HEMATOPOÉTICAS DE MEDULA ÓSSEA - NÃO APARENTADO
COLOCAÇÃO DE CATETER VENOSO CENTRAL - DUPLOLÚMEN,0505010070,TRANSPLANTE AUTOGENICO DE CELULAS-TRONCO HEMATOPOETICAS DE MEDULA OSSEA -
COLOCAÇÃO DE CATETER VENOSO CENTRAL - DUPLOLÚMEN,0505010089,TRANSPLANTE AUTOGENICO DE CELULAS-TRONCO HEMATOPOETICAS DE SANGUE PERIFERICO -
COLOCAÇÃO DE CATETER VENOSO CENTRAL - DUPLOLÚMEN,0505020092,TRANSPLANTE DE RIM (ORGAO DE DOADOR FALECIDO)
COLOCAÇÃO DE CATETER VENOSO CENTRAL - DUPLOLÚMEN,0505020106,TRANSPLANTE DE RIM (ORGAO DE DOADOR VIVO)
COLOCAÇÃO DE CATETER VENOSO CENTRAL - DUPLOLÚMEN,0506020045,TRATAMENTO DE INTERCORRÊNCIA PÓS-TRANSPLANTE DE ÓRGÃOS / CÉLULAS-TRONCO HEMATOPOÉTICAS
COLOCAÇÃO DE CATETER VENOSO CENTRAL - DUPLOLÚMEN,0506020053,TRATAMENTO DE INTERCORRÊNCIA PÓS-TRANSPLANTE DE RIM - PÓS TRANSPLANTE CRÍTICO
COLOCAÇÃO DE CATETER VENOSO CENTRAL - DUPLOLÚMEN,0506020070,TRATAMENTO DE INTERCORRÊNCIA PÓS TRANSPLANTE DE PULMÃO UNI/BILATERAL - PÓS TRANSPLANTE CRÍTICO
COLOCAÇÃO DE CATETER VENOSO CENTRAL - DUPLOLÚMEN,0506020096,TRATAMENTO DE INTERCORRENCIA PÓS TRANSPLANTE DE FIGADO- PÓS TRANSPLANTE CRÍTICO
COLOCAÇÃO DE CATETER VENOSO CENTRAL - DUPLOLÚMEN,0506020100,TRATAMENTO DE INTERCORRENCIA PÓS TRANSPLANTE ALOGÊNICO DE CÉLULAS-TRONCO HEMATOPOÉTICAS- PÓS TRANSPLANTE CRÍTICO
COLOCAÇÃO DE CATETER VENOSO CENTRAL - HICKMANN,0301160023,REABILITAÇÃO EM FALÊNCIA INTESTINAL EM NÍVEL HOSPITALAR
COLOCAÇÃO DE CATETER VENOSO CENTRAL - HICKMANN,0303020032,TRATAMENTO DE ANEMIA APLASTICA E OUTRAS ANEMIAS
COLOCAÇÃO DE CATETER VENOSO CENTRAL - HICKMANN,0304100021,TRATAMENTO CLÍNICO DE PACIENTE ONCOLÓGICO
COLOCAÇÃO DE CATETER VENOSO CENTRAL - HICKMANN,0406020078,IMPLANTAÇÃO DE CATETER DE LONGA PERMANÊNCIA SEMI OU TOTALMENTE IMPLANTAVEL (PROCEDIMENTO PRINCIPAL)
COLOCAÇÃO DE CATETER VENOSO CENTRAL - HICKMANN,0505010011,TRANSPLANTE ALOGÊNICO DE CÉLULAS-TRONCO HEMATOPOÉTICAS DE MEDULA ÓSSEA - APARENTADO
COLOCAÇÃO DE CATETER VENOSO CENTRAL - HICKMANN,0505010020,TRANSPLANTE ALOGÊNICO DE CÉLULAS-TRONCO HEMATOPOÉTICAS DE MEDULA ÓSSEA - NÃO APARENTADO
COLOCAÇÃO DE CATETER VENOSO CENTRAL - HICKMANN,0505010054,TRANSPLANTE ALOGÊNICO DE CÉLULAS-TRONCO HEMATOPOÉTICAS DE SANGUE PERIFÉRICO - APARENTADO
COLOCAÇÃO DE CATETER VENOSO CENTRAL - HICKMANN,0505010062,TRANSPLANTE ALOGÊNICO DE CÉLULAS-TRONCO HEMATOPOÉTICAS DE SANGUE PERIFÉRICO - NÃO APARENTADO
COLOCAÇÃO DE CATETER VENOSO CENTRAL - MONO-LUMEN,0301060070,DIAGNOSTICO E/OU ATENDIMENTO DE URGENCIA EM CLINICA CIRURGICA
COLOCAÇÃO DE CATETER VENOSO CENTRAL - MONO-LUMEN,0303010037,TRATAMENTO DE OUTRAS DOENÇAS BACTERIANAS
COLOCAÇÃO DE CATETER VENOSO CENTRAL - MONO-LUMEN,0303030046,TRATAMENTO DE DISTURBIOS METABOLICOS
COLOCAÇÃO DE CATETER VENOSO CENTRAL - MONO-LUMEN,0303040149,TRATAMENTO DE ACIDENTE VASCULAR CEREBRAL - AVC (ISQUEMICO OU HEMORRAGICO AGUDO)
COLOCAÇÃO DE CATETER VENOSO CENTRAL - MONO-LUMEN,0303180013,TRATAMENTO DE AFECÇÕES ASSOCIADAS AO HIV/AIDS
COLOCAÇÃO DE CATETER VENOSO CENTRAL - MONO-LUMEN,0304080039,INTERNAÇÃO P/ QUIMIOTERAPIA DE LEUCEMIAS AGUDAS / CRÔNICAS AGUDIZADAS
COLOCAÇÃO DE CATETER VENOSO CENTRAL - MONO-LUMEN,0304100021,TRATAMENTO CLÍNICO DE PACIENTE ONCOLÓGICO
COLOCAÇÃO DE CATETER VENOSO CENTRAL - MONO-LUMEN,0305010174,TRATAMENTO DE INTERCORRÊNCIA EM PACIENTE RENAL CRÔNICO SOB TRATAMENTO DIALÍTICO ( POR DIA)
COLOCAÇÃO DE CATETER VENOSO CENTRAL - MONO-LUMEN,0308040015,TRATAMENTO DE COMPLICACOES DE PROCEDIMENTOS CIRURGICOS OU CLINICOS
COLOCAÇÃO DE CATETER VENOSO CENTRAL - MONO-LUMEN,0403010101,DERIVAÇÃO VENTRICULAR PARA PERITÔNEO / ÁTRIO / PLEURA / RAQUE
COLOCAÇÃO DE CATETER VENOSO CENTRAL - MONO-LUMEN,0403010144,RECONSTRUCAO CRANIANA / CRANIO-FACIAL
COLOCAÇÃO DE CATETER VENOSO CENTRAL - MONO-LUMEN,0403010390,DRENAGEM LIQUÓRICA LOMBAR EXTERNA
COLOCAÇÃO DE CATETER VENOSO CENTRAL - MONO-LUMEN,0403030013,CRANIOTOMIA PARA BIOPSIA ENCEFÁLICA
COLOCAÇÃO DE CATETER VENOSO CENTRAL - MONO-LUMEN,0403030056,CRANIECTOMIA POR TUMOR OSSEO
COLOCAÇÃO DE CATETER VENOSO CENTRAL - MONO-LUMEN,0403030064,HIPOFISECTOMIA TRANSESFENOIDAL POR TECNICA COMPLEMENTAR
COLOCAÇÃO DE CATETER VENOSO CENTRAL - MONO-LUMEN,0403030099,MICROCIRURGIA DE TUMOR MEDULAR COM TECNICA COMPLEMENTAR
COLOCAÇÃO DE CATETER VENOSO CENTRAL - MONO-LUMEN,0403030102,MICROCIRURGIA DE TUMOR MEDULAR
COLOCAÇÃO DE CATETER VENOSO CENTRAL - MONO-LUMEN,0403030145,MICROCIRURGIA PARA TUMOR INTRACRANIANO
COLOCAÇÃO DE CATETER VENOSO CENTRAL - MONO-LUMEN,0403030153,MICROCIRURGIA PARA TUMOR INTRACRANIANO (COM TÉCNICA COMPLEMENTAR)
COLOCAÇÃO DE CATETER VENOSO CENTRAL - MONO-LUMEN,0403040019,ANASTOMOSE VASCULAR EXTRA / INTRACRANIANA
COLOCAÇÃO DE CATETER VENOSO CENTRAL - MONO-LUMEN,0403040027,DESCOMPRESSÃO NEUROVASCULAR DE NERVOS CRANIANOS
COLOCAÇÃO DE CATETER VENOSO CENTRAL - MONO-LUMEN,0404010059,DRENAGEM DE ABSCESSO FARINGEO
COLOCAÇÃO DE CATETER VENOSO CENTRAL - MONO-LUMEN,0407040226,REPARACAO DE OUTRAS HERNIAS
COLOCAÇÃO DE CATETER VENOSO CENTRAL - MONO-LUMEN,0408030011,ARTRODESE CERVICAL / CERVICO TORÁCICA POSTERIOR CINCO NIVEIS
COLOCAÇÃO DE CATETER VENOSO CENTRAL - MONO-LUMEN,0408030038,ARTRODESE CERVICAL / CERVICO-TORÁCICA POSTERIOR DOIS NÍVEIS
COLOCAÇÃO DE CATETER VENOSO CENTRAL - MONO-LUMEN,0408030046,ARTRODESE CERVICAL / CERVICO-TORÁCICA POSTERIOR SEIS NÍVEIS
COLOCAÇÃO DE CATETER VENOSO CENTRAL - MONO-LUMEN,0408030070,ARTRODESE CERVICAL ANTERIOR DOIS NÍVEIS
COLOCAÇÃO DE CATETER VENOSO CENTRAL - MONO-LUMEN,0408030143,ARTRODESE INTERSOMATICA VIA POSTERIOR / POSTERO-LATERAL DOIS NÍVEIS
COLOCAÇÃO DE CATETER VENOSO CENTRAL - MONO-LUMEN,0408030151,ARTRODESE INTERSOMATICA VIA POSTERIOR / POSTERO-LATERAL QUATRO NÍVEIS
COLOCAÇÃO DE CATETER VENOSO CENTRAL - MONO-LUMEN,0408030275,ARTRODESE TORACO-LOMBO-SACRA POSTERIOR TRÊS NIVEIS
COLOCAÇÃO DE CATETER VENOSO CENTRAL - MONO-LUMEN,0408030283,ARTRODESE TORACO-LOMBO-SACRA POSTERIOR CINCO NÍVEIS
COLOCAÇÃO DE CATETER VENOSO CENTRAL - MONO-LUMEN,0408030291,"ARTRODESE TORACO-LOMBO-SACRA POSTERIOR, DOIS NÍVEIS,"
COLOCAÇÃO DE CATETER VENOSO CENTRAL - MONO-LUMEN,0408030305,"ARTRODESE TORACO-LOMBO-SACRA POSTERIOR, QUATRO NÍVEIS,"
COLOCAÇÃO DE CATETER VENOSO CENTRAL - MONO-LUMEN,0408030313,"ARTRODESE TORACO-LOMBO-SACRA POSTERIOR, SEIS NÍVEIS,"
COLOCAÇÃO DE CATETER VENOSO CENTRAL - MONO-LUMEN,0408030321,"ARTRODESE TORACO-LOMBO-SACRA POSTERIOR, SETE NIVEIS,"
COLOCAÇÃO DE CATETER VENOSO CENTRAL - MONO-LUMEN,0408050012,AMPUTACAO / DESARTICULACAO DE MEMBROS INFERIORES
COLOCAÇÃO DE CATETER VENOSO CENTRAL - MONO-LUMEN,0415020034,OUTROS PROCEDIMENTOS COM CIRURGIAS SEQUENCIAIS
COLOCAÇÃO DE CATETER VENOSO CENTRAL - MONO-LUMEN,0415020050,PROCEDIMENTOS SEQUENCIAIS EM ONCOLOGIA
COLOCAÇÃO DE CATETER VENOSO CENTRAL - MONO-LUMEN,0415020069,PROCEDIMENTOS SEQUENCIAIS EM ORTOPEDIA
COLOCAÇÃO DE CATETER VENOSO CENTRAL - MONO-LUMEN,0415020077,PROCEDIMENTOS SEQUENCIAIS EM NEUROCIRURGIA
COLOCAÇÃO DE CATETER VENOSO CENTRAL - MONO-LUMEN,0416040217,GASTRECTOMIA PARCIAL EM ONCOLOGIA
COLOCAÇÃO DE CATETER VENOSO CENTRAL - MONO-LUMEN,0505010011,TRANSPLANTE ALOGÊNICO DE CÉLULAS-TRONCO HEMATOPOÉTICAS DE MEDULA ÓSSEA - APARENTADO
COLOCAÇÃO DE CATETER VENOSO CENTRAL - MONO-LUMEN,0505010054,TRANSPLANTE ALOGÊNICO DE CÉLULAS-TRONCO HEMATOPOÉTICAS DE SANGUE PERIFÉRICO - APARENTADO
COLOCAÇÃO DE CATETER VENOSO CENTRAL - MONO-LUMEN,0506020045,TRATAMENTO DE INTERCORRÊNCIA PÓS-TRANSPLANTE DE ÓRGÃOS / CÉLULAS-TRONCO HEMATOPOÉTICAS
COLOCAÇÃO DE CATETER VENOSO CENTRAL - PERMCATH,0303010037,TRATAMENTO DE OUTRAS DOENÇAS BACTERIANAS
COLOCAÇÃO DE CATETER VENOSO CENTRAL - PERMCATH,0303060212,TRATAMENTO DE INSUFICIENCIA CARDIACA
COLOCAÇÃO DE CATETER VENOSO CENTRAL - PERMCATH,0303150025,TRATAMENTO DE DOENCAS GLOMERULARES
COLOCAÇÃO DE CATETER VENOSO CENTRAL - PERMCATH,0303180013,TRATAMENTO DE AFECÇÕES ASSOCIADAS AO HIV/AIDS
COLOCAÇÃO DE CATETER VENOSO CENTRAL - PERMCATH,0304080039,INTERNAÇÃO P/ QUIMIOTERAPIA DE LEUCEMIAS AGUDAS / CRÔNICAS AGUDIZADAS
COLOCAÇÃO DE CATETER VENOSO CENTRAL - PERMCATH,0304100021,TRATAMENTO CLÍNICO DE PACIENTE ONCOLÓGICO
COLOCAÇÃO DE CATETER VENOSO CENTRAL - PERMCATH,0305010174,TRATAMENTO DE INTERCORRÊNCIA EM PACIENTE RENAL CRÔNICO SOB TRATAMENTO DIALÍTICO ( POR DIA)
COLOCAÇÃO DE CATETER VENOSO CENTRAL - PERMCATH,0305020048,TRATAMENTO DE INSUFICIÊNCIA RENAL AGUDA
COLOCAÇÃO DE CATETER VENOSO CENTRAL - PERMCATH,0305020056,TRATAMENTO DA DOENÇA RENAL CRÔNICA - DRC
COLOCAÇÃO DE CATETER VENOSO CENTRAL - PERMCATH,0406010692,IMPLANTE DE PRÓTESE VALVAR
COLOCAÇÃO DE CATETER VENOSO CENTRAL - PERMCATH,0406030030,ANGIOPLASTIA CORONARIANA COM IMPLANTE DE STENT
COLOCAÇÃO DE CATETER VENOSO CENTRAL - PERMCATH,0406040044,"ANGIOPLASTIA INTRALUMINAL DE AORTA, VEIA CAVA / VASOS ILÍACOS (SEM STENT)"
COLOCAÇÃO DE CATETER VENOSO CENTRAL - PERMCATH,0406040052,ANGIOPLASTIA INTRALUMINAL DE VASOS DAS EXTREMIDADES (SEM STENT)
COLOCAÇÃO DE CATETER VENOSO CENTRAL - PERMCATH,0406040303,TRATAMENTO DE HEMATURIA OU SANGRAMENTO GENITAL POR EMBOLIZAÇÃO (INCLUI ESTUDO ANGIOGRÁFICO E/OU ENDOSCÓPICO)
COLOCAÇÃO DE CATETER VENOSO CENTRAL - PERMCATH,0408040050,ARTROPLASTIA PARCIAL DE QUADRIL
COLOCAÇÃO DE CATETER VENOSO CENTRAL - PERMCATH,0408050624,TRATAMENTO CIRÚRGICO DE FRATURA SUPRACONDILEANA DO FÊMUR (METÁFISE DISTAL)
COLOCAÇÃO DE CATETER VENOSO CENTRAL - PERMCATH,0408060190,OSTEOTOMIA DE OSSOS LONGOS EXCETO DA MÃO E DO PÉ
COLOCAÇÃO DE CATETER VENOSO CENTRAL - PERMCATH,0409010219,NEFRECTOMIA TOTAL
COLOCAÇÃO DE CATETER VENOSO CENTRAL - PERMCATH,0412040166,TORACOSTOMIA COM DRENAGEM PLEURAL FECHADA
COLOCAÇÃO DE CATETER VENOSO CENTRAL - PERMCATH,0415020034,OUTROS PROCEDIMENTOS COM CIRURGIAS SEQUENCIAIS
COLOCAÇÃO DE CATETER VENOSO CENTRAL - PERMCATH,0415040035,DEBRIDAMENTO DE ULCERA / DE TECIDOS DESVITALIZADOS
COLOCAÇÃO DE CATETER VENOSO CENTRAL - PERMCATH,0416010172,RESSECÇÃO ENDOSCÓPICA DE TUMOR VESICAL EM ONCOLOGIA
COLOCAÇÃO DE CATETER VENOSO CENTRAL - PERMCATH,0506020045,TRATAMENTO DE INTERCORRÊNCIA PÓS-TRANSPLANTE DE ÓRGÃOS / CÉLULAS-TRONCO HEMATOPOÉTICAS
COLOCAÇÃO DE CATETER VENOSO CENTRAL - PERMCATH,0506020061,TRATAMENTO DE INTERCORRENCIA PÓS TRANSPLANTE DE CORAÇÃO- PÓS TRANSPLANTE CRÍTICO
COLOCAÇÃO DE CATETER VENOSO CENTRAL - PERMCATH,0506020096,TRATAMENTO DE INTERCORRENCIA PÓS TRANSPLANTE DE FIGADO- PÓS TRANSPLANTE CRÍTICO
COLOCAÇÃO DE CATETER VENOSO CENTRAL - PICC,0303010037,TRATAMENTO DE OUTRAS DOENÇAS BACTERIANAS
COLOCAÇÃO DE CATETER VENOSO CENTRAL - PICC,0303020083,TRATAMENTO DE OUTRAS DOENÇAS DO SANGUE E DOS ÓRGÃOS HEMATOPOIÉTICOS
COLOCAÇÃO DE CATETER VENOSO CENTRAL - PICC,0303030046,TRATAMENTO DE DISTURBIOS METABOLICOS
COLOCAÇÃO DE CATETER VENOSO CENTRAL - PICC,0303070110,TRATAMENTO DE OUTRAS DOENCAS DO INTESTINO
COLOCAÇÃO DE CATETER VENOSO CENTRAL - PICC,0303110015,TRATAMENTO DAS MALFORMACOES E DEFORMIDADES CONGENITAS DO SISTEMA OSTEOMUSCULAR
COLOCAÇÃO DE CATETER VENOSO CENTRAL - PICC,0303140020,TRATAMENTO DA FIBROSE CISTICA COM MANIFESTACOES PULMONARES
COLOCAÇÃO DE CATETER VENOSO CENTRAL - PICC,0303140151,TRATAMENTO DE PNEUMONIAS OU INFLUENZA (GRIPE)
COLOCAÇÃO DE CATETER VENOSO CENTRAL - PICC,0304080039,INTERNAÇÃO P/ QUIMIOTERAPIA DE LEUCEMIAS AGUDAS / CRÔNICAS AGUDIZADAS
COLOCAÇÃO DE CATETER VENOSO CENTRAL - PICC,0304100013,TRATAMENTO DE INTERCORRÊNCIAS CLÍNICAS DE PACIENTE ONCOLÓGICO
COLOCAÇÃO DE CATETER VENOSO CENTRAL - PICC,0304100021,TRATAMENTO CLÍNICO DE PACIENTE ONCOLÓGICO
COLOCAÇÃO DE CATETER VENOSO CENTRAL - PICC,0407010297,TRATAMENTO CIRÚRGICO DE REFLUXO GASTROESOFÁGICO
COLOCAÇÃO DE CATETER VENOSO CENTRAL - PICC,0407040161,LAPAROTOMIA EXPLORADORA
COLOCAÇÃO DE CATETER VENOSO CENTRAL - PICC,0408060174,OSTECTOMIA DE OSSOS LONGOS EXCETO DA MÃO E DO PÉ
COLOCAÇÃO DE CATETER VENOSO CENTRAL - PICC,0408060557,TRATAMENTO CIRÚRGICO DE ARTRITE INFECCIOSA (GRANDES E MÉDIAS ARTICULAÇÕES)
COLOCAÇÃO DE CATETER VENOSO CENTRAL - PICC,0412030110,PLEURODESE
COLOCAÇÃO DE CATETER VENOSO CENTRAL - PICC,0505010011,TRANSPLANTE ALOGÊNICO DE CÉLULAS-TRONCO HEMATOPOÉTICAS DE MEDULA ÓSSEA - APARENTADO
COLOCAÇÃO DE CATETER VENOSO CENTRAL - PICC,0505010020,TRANSPLANTE ALOGÊNICO DE CÉLULAS-TRONCO HEMATOPOÉTICAS DE MEDULA ÓSSEA - NÃO APARENTADO
COLOCAÇÃO DE CATETER VENOSO CENTRAL - PICC,0505010046,TRANSPLANTE ALOGÊNICO DE CÉLULAS-TRONCO HEMATOPOÉTICAS DE SANGUE DE CORDÃO UMBILICAL DE NÃO APARENTADO
COLOCAÇÃO DE CATETER VENOSO CENTRAL - PICC,0505010062,TRANSPLANTE ALOGÊNICO DE CÉLULAS-TRONCO HEMATOPOÉTICAS DE SANGUE PERIFÉRICO - NÃO APARENTADO
COLOCAÇÃO DE CATETER VENOSO CENTRAL - PICC,0505010070,TRANSPLANTE AUTOGENICO DE CELULAS-TRONCO HEMATOPOETICAS DE MEDULA OSSEA -
COLOCAÇÃO DE CATETER VENOSO CENTRAL - PICC,0505010089,TRANSPLANTE AUTOGENICO DE CELULAS-TRONCO HEMATOPOETICAS DE SANGUE PERIFERICO -
COLOCAÇÃO DE CATETER VENOSO CENTRAL - PICC,0506020037,TRATAMENTO DE INTERCORRENCIA POS-TRANSPLANTE ALOGENICO DE CELULAS-TRONCO HEMATOPOETICAS DE APARENTADO (HOSPITAL DIA)
COLOCAÇÃO DE CATETER VENOSO CENTRAL - PICC,0506020045,TRATAMENTO DE INTERCORRÊNCIA PÓS-TRANSPLANTE DE ÓRGÃOS / CÉLULAS-TRONCO HEMATOPOÉTICAS
COLOCAÇÃO DE CATETER VENOSO CENTRAL - PICC,0506020096,TRATAMENTO DE INTERCORRENCIA PÓS TRANSPLANTE DE FIGADO- PÓS TRANSPLANTE CRÍTICO
COLOCAÇÃO DE CATETER VENOSO CENTRAL - PICC,0506020100,TRATAMENTO DE INTERCORRENCIA PÓS TRANSPLANTE ALOGÊNICO DE CÉLULAS-TRONCO HEMATOPOÉTICAS- PÓS TRANSPLANTE CRÍTICO
COLOCAÇÃO DE CATETER VENOSO CENTRAL - SHILLEY,0301060070,DIAGNOSTICO E/OU ATENDIMENTO DE URGENCIA EM CLINICA CIRURGICA
COLOCAÇÃO DE CATETER VENOSO CENTRAL - SHILLEY,0303010037,TRATAMENTO DE OUTRAS DOENÇAS BACTERIANAS
COLOCAÇÃO DE CATETER VENOSO CENTRAL - SHILLEY,0303010045,TRATAMENTO DE DOENÇAS BACTERIANAS ZOONÓTICAS
COLOCAÇÃO DE CATETER VENOSO CENTRAL - SHILLEY,0303010061,TRATAMENTO DE DOENÇAS INFECCIOSAS INTESTINAIS
COLOCAÇÃO DE CATETER VENOSO CENTRAL - SHILLEY,0303020067,TRATAMENTO DE DEFEITOS DA COAGULACAO PURPURA E OUTRAS AFECCOES HEMORRAGICAS
COLOCAÇÃO DE CATETER VENOSO CENTRAL - SHILLEY,0303020083,TRATAMENTO DE OUTRAS DOENÇAS DO SANGUE E DOS ÓRGÃOS HEMATOPOIÉTICOS
COLOCAÇÃO DE CATETER VENOSO CENTRAL - SHILLEY,0303030062,TRATAMENTO DE TRANSTORNOS DE OUTRAS GLÂNDULAS ENDÓCRINAS
COLOCAÇÃO DE CATETER VENOSO CENTRAL - SHILLEY,0303040130,TRATAMENTO CLÍNICO DAS MIELITES / MIELOPATIAS
COLOCAÇÃO DE CATETER VENOSO CENTRAL - SHILLEY,0303040149,TRATAMENTO DE ACIDENTE VASCULAR CEREBRAL - AVC (ISQUEMICO OU HEMORRAGICO AGUDO)
COLOCAÇÃO DE CATETER VENOSO CENTRAL - SHILLEY,0303040262,TRATAMENTO DE POLINEUROPATIAS
COLOCAÇÃO DE CATETER VENOSO CENTRAL - SHILLEY,0303040270,TRATAMENTO DE POLIRRADICULONEURITE DESMIELINIZANTE AGUDA
COLOCAÇÃO DE CATETER VENOSO CENTRAL - SHILLEY,0303040289,TRATAMENTO DE SURTO DE ESCLEROSE MULTIPLA
COLOCAÇÃO DE CATETER VENOSO CENTRAL - SHILLEY,0303050136,TRATAMENTO CLÍNICO DE INTERCORRÊNCIAS OFTALMOLÓGICAS
COLOCAÇÃO DE CATETER VENOSO CENTRAL - SHILLEY,0303060042,TRATAMENTO DE CARDIOPATIA ISQUEMICA CRONICA
COLOCAÇÃO DE CATETER VENOSO CENTRAL - SHILLEY,0303060069,TRATAMENTO DE CHOQUE CARDIOGENICO
COLOCAÇÃO DE CATETER VENOSO CENTRAL - SHILLEY,0303060190,TRATAMENTO DE INFARTO AGUDO DO MIOCÁRDIO
COLOCAÇÃO DE CATETER VENOSO CENTRAL - SHILLEY,0303060212,TRATAMENTO DE INSUFICIENCIA CARDIACA
COLOCAÇÃO DE CATETER VENOSO CENTRAL - SHILLEY,0303060280,TRATAMENTO DE SINDROME CORONARIANA AGUDA
COLOCAÇÃO DE CATETER VENOSO CENTRAL - SHILLEY,0303070072,TRATAMENTO DE DOENCAS DO FIGADO
COLOCAÇÃO DE CATETER VENOSO CENTRAL - SHILLEY,0303100044,TRATAMENTO DE INTERCORRENCIAS CLINICAS NA GRAVIDEZ
COLOCAÇÃO DE CATETER VENOSO CENTRAL - SHILLEY,0303140151,TRATAMENTO DE PNEUMONIAS OU INFLUENZA (GRIPE)
COLOCAÇÃO DE CATETER VENOSO CENTRAL - SHILLEY,0303150025,TRATAMENTO DE DOENCAS GLOMERULARES
COLOCAÇÃO DE CATETER VENOSO CENTRAL - SHILLEY,0303170140,TRATAMENTO CLÍNICO PARA CONTENÇÃO DE COMPORTAMENTO DESORGANIZADO E/OU DISRUPTIVO
COLOCAÇÃO DE CATETER VENOSO CENTRAL - SHILLEY,0303180013,TRATAMENTO DE AFECÇÕES ASSOCIADAS AO HIV/AIDS
COLOCAÇÃO DE CATETER VENOSO CENTRAL - SHILLEY,0304100013,TRATAMENTO DE INTERCORRÊNCIAS CLÍNICAS DE PACIENTE ONCOLÓGICO
COLOCAÇÃO DE CATETER VENOSO CENTRAL - SHILLEY,0304100021,TRATAMENTO CLÍNICO DE PACIENTE ONCOLÓGICO
COLOCAÇÃO DE CATETER VENOSO CENTRAL - SHILLEY,0305010174,TRATAMENTO DE INTERCORRÊNCIA EM PACIENTE RENAL CRÔNICO SOB TRATAMENTO DIALÍTICO ( POR DIA)
COLOCAÇÃO DE CATETER VENOSO CENTRAL - SHILLEY,0305020013,TRATAMENTO DA PIELONEFRITE
COLOCAÇÃO DE CATETER VENOSO CENTRAL - SHILLEY,0305020048,TRATAMENTO DE INSUFICIÊNCIA RENAL AGUDA
COLOCAÇÃO DE CATETER VENOSO CENTRAL - SHILLEY,0305020056,TRATAMENTO DA DOENÇA RENAL CRÔNICA - DRC
COLOCAÇÃO DE CATETER VENOSO CENTRAL - SHILLEY,0406010641,
COLOCAÇÃO DE CATETER VENOSO CENTRAL - SHILLEY,0406020078,IMPLANTAÇÃO DE CATETER DE LONGA PERMANÊNCIA SEMI OU TOTALMENTE IMPLANTAVEL (PROCEDIMENTO PRINCIPAL)
COLOCAÇÃO DE CATETER VENOSO CENTRAL - SHILLEY,0406030022,ANGIOPLASTIA CORONARIANA C/ IMPLANTE DE DOIS STENTS
COLOCAÇÃO DE CATETER VENOSO CENTRAL - SHILLEY,0406030049,ANGIOPLASTIA CORONARIANA PRIMÁRIA
COLOCAÇÃO DE CATETER VENOSO CENTRAL - SHILLEY,0406040052,ANGIOPLASTIA INTRALUMINAL DE VASOS DAS EXTREMIDADES (SEM STENT)
COLOCAÇÃO DE CATETER VENOSO CENTRAL - SHILLEY,0406040303,TRATAMENTO DE HEMATURIA OU SANGRAMENTO GENITAL POR EMBOLIZAÇÃO (INCLUI ESTUDO ANGIOGRÁFICO E/OU ENDOSCÓPICO)
COLOCAÇÃO DE CATETER VENOSO CENTRAL - SHILLEY,0407030255,COLANGIOPANCREATOGRAFIA RETRÓGRADA ENDOSCÓPICA TERAPÊUTICA
COLOCAÇÃO DE CATETER VENOSO CENTRAL - SHILLEY,0407040161,LAPAROTOMIA EXPLORADORA
COLOCAÇÃO DE CATETER VENOSO CENTRAL - SHILLEY,0408050012,AMPUTACAO / DESARTICULACAO DE MEMBROS INFERIORES
COLOCAÇÃO DE CATETER VENOSO CENTRAL - SHILLEY,0408060042,AMPUTAÇÃO / DESARTICULAÇÃO DE DEDO
COLOCAÇÃO DE CATETER VENOSO CENTRAL - SHILLEY,0409010170,INSTALAÇÃO ENDOSCÓPICA DE CATETER DUPLO J
COLOCAÇÃO DE CATETER VENOSO CENTRAL - SHILLEY,0409010294,NEFROSTOMIA PERCUTÂNEA
COLOCAÇÃO DE CATETER VENOSO CENTRAL - SHILLEY,0412040166,TORACOSTOMIA COM DRENAGEM PLEURAL FECHADA
COLOCAÇÃO DE CATETER VENOSO CENTRAL - SHILLEY,0415020034,OUTROS PROCEDIMENTOS COM CIRURGIAS SEQUENCIAIS
COLOCAÇÃO DE CATETER VENOSO CENTRAL - SHILLEY,0415020050,PROCEDIMENTOS SEQUENCIAIS EM ONCOLOGIA
COLOCAÇÃO DE CATETER VENOSO CENTRAL - SHILLEY,0415040035,DEBRIDAMENTO DE ULCERA / DE TECIDOS DESVITALIZADOS
COLOCAÇÃO DE CATETER VENOSO CENTRAL - SHILLEY,0416010172,RESSECÇÃO ENDOSCÓPICA DE TUMOR VESICAL EM ONCOLOGIA
COLOCAÇÃO DE CATETER VENOSO CENTRAL - SHILLEY,0501030069,COLETA E ACONDICIONAMENTO DE MEDULA OSSEA NO BRASIL PARA TRANSPLANTE AUTOGENICO OU DE DOADOR APARENTADO OU NAO APARENTADO
COLOCAÇÃO DE CATETER VENOSO CENTRAL - SHILLEY,0505010011,TRANSPLANTE ALOGÊNICO DE CÉLULAS-TRONCO HEMATOPOÉTICAS DE MEDULA ÓSSEA - APARENTADO
COLOCAÇÃO DE CATETER VENOSO CENTRAL - SHILLEY,0505010020,TRANSPLANTE ALOGÊNICO DE CÉLULAS-TRONCO HEMATOPOÉTICAS DE MEDULA ÓSSEA - NÃO APARENTADO
COLOCAÇÃO DE CATETER VENOSO CENTRAL - SHILLEY,0505010070,TRANSPLANTE AUTOGENICO DE CELULAS-TRONCO HEMATOPOETICAS DE MEDULA OSSEA -
COLOCAÇÃO DE CATETER VENOSO CENTRAL - SHILLEY,0505010089,TRANSPLANTE AUTOGENICO DE CELULAS-TRONCO HEMATOPOETICAS DE SANGUE PERIFERICO -
COLOCAÇÃO DE CATETER VENOSO CENTRAL - SHILLEY,0506020045,TRATAMENTO DE INTERCORRÊNCIA PÓS-TRANSPLANTE DE ÓRGÃOS / CÉLULAS-TRONCO HEMATOPOÉTICAS
COLOCAÇÃO DE CATETER VENOSO CENTRAL - SHILLEY,0506020053,TRATAMENTO DE INTERCORRÊNCIA PÓS-TRANSPLANTE DE RIM - PÓS TRANSPLANTE CRÍTICO
COLOCAÇÃO DE CATETER VENOSO CENTRAL - SHILLEY,0506020061,TRATAMENTO DE INTERCORRENCIA PÓS TRANSPLANTE DE CORAÇÃO- PÓS TRANSPLANTE CRÍTICO
COLOCAÇÃO DE CATETER VENOSO CENTRAL - SHILLEY,0506020096,TRATAMENTO DE INTERCORRENCIA PÓS TRANSPLANTE DE FIGADO- PÓS TRANSPLANTE CRÍTICO
COLOCAÇÃO DE CATETER VENOSO CENTRAL - SHILLEY,0506020100,TRATAMENTO DE INTERCORRENCIA PÓS TRANSPLANTE ALOGÊNICO DE CÉLULAS-TRONCO HEMATOPOÉTICAS- PÓS TRANSPLANTE CRÍTICO
COLOCAÇÃO DE CATETER VENOSO CENTRAL - TRIPLOLÚMEN,0303010037,TRATAMENTO DE OUTRAS DOENÇAS BACTERIANAS
COLOCAÇÃO DE CATETER VENOSO CENTRAL - TRIPLOLÚMEN,0305010174,TRATAMENTO DE INTERCORRÊNCIA EM PACIENTE RENAL CRÔNICO SOB TRATAMENTO DIALÍTICO ( POR DIA)
COLOCAÇÃO DE CATETER VENOSO CENTRAL - TRIPLOLÚMEN,0505020092,TRANSPLANTE DE RIM (ORGAO DE DOADOR FALECIDO)
COLOCAÇÃO DE CATETER VENOSO CENTRAL - TRIPLOLÚMEN,0506020045,TRATAMENTO DE INTERCORRÊNCIA PÓS-TRANSPLANTE DE ÓRGÃOS / CÉLULAS-TRONCO HEMATOPOÉTICAS
COLOCAÇÃO PERCUTÂNEA DE FILTRO DE VEIA CAVA,0406040141,COLOCAÇÃO PERCUTÂNEA DE FILTRO DE VEIA CAVA (NA TROMBOSE VENOSA PERIFÉRICA E EMBOLIA PULMONAR)
COLOCAÇÃO PERCUTÂNEA DE FILTRO DE VEIA CAVA,0506020045,TRATAMENTO DE INTERCORRÊNCIA PÓS-TRANSPLANTE DE ÓRGÃOS / CÉLULAS-TRONCO HEMATOPOÉTICAS
COLOCAÇÃO PERCUTÂNEA DE PRÓTESE BILIAR,0303010037,TRATAMENTO DE OUTRAS DOENÇAS BACTERIANAS
COLOCAÇÃO PERCUTÂNEA DE PRÓTESE BILIAR,0304100013,TRATAMENTO DE INTERCORRÊNCIAS CLÍNICAS DE PACIENTE ONCOLÓGICO
COLOCAÇÃO PERCUTÂNEA DE PRÓTESE BILIAR,0304100021,TRATAMENTO CLÍNICO DE PACIENTE ONCOLÓGICO
COLOCAÇÃO PERCUTÂNEA DE PRÓTESE BILIAR,0406040273,OCLUSÃO PERCUTÂNEA ENDOVASCULAR DE ARTÉRIA / VEIA
COLOCAÇÃO PERCUTÂNEA DE PRÓTESE BILIAR,0407030042,COLECISTOSTOMIA
COLOCAÇÃO PERCUTÂNEA DE PRÓTESE BILIAR,0407030050,COLEDOCOPLASTIA
COLOCAÇÃO PERCUTÂNEA DE PRÓTESE BILIAR,0407030140,HEPATORRAFIA
COLOCAÇÃO PERCUTÂNEA DE PRÓTESE BILIAR,0415020034,OUTROS PROCEDIMENTOS COM CIRURGIAS SEQUENCIAIS
COLOCAÇÃO PERCUTÂNEA DE PRÓTESE BILIAR,0506020045,TRATAMENTO DE INTERCORRÊNCIA PÓS-TRANSPLANTE DE ÓRGÃOS / CÉLULAS-TRONCO HEMATOPOÉTICAS
COLOCAÇÃO PERCUTÂNEA DE PRÓTESE BILIAR,0506020096,TRATAMENTO DE INTERCORRENCIA PÓS TRANSPLANTE DE FIGADO- PÓS TRANSPLANTE CRÍTICO
COLONOSCOPIA,0301160023,REABILITAÇÃO EM FALÊNCIA INTESTINAL EM NÍVEL HOSPITALAR
COLONOSCOPIA,0303010010,TRATAMENTO DE DENGUE CLÁSSICA
COLONOSCOPIA,0303010037,TRATAMENTO DE OUTRAS DOENÇAS BACTERIANAS
COLONOSCOPIA,0303010061,TRATAMENTO DE DOENÇAS INFECCIOSAS INTESTINAIS
COLONOSCOPIA,0303020032,TRATAMENTO DE ANEMIA APLASTICA E OUTRAS ANEMIAS
COLONOSCOPIA,0303020059,TRATAMENTO DE ANEMIAS NUTRICIONAIS
COLONOSCOPIA,0303020083,TRATAMENTO DE OUTRAS DOENÇAS DO SANGUE E DOS ÓRGÃOS HEMATOPOIÉTICOS
COLONOSCOPIA,0303030038,TRATAMENTO DE DIABETES MELLITUS
COLONOSCOPIA,0303030046,TRATAMENTO DE DISTURBIOS METABOLICOS
COLONOSCOPIA,0303040068,TRATAMENTO CONSERVADOR DA DOR REBELDE DE ORIGEM CENTRAL OU NEOPLÁSICA
COLONOSCOPIA,0303040149,TRATAMENTO DE ACIDENTE VASCULAR CEREBRAL - AVC (ISQUEMICO OU HEMORRAGICO AGUDO)
COLONOSCOPIA,0303040297,TRATAMENTO DE PROCESSO TOXI-INFECCIOSO DO CEREBRO OU DA MEDULA ESPINHAL
COLONOSCOPIA,0303040300,TRATAMENTO DO ACIDENTE VASCULAR CEREBRAL ISQUÊMICO AGUDO COM USO DE TROMBOLÍTICO
COLONOSCOPIA,0303060140,TRATAMENTO DE EMBOLIA PULMONAR
COLONOSCOPIA,0303060158,TRATAMENTO DE ENDOCARDITE INFECCIOSA EM PROTESE VALVAR
COLONOSCOPIA,0303060190,TRATAMENTO DE INFARTO AGUDO DO MIOCÁRDIO
COLONOSCOPIA,0303060212,TRATAMENTO DE INSUFICIENCIA CARDIACA
COLONOSCOPIA,0303060298,TRATAMENTO DE TROMBOSE VENOSA PROFUNDA
COLONOSCOPIA,0303070064,TRATAMENTO DE DOENCAS DO ESOFAGO ESTOMAGO E DUODENO
COLONOSCOPIA,0303070072,TRATAMENTO DE DOENCAS DO FIGADO
COLONOSCOPIA,0303070099,TRATAMENTO DE ENTERITES E COLITES NAO INFECCIOSAS
COLONOSCOPIA,0303070102,TRATAMENTO DE OUTRAS DOENCAS DO APARELHO DIGESTIVO
COLONOSCOPIA,0303070110,TRATAMENTO DE OUTRAS DOENCAS DO INTESTINO
COLONOSCOPIA,0303070129,TRATAMENTO DE TRANSTORNOS DAS VIAS BILIARES E PANCREAS
COLONOSCOPIA,0303090316,TRATAMENTO DAS POLIARTROPATIAS INFLAMATORIAS
COLONOSCOPIA,0303140046,TRATAMENTO DAS DOENCAS CRONICAS DAS VIAS AEREAS INFERIORES
COLONOSCOPIA,0303140119,TRATAMENTO DE OUTRAS DOENCAS DA PLEURA
COLONOSCOPIA,0303140151,TRATAMENTO DE PNEUMONIAS OU INFLUENZA (GRIPE)
COLONOSCOPIA,0303150025,TRATAMENTO DE DOENCAS GLOMERULARES
COLONOSCOPIA,0303170140,TRATAMENTO CLÍNICO PARA CONTENÇÃO DE COMPORTAMENTO DESORGANIZADO E/OU DISRUPTIVO
COLONOSCOPIA,0303170182,TRATAMENTO CLÍNICO DOS TRANSTORNOS MENTAIS E COMPORTAMENTAIS DEVIDO AO USO DAS DEMAIS DROGAS E/OU OUTRAS SUBSTÂNCIAS PSICOATIVAS
COLONOSCOPIA,0303180013,TRATAMENTO DE AFECÇÕES ASSOCIADAS AO HIV/AIDS
COLONOSCOPIA,0303180072,TRATAMENTO DE HIV / AIDS
COLONOSCOPIA,0304100013,TRATAMENTO DE INTERCORRÊNCIAS CLÍNICAS DE PACIENTE ONCOLÓGICO
COLONOSCOPIA,0304100021,TRATAMENTO CLÍNICO DE PACIENTE ONCOLÓGICO
COLONOSCOPIA,0305010174,TRATAMENTO DE INTERCORRÊNCIA EM PACIENTE RENAL CRÔNICO SOB TRATAMENTO DIALÍTICO ( POR DIA)
COLONOSCOPIA,0305020013,TRATAMENTO DA PIELONEFRITE
COLONOSCOPIA,0305020056,TRATAMENTO DA DOENÇA RENAL CRÔNICA - DRC
COLONOSCOPIA,0401020100,EXTIRPAÇÃOE SUPRESSÃO DE LESÃO DE PELE E DE TECIDO CELULAR SUBCUTÂNEO
COLONOSCOPIA,0406010609,IMPLANTE DE CARDIOVERSOR DESFIBRILADOR (CDI) MULTI-SITIO TRANSVENOSO
COLONOSCOPIA,0406010692,IMPLANTE DE PRÓTESE VALVAR
COLONOSCOPIA,0406010773,PERICARDIOCENTESE
COLONOSCOPIA,0406020078,IMPLANTAÇÃO DE CATETER DE LONGA PERMANÊNCIA SEMI OU TOTALMENTE IMPLANTAVEL (PROCEDIMENTO PRINCIPAL)
COLONOSCOPIA,0406020159,EXERESE DE GANGLIO LINFÁTICO
COLONOSCOPIA,0406030022,ANGIOPLASTIA CORONARIANA C/ IMPLANTE DE DOIS STENTS
COLONOSCOPIA,0406030030,
COLONOSCOPIA,0406040141,COLOCAÇÃO PERCUTÂNEA DE FILTRO DE VEIA CAVA (NA TROMBOSE VENOSA PERIFÉRICA E EMBOLIA PULMONAR)
COLONOSCOPIA,0406040192,EMBOLIZAÇÃO ARTERIAL DE HEMORRAGIA DIGESTIVA (INCLUI PROCEDIMENTO ENDOSCÓPICO E/OU ESTUDO ANGIOGRÁFICO)
COLONOSCOPIA,0407010220,GASTROSTOMIA VIDEOLAPAROSCÓPICA
COLONOSCOPIA,0407020063,COLECTOMIA PARCIAL (HEMICOLECTOMIA)
COLONOSCOPIA,0407020101,COLOSTOMIA
COLONOSCOPIA,0407020225,EXCISÃO DE LESÃO / TUMOR ANU-RETAL
COLONOSCOPIA,0407020276,FISTULECTOMIA / FISTULOTOMIA ANAL
COLONOSCOPIA,0407020284,HEMORROIDECTOMIA
COLONOSCOPIA,0407030034,COLECISTECTOMIA VIDEOLAPAROSCÓPICA
COLONOSCOPIA,0407040242,RESSUTURA DE PAREDE ABDOMINAL (POR DEISCENCIA TOTAL / EVISCERAÇÃO)
COLONOSCOPIA,0409010170,INSTALAÇÃO ENDOSCÓPICA DE CATETER DUPLO J
COLONOSCOPIA,0412040166,TORACOSTOMIA COM DRENAGEM PLEURAL FECHADA
COLONOSCOPIA,0415020034,OUTROS PROCEDIMENTOS COM CIRURGIAS SEQUENCIAIS
COLONOSCOPIA,0415020050,PROCEDIMENTOS SEQUENCIAIS EM ONCOLOGIA
COLONOSCOPIA,0416040101,HEPATECTOMIA PARCIAL EM ONCOLOGIA
COLONOSCOPIA,0416040179,ALCOOLIZAÇÃO PERCUTÂNEA DE CARCINOMA HEPÁTICO
COLONOSCOPIA,0416040195,QUIMIOEMBOLIZAÇÃO DE CARCINOMA HEPÁTICO
COLONOSCOPIA,0416050026,COLECTOMIA PARCIAL (HEMICOLECTOMIA) EM ONCOLOGIA
COLONOSCOPIA,0416080081,RECONSTRUÇÃO COM RETALHO MIOCUTÂNEO (QUALQUER PARTE) EM ONCOLOGIA
COLONOSCOPIA,0416110070,RESSECÇAO PULMONAR EM CUNHA EM ONCOLOGIA
COLONOSCOPIA,0505020050,TRANSPLANTE DE FIGADO (ORGAO DE DOADOR FALECIDO)
COLONOSCOPIA,0506020045,TRATAMENTO DE INTERCORRÊNCIA PÓS-TRANSPLANTE DE ÓRGÃOS / CÉLULAS-TRONCO HEMATOPOÉTICAS
COLONOSCOPIA,0506020070,TRATAMENTO DE INTERCORRÊNCIA PÓS TRANSPLANTE DE PULMÃO UNI/BILATERAL - PÓS TRANSPLANTE CRÍTICO
COLONOSCOPIA,0506020096,TRATAMENTO DE INTERCORRENCIA PÓS TRANSPLANTE DE FIGADO- PÓS TRANSPLANTE CRÍTICO
COLONOSCOPIA,0506020100,TRATAMENTO DE INTERCORRENCIA PÓS TRANSPLANTE ALOGÊNICO DE CÉLULAS-TRONCO HEMATOPOÉTICAS- PÓS TRANSPLANTE CRÍTICO
COLORRAFIA POR VIA ABDOMINAL,0415020034,OUTROS PROCEDIMENTOS COM CIRURGIAS SEQUENCIAIS
COLOSTOMIA,0301160023,REABILITAÇÃO EM FALÊNCIA INTESTINAL EM NÍVEL HOSPITALAR
COLOSTOMIA,0407020101,COLOSTOMIA
COLOSTOMIA,0407020306,JEJUNOSTOMIA / ILEOSTOMIA
COLOSTOMIA,0415010012,TRATAMENTO C/ CIRURGIAS MULTIPLAS
COLOSTOMIA,0415020034,OUTROS PROCEDIMENTOS COM CIRURGIAS SEQUENCIAIS
COLOSTOMIA,0415020050,PROCEDIMENTOS SEQUENCIAIS EM ONCOLOGIA
COLOSTOMIA COM VIDEOLAPAROSCOPIA,0407020101,COLOSTOMIA
COLPECTOMIA,0409060291,HISTERECTOMIA C/ ANEXECTOMIA BILATERAL E COLPECTOMIA SOB PROCESSO TRANSEXUALIZADOR
COLPOPERINEOPLASTIA,0409050130,CIRURGIAS COMPLEMENTARES DE REDESIGNAÇÃO SEXUAL
COLPOPERINEOPLASTIA,0409060020,COLPOPERINEOPLASTIA ANTERIOR E POSTERIOR C/ AMPUTACAO DE COLO
COLPOPERINEOPLASTIA,0409070033,COLPOCLEISE (CIRURGIA DE LE FORT)
COLPOPERINEOPLASTIA,0409070050,COLPOPERINEOPLASTIA ANTERIOR E POSTERIOR
COLPOPERINEOPLASTIA,0409070068,COLPOPERINEOPLASTIA POSTERIOR
COLPOPERINEOPLASTIA,0409070084,COLPOPLASTIA ANTERIOR
COLPOPERINEOPLASTIA,0506020045,TRATAMENTO DE INTERCORRÊNCIA PÓS-TRANSPLANTE DE ÓRGÃOS / CÉLULAS-TRONCO HEMATOPOÉTICAS
COLPOPERINEOPLASTIA POSTERIOR,0409070050,COLPOPERINEOPLASTIA ANTERIOR E POSTERIOR
COLPORRAFIA,0409070041,COLPOPERINEOCLEISE
COLPORRAFIA,0409070092,COLPORRAFIA NAO OBSTETRICA
CONIZACAO COLO UTERINO,0409060038,EXCISÃO TIPO 3 DO COLO UTERINO
CONIZACAO COLO UTERINO,0415020034,OUTROS PROCEDIMENTOS COM CIRURGIAS SEQUENCIAIS
CONIZACAO COLO UTERINO,0416060013,AMPUTACAO CONICA DO COLO DO UTERO EM ONCOLOGIA
CONSTRUCAO DE VAGINA,0409070114,CONSTRUCAO DE VAGINA
CONSTRUCAO DE VAGINA,0415020034,OUTROS PROCEDIMENTOS COM CIRURGIAS SEQUENCIAIS
CORPECTOMIA COM INSTRUMENTAÇÃO,0415020077,PROCEDIMENTOS SEQUENCIAIS EM NEUROCIRURGIA
CORRECAO ATRESIA ALVEOLAR COM ENXERTO OSSEO MAXILA,0415020034,OUTROS PROCEDIMENTOS COM CIRURGIAS SEQUENCIAIS
CORRECAO CIRURGICA DE C/A,0406010536,FECHAMENTO DE COMUNICAÇÃO INTERATRIAL
CORRECAO CIRURGICA DE C/A,0406030154,FECHAMENTO PERCUTÂNEO DE COMUNICAÇÃO INTERATRIAL SEPTAL.
CORRECAO CIRURGICA DE C/A,0415020034,OUTROS PROCEDIMENTOS COM CIRURGIAS SEQUENCIAIS
CORRECAO CIRURGICA DE C/V,0406010544,FECHAMENTO DE COMUNICAÇÃO INTERVENTRICULAR
CORRECAO CIRURGICA DE COARCTACAO DA AORTA,0406010188,CORREÇÃO DE COARCTAÇÃO DA AORTA
CORRECAO CIRURGICA DE DISSECCAO AORTICA C/CEC,0406010137,CORREÇÃO DE ANEURISMA / DISSECÇÃO DA AORTA TORACO-ABDOMINAL
CORRECAO CIRURGICA DE DISSECCAO AORTICA C/CEC,0406010986,TROCA DE AORTA ASCENDENTE
CORRECAO CIRURGICA DE DISSECCAO AORTICA C/CEC,0415020034,OUTROS PROCEDIMENTOS COM CIRURGIAS SEQUENCIAIS
CORRECAO CIRURGICA DE FISTULA ORO-NASAL,0404020038,CORREÇÃO CIRÚRGICA DE FÍSTULA ORO-NASAL / ORO-SINUSAL
CORRECAO CIRURGICA DE FISTULA URETRAL,0409020109,RESSECÇÃO E FECHAMENTO DE FÍSTULA URETRAL
CORRECAO CIRURGICA DE FISTULA URETRAL,0415020034,OUTROS PROCEDIMENTOS COM CIRURGIAS SEQUENCIAIS
CORRECAO CIRURGICA DE FISTULA VESICO-UTERINA,0409070254,TRATAMENTO CIRURGICO DE FISTULA VESICO-VAGINAL
CORRECAO CIRURGICA DE FISTULA VESICOVAGINAL,0409070254,TRATAMENTO CIRURGICO DE FISTULA VESICO-VAGINAL
CORRECAO CIRURGICA DE FISTULA VESICOVAGINAL,0415020034,OUTROS PROCEDIMENTOS COM CIRURGIAS SEQUENCIAIS
CORRECAO CIRURGICA DE FRATURA VICIOSAMENTE CONSOLID.,0408060174,OSTECTOMIA DE OSSOS LONGOS EXCETO DA MÃO E DO PÉ
CORRECAO CIRURGICA DE HERNIA DIAFRAGMATICA,0407040048,HERNIOPLASTIA DIAFRAGMÁTICA (VIA ABDOMINAL)
CORRECAO CIRURGICA DE HERNIA DIAFRAGMATICA,0407040056,HERNIOPLASTIA DIAFRAGMÁTICA (VIA TORÁCICA)
CORRECAO CIRURGICA DE HERNIA DIAFRAGMATICA,0415020034,OUTROS PROCEDIMENTOS COM CIRURGIAS SEQUENCIAIS
CORRECAO CIRURGICA DE HERNIA DIAFRAGMATICA,0506020070,TRATAMENTO DE INTERCORRÊNCIA PÓS TRANSPLANTE DE PULMÃO UNI/BILATERAL - PÓS TRANSPLANTE CRÍTICO
CORRECAO CIRURGICA DE HERNIA VENTRAL,0407040110,HERNIOPLASTIA RECIDIVANTE
CORRECAO CIRURGICA DE HERNIA VENTRAL,0407040129,HERNIOPLASTIA UMBILICAL
CORRECAO CIRURGICA DE HIPERTROFIA DOS PEQUENOS LABIOS,0409070262,TRATAMENTO CIRURGICO DE HIPERTROFIA DOS PEQUENOS LABIOS
CORRECAO CIRURGICA DE HIPERTROFIA DOS PEQUENOS LABIOS,0415020034,OUTROS PROCEDIMENTOS COM CIRURGIAS SEQUENCIAIS
CORRECAO CIRURGICA DE HIPOSPADIA,0409020109,RESSECÇÃO E FECHAMENTO DE FÍSTULA URETRAL
CORRECAO CIRURGICA DE HIPOSPADIA,0409050032,CORRECAO DE HIPOSPADIA (1º TEMPO)
CORRECAO CIRURGICA DE HIPOSPADIA,0409050040,CORREÇÃO DE HIPOSPADIA (SEGUNDO TEMPO)
CORRECAO CIRURGICA DE HIPOSPADIA,0409050075,PLASTICA TOTAL DO PENIS
CORRECAO CIRURGICA DE HIPOSPADIA,0409050083,POSTECTOMIA
CORRECAO CIRURGICA DE HIPOSPADIA,0415020034,OUTROS PROCEDIMENTOS COM CIRURGIAS SEQUENCIAIS
CORRECAO CIRURGICA DE HIPOSPADIA-ORTOFAL,0409020133,URETROPLASTIA AUTÓGENA
CORRECAO CIRURGICA DE HIPOSPADIA-ORTOFAL,0409050032,CORRECAO DE HIPOSPADIA (1º TEMPO)
CORRECAO CIRURGICA DE HIPOSPADIA-ORTOFAL,0409050040,CORREÇÃO DE HIPOSPADIA (SEGUNDO TEMPO)
CORRECAO CIRURGICA DE HIPOSPADIA-ORTOFAL,0409050075,PLASTICA TOTAL DO PENIS
CORRECAO CIRURGICA DE INCONTINENCIA URINARIA,0303150050,TRATAMENTO DE OUTRAS DOENCAS DO APARELHO URINARIO
CORRECAO CIRURGICA DE INCONTINENCIA URINARIA,0409010413,TRATAMENTO CIRÚRGICO DE BEXIGA NEUROGÊNICA
CORRECAO CIRURGICA DE INCONTINENCIA URINARIA,0409010499,TRATAMENTO CIRURGICO DE INCONTINENCIA URINARIA VIA ABDOMINAL
CORRECAO CIRURGICA DE INCONTINENCIA URINARIA,0409070270,TRATAMENTO CIRURGICO DE INCONTINÊNCIA URINÁRIA POR VIA VAGINAL
CORRECAO CIRURGICA DE INCONTINENCIA URINARIA,0415010012,TRATAMENTO C/ CIRURGIAS MULTIPLAS
CORRECAO CIRURGICA DE INCONTINENCIA URINARIA,0415020034,OUTROS PROCEDIMENTOS COM CIRURGIAS SEQUENCIAIS
CORRECAO CIRURGICA DE ORTOFALOPLASTIA,0409050075,PLASTICA TOTAL DO PENIS
CORRECAO CIRURGICA DE PLASTICA DE BOLSA ESCROTAL,0415020034,OUTROS PROCEDIMENTOS COM CIRURGIAS SEQUENCIAIS
CORRECAO CIRURGICA DE PROLAPSO DE VAGINA,0409070033,COLPOCLEISE (CIRURGIA DE LE FORT)
CORRECAO CIRURGICA DE PROLAPSO DE VAGINA,0409070041,COLPOPERINEOCLEISE
CORRECAO CIRURGICA DE PROLAPSO DE VAGINA,0409070050,COLPOPERINEOPLASTIA ANTERIOR E POSTERIOR
CORRECAO CIRURGICA DE PTOSE PALPEBRAL,0405040202,TRATAMENTO DE PTOSE PALPEBRAL
CORRECAO CIRURGICA DE PTOSE PALPEBRAL,0416080120,EXTIRPAÇÃO MÚLTIPLA DE LESÃO DA PELE OU TECIDO CELULAR SUBCUTÂNEO EM ONCOLOGIA
CORRECAO CIRURGICA DE TORCAO DE TESTICULO,0409040223,TRATAMENTO CIRÚRGICO DE TORÇÃO DO TESTÍCULO DO CORDÃO ESPERMÁTICO
CORRECAO CIRURGICA DE TORCAO DE TESTICULO,0415020034,OUTROS PROCEDIMENTOS COM CIRURGIAS SEQUENCIAIS
CORRECAO CIRURGICA DE TUNEL CARPIANO,0403020034,MICROCIRURGIA DE PLEXO BRAQUIAL COM EXPLORAÇÃO E NEUROLISE
CORRECAO CIRURGICA DE TUNEL CARPIANO,0403020123,TRATAMENTO CIRURGICO DE SINDROME COMPRESSIVA EM TUNEL OSTEO-FIBROSO AO NIVEL DO CARPO
CORRECAO CIRURGICA DE URETROPLASTIA,0409020176,URETROTOMIA INTERNA
CORRECAO CIRURGICA DE URETROPLASTIA,0409050032,CORRECAO DE HIPOSPADIA (1º TEMPO)
CORRECAO CIRURGICA NAO ESTETICA DA ORELHA,0413040143,RECONSTRUCAO TOTAL DE ORELHA (MULTIPLOS ESTAGIOS)
CORRECAO CIRURGICA NAO ESTETICA DA ORELHA,0413040232,TRATAMENTO CIRURGICO NAO ESTÉTICO DA ORELHA
CORRECAO CIRURGICA NAO ESTETICA DA ORELHA,0415010012,TRATAMENTO C/ CIRURGIAS MULTIPLAS
CORRECAO DE CURVATURA PENIANA,0409050075,PLASTICA TOTAL DO PENIS
CORRECAO DE CURVATURA PENIANA,0409050113,TRATAMENTO CIRÚRGICO DE PRIAPRISMO
CORRECAO DE CURVATURA PENIANA,0415010012,TRATAMENTO C/ CIRURGIAS MULTIPLAS
CORRECAO DE CURVATURA PENIANA,0415020034,OUTROS PROCEDIMENTOS COM CIRURGIAS SEQUENCIAIS
CORRECAO DE LABIO LEPORINO-PALATOPLASTIA,0404030262,PALATOPLASTIA SECUNDÁRIA EM PACIENTE COM ANOMALIA CRÂNIO E BUCOMAXILOFACIAL
CORRECAO DE LABIO LEPORINO-PALATOPLASTIA,0415020034,OUTROS PROCEDIMENTOS COM CIRURGIAS SEQUENCIAIS
CORRECAO DE LABIO LEPORINO-QUEILOPLASTIA,0415020034,OUTROS PROCEDIMENTOS COM CIRURGIAS SEQUENCIAIS
CORRECAO DE LACERACAO VAGINAL,0409070092,COLPORRAFIA NAO OBSTETRICA
CORRECAO DE LUXACAO RECID PATELA,0408050136,RECONSTRUÇÃODE TENDAO PATELAR / TENDAO QUADRICIPITAL
CORRECAO DE MAL-FORMACOES UTERINAS,0409070289,TRATAMENTO CIRURGICO DE VAGINA SEPTADA / ATRESICA
CORRECAO DE MENINGOCELE,0403010225,TRATAMENTO CIRÚRGICO DE DISRAFISMO ABERTO
CORRECAO DE PRIAPISMO,0409050113,"TRATAMENTO CIRURGICO DE PRIAPRISMO, TRATAMENTO CIRÚRGICO DE PRIAPRISMO"
CORRECAO DE PRIAPISMO,0415020034,OUTROS PROCEDIMENTOS COM CIRURGIAS SEQUENCIAIS
CORRECAO DE RETRACAO CICATRICIAL EM FACE,0401020053,EXCISÃO E SUTURA DE LESAO NA PELE C/ PLÁSTICA EM Z OU ROTAÇÃO DE RETALHO
CORRECAO DE RETRACAO CICATRICIAL EM FACE,0404020232,RECONSTRUÇÃO TOTAL OU PARCIAL DE LÁBIO
CORRECAO DE RETRACAO CICATRICIAL EM FACE,0404030076,LABIOPLASTIA UNILATERAL EM DOIS TEMPOS
CORRECAO DE RETRACAO CICATRICIAL EM FACE,0413040020,CORREÇÃO DE RETRAÇÃO CICATRICIAL VÁRIOS ESTÁGIOS
CORRECAO DE RETRACAO CICATRICIAL EM FACE,0415020034,OUTROS PROCEDIMENTOS COM CIRURGIAS SEQUENCIAIS
CORRECAO DE URETEROCELE,0415020034,OUTROS PROCEDIMENTOS COM CIRURGIAS SEQUENCIAIS
CORRECAO ENDOVASCULAR DE ANEURISMA OU DISSECÇÃO DA AORTA ABDOMINAL E ILIACAS COM ENDOPROTESE BIFURCADA,0406040168,CORREÇÃO ENDOVASCULAR DE ANEURISMA / DISSECÇÃO DA AORTA ABDOMINAL E ILÍACAS COM ENDOPRÓTESE BIFURCADA
CORRECAO ENDOVASCULAR DE ANEURISMA OU DISSECÇÃO DA AORTA ABDOMINAL E ILIACAS COM ENDOPROTESE BIFURCADA,0415020034,OUTROS PROCEDIMENTOS COM CIRURGIAS SEQUENCIAIS
CORRECAO ENDOVASCULAR DE ANEURISMA OU DISSECÇÃO DA AORTA TORACICA COM ENDOPROTESE RETA OU CONICA,0406040150,CORREÇÃO ENDOVASCULAR DE ANEURISMA / DISSECÇÃO DA AORTA ABDOMINAL COM ENDOPRÓTESE RETA / CÔNICA
CORRECAO ENDOVASCULAR DE ANEURISMA OU DISSECÇÃO DA AORTA TORACICA COM ENDOPROTESE RETA OU CONICA,0406040176,CORREÇÃO ENDOVASCULAR DE ANEURISMA / DISSECÇÃO DA AORTA TORÁCICA COM ENDOPRÓTESE RETA OU CÔNICA
CORRECAO ENDOVASCULAR DE ANEURISMA OU DISSECÇÃO DA AORTA TORACICA COM ENDOPROTESE RETA OU CONICA,0415020034,OUTROS PROCEDIMENTOS COM CIRURGIAS SEQUENCIAIS
CORRECAO SINDACTILIA,0403020123,TRATAMENTO CIRURGICO DE SINDROME COMPRESSIVA EM TUNEL OSTEO-FIBROSO AO NIVEL DO CARPO
CORRECAO SINDACTILIA,0408020628,TRATAMENTO CIRÚRGICO DE SINDACTILIA DA MÃO (POR ESPACO INTERDIGITAL)
CORRECAO SINDACTILIA,0415020034,OUTROS PROCEDIMENTOS COM CIRURGIAS SEQUENCIAIS
CORREÇÃO CIRÚRGICA DE MENINGOMIELOCELE,0403010136,MICROCIRURGIA DA SIRINGOMIELIA
CORREÇÃO CIRÚRGICA DE MENINGOMIELOCELE,0403010225,TRATAMENTO CIRÚRGICO DE DISRAFISMO ABERTO
CORREÇÃO CIRÚRGICA DE MENINGOMIELOCELE,0415020077,PROCEDIMENTOS SEQUENCIAIS EM NEUROCIRURGIA
CORREÇÃO ENDOVASCULAR DE ANEURISMA OU DISSECÇÃO DA AORTA ABDOMINAL COM ENDOPROTESE RETA OU CONICA,0406040117,ANGIOPLASTIA INTRALUMINAL DE VASOS VISCERAIS COM STENT RECOBERTO
CORREÇÃO ENDOVASCULAR DE ANEURISMA OU DISSECÇÃO DA AORTA ABDOMINAL COM ENDOPROTESE RETA OU CONICA,0406040176,CORREÇÃO ENDOVASCULAR DE ANEURISMA / DISSECÇÃO DA AORTA TORÁCICA COM ENDOPRÓTESE RETA OU CÔNICA
CORREÇÃO ENDOVASCULAR DE ANEURISMA OU DISSECÇÃO DA AORTA ABDOMINAL COM ENDOPROTESE RETA OU CONICA,0415020034,OUTROS PROCEDIMENTOS COM CIRURGIAS SEQUENCIAIS
CORREÇÃO ENDOVASCULAR DE ANEURISMA OU DISSECÇÃO DAS ILIACAS COM ENDOPROTESE TUBULAR,0415020034,OUTROS PROCEDIMENTOS COM CIRURGIAS SEQUENCIAIS
COSTECTOMIA,0412040018,COSTECTOMIA
CRANIECTOMIA DESCOMPRESSIVA,0403010020,CRANIOTOMIA DESCOMPRESSIVA
CRANIECTOMIA DESCOMPRESSIVA,0403010039,CRANIOTOMIA DESCOMPRESSIVA DA FOSSA POSTERIOR
CRANIECTOMIA DESCOMPRESSIVA,0403070171,TRATAMENTO DO ACIDENTE VASCULAR CEREBRAL ISQUÊMICO AGUDO COM TROMBECTOMIA MECÂNICA
CRANIECTOMIA DESCOMPRESSIVA,0415020034,OUTROS PROCEDIMENTOS COM CIRURGIAS SEQUENCIAIS
CRANIECTOMIA DESCOMPRESSIVA,0415020069,PROCEDIMENTOS SEQUENCIAIS EM ORTOPEDIA
CRANIECTOMIA DESCOMPRESSIVA,0415020077,PROCEDIMENTOS SEQUENCIAIS EM NEUROCIRURGIA
CRANIOPLASTIA,0403010012,CRANIOPLASTIA
CRANIOPLASTIA,0403010144,RECONSTRUCAO CRANIANA / CRANIO-FACIAL
CRANIOPLASTIA,0403010209,TRATAMENTO CIRÚRGICO DE CRANIOSSINOSTOSE COM SUTURA ÚNICA
CRANIOPLASTIA,0403010217,TRATAMENTO CIRÚRGICO DE CRANIOSSINOSTOSE COMPLEXA
CRANIOPLASTIA,0404020399,TRATAMENTO CIRÚRGICO DE PARALISIA FACIAL (SUSPENSÃO DE HEMIFACE)
CRANIOPLASTIA,0404020461,OSTEOTOMIA DA MANDIBULA
CRANIOPLASTIA,0408060310,RESSECÇÃO SIMPLES DE TUMOR ÓSSEO / DE PARTES MOLES
CRANIOPLASTIA,0415020034,OUTROS PROCEDIMENTOS COM CIRURGIAS SEQUENCIAIS
CRANIOPLASTIA,0415020077,PROCEDIMENTOS SEQUENCIAIS EM NEUROCIRURGIA
CRANIOTOMIA PARA ABSCESSO/EMPIEMA CEREBRAL,0403010047,CRANIOTOMIA PARA RETIRADA DE CISTO / ABSCESSO / GRANULOMA ENCEFALICO
CRANIOTOMIA PARA ABSCESSO/EMPIEMA CEREBRAL,0415020077,PROCEDIMENTOS SEQUENCIAIS EM NEUROCIRURGIA
CRANIOTOMIA PARA HEMATOMA EXTRADURAL,0403010276,TRATAMENTO CIRURGICO DE HEMATOMA EXTRADURAL
CRANIOTOMIA PARA HEMATOMA INTRACEREBRAL,0403010284,TRATAMENTO CIRURGICO DE HEMATOMA INTRACEREBRAL
CRANIOTOMIA PARA HEMATOMA INTRACEREBRAL,0403010292,TRATAMENTO CIRURGICO DE HEMATOMA INTRACEREBRAL (COM TECNICA COMPLEMENTAR)
CRANIOTOMIA PARA HEMATOMA INTRACEREBRAL,0415020077,PROCEDIMENTOS SEQUENCIAIS EM NEUROCIRURGIA
CRANIOTOMIA PARA HEMATOMA SUBDURAL,0415020077,PROCEDIMENTOS SEQUENCIAIS EM NEUROCIRURGIA
CRANIOTOMIA PARA TUMOR CEREBRAL,0403030048,CRANIOTOMIA PARA RETIRADA DE TUMOR INTRACRANIANO
CRANIOTOMIA PARA TUMOR CEREBRAL,0415020077,PROCEDIMENTOS SEQUENCIAIS EM NEUROCIRURGIA
CURA CIRURGICA DE SINDROME DESFILADEIRO (1 MEMBRO),0403020034,MICROCIRURGIA DE PLEXO BRAQUIAL COM EXPLORAÇÃO E NEUROLISE
CURA CIRURGICA DE SINDROME DESFILADEIRO (1 MEMBRO),0403020115,TRATAMENTO CIRÚRGICO DE NEUROPATIA COMPRESSIVA COM OU SEM MICROCIRÚRGIA
CURA CIRURGICA DE SINDROME DESFILADEIRO (1 MEMBRO),0408030771,TRATAMENTO CIRÚRGICO DESCOMPRESSIVO AO NÍVEL DO DESFILADEIRO TORACICO
CURATIVO CIRURGICO,0201010402,BIOPSIA DE PLEURA (POR ASPIRAÇÃO/AGULHA / PLEUROSCOPIA)
CURATIVO CIRURGICO,0303010037,TRATAMENTO DE OUTRAS DOENÇAS BACTERIANAS
CURATIVO CIRURGICO,0303060212,TRATAMENTO DE INSUFICIENCIA CARDIACA
CURATIVO CIRURGICO,0303070110,TRATAMENTO DE OUTRAS DOENCAS DO INTESTINO
CURATIVO CIRURGICO,0303070129,TRATAMENTO DE TRANSTORNOS DAS VIAS BILIARES E PANCREAS
CURATIVO CIRURGICO,0303170166,TRATAMENTO CLÍNICO DE TRANSTORNOS MENTAIS E COMPORTAMENTAIS DEVIDO AO USO DE ÁLCOOL
CURATIVO CIRURGICO,0304100021,TRATAMENTO CLÍNICO DE PACIENTE ONCOLÓGICO
CURATIVO CIRURGICO,0305010174,TRATAMENTO DE INTERCORRÊNCIA EM PACIENTE RENAL CRÔNICO SOB TRATAMENTO DIALÍTICO ( POR DIA)
CURATIVO CIRURGICO,0308010043,TRATAMENTO DE TRAUMATISMOS ENVOLVENDO MULTIPLAS REGIOES DO CORPO
CURATIVO CIRURGICO,0308040015,TRATAMENTO DE COMPLICACOES DE PROCEDIMENTOS CIRURGICOS OU CLINICOS
CURATIVO CIRURGICO,0401020037,ENXERTO LIVRE DE PELE TOTAL
CURATIVO CIRURGICO,0401020100,EXTIRPAÇÃOE SUPRESSÃO DE LESÃO DE PELE E DE TECIDO CELULAR SUBCUTÂNEO
CURATIVO CIRURGICO,0404020453,OSTEOTOMIA DA MAXILA
CURATIVO CIRURGICO,0406020124,EMBOLECTOMIA ARTERIAL
CURATIVO CIRURGICO,0406020345,PONTE FEMORO-FEMURAL CRUZADA
CURATIVO CIRURGICO,0406040176,CORREÇÃO ENDOVASCULAR DE ANEURISMA / DISSECÇÃO DA AORTA TORÁCICA COM ENDOPRÓTESE RETA OU CÔNICA
CURATIVO CIRURGICO,0407010211,GASTROSTOMIA
CURATIVO CIRURGICO,0407020101,COLOSTOMIA
CURATIVO CIRURGICO,0407020306,JEJUNOSTOMIA / ILEOSTOMIA
CURATIVO CIRURGICO,0407040021,DRENAGEM DE ABSCESSO SUBFRÊNICO
CURATIVO CIRURGICO,0407040080,HERNIOPLASTIA INCISIONAL
CURATIVO CIRURGICO,0407040161,LAPAROTOMIA EXPLORADORA
CURATIVO CIRURGICO,0407040226,REPARACAO DE OUTRAS HERNIAS
CURATIVO CIRURGICO,0407040242,RESSUTURA DE PAREDE ABDOMINAL (POR DEISCENCIA TOTAL / EVISCERAÇÃO)
CURATIVO CIRURGICO,0407040250,TRATAMENTO CIRÚRGICO DE PERITONITE
CURATIVO CIRURGICO,0408030143,ARTRODESE INTERSOMATICA VIA POSTERIOR / POSTERO-LATERAL DOIS NÍVEIS
CURATIVO CIRURGICO,0408060042,AMPUTAÇÃO / DESARTICULAÇÃO DE DEDO
CURATIVO CIRURGICO,0408060069,ARTROPLASTIA DE RESSECÇÃO DE MÉDIA / GRANDE ARTICULAÇÃO
CURATIVO CIRURGICO,0408060174,OSTECTOMIA DE OSSOS LONGOS EXCETO DA MÃO E DO PÉ
CURATIVO CIRURGICO,0408060352,RETIRADA DE FIO OU PINO INTRA-ÓSSEO
CURATIVO CIRURGICO,0408060387,RETIRADA DE PRÓTESE DE SUBSTITUIÇÃO DE GRANDES ARTICULAÇÕES (OMBRO / COTOVELO / QUADRIL / JOELHO)
CURATIVO CIRURGICO,0409010170,INSTALAÇÃO ENDOSCÓPICA DE CATETER DUPLO J
CURATIVO CIRURGICO,0409050130,CIRURGIAS COMPLEMENTARES DE REDESIGNAÇÃO SEXUAL
CURATIVO CIRURGICO,0412030098,PLEUROSTOMIA
CURATIVO CIRURGICO,0412040190,"TRATAMENTO CIRURGICO DE FRATURA, NECROSE OU INFECÇÃO DO ESTERNO"
CURATIVO CIRURGICO,0413040178,TRATAMENTO CIRURGICO DE LESOES EXTENSAS C/ PERDA DE SUBSTANCIA CUTANEA
CURATIVO CIRURGICO,0415020034,OUTROS PROCEDIMENTOS COM CIRURGIAS SEQUENCIAIS
CURATIVO CIRURGICO,0415020050,PROCEDIMENTOS SEQUENCIAIS EM ONCOLOGIA
CURATIVO CIRURGICO,0415020069,PROCEDIMENTOS SEQUENCIAIS EM ORTOPEDIA
CURATIVO CIRURGICO,0415040035,DEBRIDAMENTO DE ULCERA / DE TECIDOS DESVITALIZADOS
CURATIVO CIRURGICO,0416050018,AMPUTAÇÃO ABDOMINO-PERINEAL DE RETO EM ONCOLOGIA
CURATIVO CIRURGICO,0506020045,TRATAMENTO DE INTERCORRÊNCIA PÓS-TRANSPLANTE DE ÓRGÃOS / CÉLULAS-TRONCO HEMATOPOÉTICAS
CURATIVO CIRURGICO,0506020096,TRATAMENTO DE INTERCORRENCIA PÓS TRANSPLANTE DE FIGADO- PÓS TRANSPLANTE CRÍTICO
CURETAGEM DE TUMOR OSSEO COM ENXERTIA,0416080111,RECONSTRUÇÃO COM RETALHO OSTEOMIOCUTÂNEO EM ONCOLOGIA
CURETAGEM UTERINA,0303010037,TRATAMENTO DE OUTRAS DOENÇAS BACTERIANAS
CURETAGEM UTERINA,0409060046,CURETAGEM SEMIOTICA C/ OU S/ DILATACAO DO COLO DO UTERO
CURETAGEM UTERINA,0409060054,CURETAGEM UTERINA EM MOLA HIDATIFORME
CURETAGEM UTERINA,0409060070,ESVAZIAMENTO DE UTERO POS-ABORTO POR ASPIRACAO MANUAL INTRA-UTERINA (AMIU)
CURETAGEM UTERINA,0409060194,MIOMECTOMIA
CURETAGEM UTERINA,0411020013,CURETAGEM POS-ABORTAMENTO / PUERPERAL
CURETAGEM UTERINA,0415020034,OUTROS PROCEDIMENTOS COM CIRURGIAS SEQUENCIAIS
CURETAGEM UTERINA,0416060013,AMPUTACAO CONICA DO COLO DO UTERO EM ONCOLOGIA
DACRIOCISTORINOSTOMIA,0405010036,DACRIOCISTORRINOSTOMIA
DEBRIDAMENTO CIRURGICO,0201010321,BIOPSIA DE OSSO / CARTILAGEM DE MEMBRO INFERIOR (POR AGULHA / CEU ABERTO)
DEBRIDAMENTO CIRURGICO,0303010037,TRATAMENTO DE OUTRAS DOENÇAS BACTERIANAS
DEBRIDAMENTO CIRURGICO,0303060212,TRATAMENTO DE INSUFICIENCIA CARDIACA
DEBRIDAMENTO CIRURGICO,0303080060,TRATAMENTO DE ESTAFILOCOCCIAS
DEBRIDAMENTO CIRURGICO,0303170166,TRATAMENTO CLÍNICO DE TRANSTORNOS MENTAIS E COMPORTAMENTAIS DEVIDO AO USO DE ÁLCOOL
DEBRIDAMENTO CIRURGICO,0305010174,TRATAMENTO DE INTERCORRÊNCIA EM PACIENTE RENAL CRÔNICO SOB TRATAMENTO DIALÍTICO ( POR DIA)
DEBRIDAMENTO CIRURGICO,0401020100,EXTIRPAÇÃOE SUPRESSÃO DE LESÃO DE PELE E DE TECIDO CELULAR SUBCUTÂNEO
DEBRIDAMENTO CIRURGICO,0403010047,CRANIOTOMIA PARA RETIRADA DE CISTO / ABSCESSO / GRANULOMA ENCEFALICO
DEBRIDAMENTO CIRURGICO,0403010179,RETIRADA DE PLACA DE CRANIOPLASTIA
DEBRIDAMENTO CIRURGICO,0407040242,RESSUTURA DE PAREDE ABDOMINAL (POR DEISCENCIA TOTAL / EVISCERAÇÃO)
DEBRIDAMENTO CIRURGICO,0407040250,TRATAMENTO CIRÚRGICO DE PERITONITE
DEBRIDAMENTO CIRURGICO,0408030399,DISCECTOMIA CERVICAL / LOMBAR / LOMBO-SACRA POR VIA POSTERIOR (UM NÍVEL)
DEBRIDAMENTO CIRURGICO,0408040106,DESARTICULAÇÃO COXOFEMORAL
DEBRIDAMENTO CIRURGICO,0408050020,AMPUTACAO / DESARTICULACAO DE PE E TARSO
DEBRIDAMENTO CIRURGICO,0408060042,AMPUTAÇÃO / DESARTICULAÇÃO DE DEDO
DEBRIDAMENTO CIRURGICO,0408060069,ARTROPLASTIA DE RESSECÇÃO DE MÉDIA / GRANDE ARTICULAÇÃO
DEBRIDAMENTO CIRURGICO,0408060174,OSTECTOMIA DE OSSOS LONGOS EXCETO DA MÃO E DO PÉ
DEBRIDAMENTO CIRURGICO,0408060182,OSTEOTOMIA DE OSSOS DA MÃO E/OU DO PÉ
DEBRIDAMENTO CIRURGICO,0408060468,TENOMIOTOMIA / DESINSERÇÃO
DEBRIDAMENTO CIRURGICO,0408060557,TRATAMENTO CIRÚRGICO DE ARTRITE INFECCIOSA (GRANDES E MÉDIAS ARTICULAÇÕES)
DEBRIDAMENTO CIRURGICO,0409050130,CIRURGIAS COMPLEMENTARES DE REDESIGNAÇÃO SEXUAL
DEBRIDAMENTO CIRURGICO,0413040178,TRATAMENTO CIRURGICO DE LESOES EXTENSAS C/ PERDA DE SUBSTANCIA CUTANEA
DEBRIDAMENTO CIRURGICO,0415020034,OUTROS PROCEDIMENTOS COM CIRURGIAS SEQUENCIAIS
DEBRIDAMENTO CIRURGICO,0415040035,DEBRIDAMENTO DE ULCERA / DE TECIDOS DESVITALIZADOS
DEBRIDAMENTO CIRURGICO,0416080081,RECONSTRUÇÃO COM RETALHO MIOCUTÂNEO (QUALQUER PARTE) EM ONCOLOGIA
DEBRIDAMENTO CIRURGICO,0506020045,TRATAMENTO DE INTERCORRÊNCIA PÓS-TRANSPLANTE DE ÓRGÃOS / CÉLULAS-TRONCO HEMATOPOÉTICAS
DEBRIDAMENTO CIRURGICO,0506020096,TRATAMENTO DE INTERCORRENCIA PÓS TRANSPLANTE DE FIGADO- PÓS TRANSPLANTE CRÍTICO
DEBRIDAMENTO CIRURGICO DE ULCERA OU NEC,0303010037,TRATAMENTO DE OUTRAS DOENÇAS BACTERIANAS
DEBRIDAMENTO CIRURGICO DE ULCERA OU NEC,0305010174,TRATAMENTO DE INTERCORRÊNCIA EM PACIENTE RENAL CRÔNICO SOB TRATAMENTO DIALÍTICO ( POR DIA)
DEBRIDAMENTO CIRURGICO DE ULCERA OU NEC,0403010160,RETIRADA DE DERIVAÇÃO VENTRICULAR PARA PERITONEO / ÁTRIO / PLEURA / RAQUE
DEBRIDAMENTO CIRURGICO DE ULCERA OU NEC,0406020442,REVASCULARIZAÇÃO POR PONTE / TROMBOENDARTERECTOMIA FEMURO-POPLÍTEA DISTAL
DEBRIDAMENTO CIRURGICO DE ULCERA OU NEC,0415040035,DEBRIDAMENTO DE ULCERA / DE TECIDOS DESVITALIZADOS
DEBRIDAMENTO E CURATIVO DE GANGRENA,0415020034,OUTROS PROCEDIMENTOS COM CIRURGIAS SEQUENCIAIS
DEBRIDAMENTO E CURATIVO DE GANGRENA,0415040035,DEBRIDAMENTO DE ULCERA / DE TECIDOS DESVITALIZADOS
DEBRIDAMENTO E CURATIVO DE GANGRENA,0506020096,TRATAMENTO DE INTERCORRENCIA PÓS TRANSPLANTE DE FIGADO- PÓS TRANSPLANTE CRÍTICO
DECORTICACAO PULMONAR,0412030012,DESCORTICAÇÃO PULMONAR
DERIVACAO VENTRICULO ATRIAL,0403010101,DERIVAÇÃO VENTRICULAR PARA PERITÔNEO / ÁTRIO / PLEURA / RAQUE
DERIVACAO VENTRICULO ATRIAL,0403010187,REVISÃO DE DERIVAÇÃO VENTRICULAR PARA PERITÔNEO / ÁTRIO / PLEURA / RAQUE
DERIVACAO VENTRICULO PERITONEAL,0403010101,DERIVAÇÃO VENTRICULAR PARA PERITÔNEO / ÁTRIO / PLEURA / RAQUE
DERIVACAO VENTRICULO PERITONEAL,0403010187,REVISÃO DE DERIVAÇÃO VENTRICULAR PARA PERITÔNEO / ÁTRIO / PLEURA / RAQUE
DERIVACAO VENTRICULO PERITONEAL,0415020077,PROCEDIMENTOS SEQUENCIAIS EM NEUROCIRURGIA
DERIVACAO VENTRICULO PERITONEAL,0506020045,TRATAMENTO DE INTERCORRÊNCIA PÓS-TRANSPLANTE DE ÓRGÃOS / CÉLULAS-TRONCO HEMATOPOÉTICAS
DERIVAÇÃO LOMBO-PERITONEAL,0403010080,DERIVAÇÃO RAQUE-PERITONEAL
DERIVAÇÃO MESENTÉRICO-PORTAL,0406020019,ANASTOMOSE ESPLENO-RENAL / OUTRA DERIVAÇÃO CENTRAL
DERIVAÇÃO VENTRÍCULO-PERITONEAL,0403010101,DERIVAÇÃO VENTRICULAR PARA PERITÔNEO / ÁTRIO / PLEURA / RAQUE
DERIVAÇÃO VENTRÍCULO-PERITONEAL,0403010187,REVISÃO DE DERIVAÇÃO VENTRICULAR PARA PERITÔNEO / ÁTRIO / PLEURA / RAQUE
DERIVAÇÃO VENTRÍCULO-PERITONEAL,0415020034,OUTROS PROCEDIMENTOS COM CIRURGIAS SEQUENCIAIS
DERIVAÇÃO VENTRÍCULO-PERITONEAL,0415020077,PROCEDIMENTOS SEQUENCIAIS EM NEUROCIRURGIA
DERMOLIPECTOMIA ABDOMINAL NAO ESTETICA,0410010073,PLASTICA MAMÁRIA FEMININA NAO ESTETICA
DERMOLIPECTOMIA ABDOMINAL NAO ESTETICA,0413040020,CORREÇÃO DE RETRAÇÃO CICATRICIAL VÁRIOS ESTÁGIOS
DERMOLIPECTOMIA ABDOMINAL NAO ESTETICA,0413040046,DERMOLIPECTOMIA ABDOMINAL NAO ESTETICA (PLÁSTICA ABDOMINAL)
DERMOLIPECTOMIA ABDOMINAL NAO ESTETICA,0413040054,DERMOLIPECTOMIA ABDOMINAL POS-CIRURGIA BARIATRICA
DERMOLIPECTOMIA ABDOMINAL NAO ESTETICA,0413040259,DERMOLIPECTOMIA ABDOMINAL CIRCUNFERENCIAL PÓS CIRURGIA BARIATRICA
DERMOLIPECTOMIA ABDOMINAL NAO ESTETICA,0415020018,PROCEDIMENTOS SEQUENCIAIS DE CIRURGIA PLÁSTICA REPARADORA PÓS -CIRURGIA BARIATRICA
DERMOLIPECTOMIA ABDOMINAL NAO ESTETICA,0415020034,OUTROS PROCEDIMENTOS COM CIRURGIAS SEQUENCIAIS
DERMOLIPECTOMIA BRAQUIAL,0413040062,DERMOLIPECTOMIA BRAQUIAL POS-CIRURGIA BARIÁTRICA
DERMOLIPECTOMIA CRURAL,0413040070,DERMOLIPECTOMIA CRURAL POS-CIRURGIA BARIÁTRICA
DESARTICULACAO COXO-FEMORAL,0408040106,DESARTICULAÇÃO COXOFEMORAL
DESARTICULACAO ESCAPULO-UMERAL,0408010070,DESARTICULAÇÃO DA ARTICULAÇÃO ESCAPULO-UMERAL
DESARTICULACAO INTER-ESCAPULO TORAXICA,0416090117,DESARTICULAÇÃO INTERESCAPULO-TORÁCICA EM ONCOLOGIA
DESLOCAMENTO DE EPIFISE FEMURAL SUPERIOR (EPIFISIOL),0408040122,EPIFISIODESE DO TROCANTER MAIOR DO FÊMUR
DILATACAO ANAL,0303070102,TRATAMENTO DE OUTRAS DOENCAS DO APARELHO DIGESTIVO
DILATACAO ANAL,0407020322,PLÁSTICA ANAL EXTERNA / ESFINCTEROPLASTIA ANAL
DILATACAO DE ESOFAGO,0407010084,ESOFAGOPLASTIA / GASTROPLASTIA
DILATACAO DE URETRA,0303150050,TRATAMENTO DE OUTRAS DOENCAS DO APARELHO URINARIO
DILATACAO DE URETRA,0409020176,URETROTOMIA INTERNA
DILATACAO DIG. OU INSTR. DO ANUS E/OU RETO,0415020034,OUTROS PROCEDIMENTOS COM CIRURGIAS SEQUENCIAIS
DILATAÇÃO PERCUTÃNEA DE ESTENOSES BILIARES E ANASTOMOSES BÍLIODIGESTIVAS,0303010037,TRATAMENTO DE OUTRAS DOENÇAS BACTERIANAS
DILATAÇÃO PERCUTÃNEA DE ESTENOSES BILIARES E ANASTOMOSES BÍLIODIGESTIVAS,0303070072,TRATAMENTO DE DOENCAS DO FIGADO
DILATAÇÃO PERCUTÃNEA DE ESTENOSES BILIARES E ANASTOMOSES BÍLIODIGESTIVAS,0303070129,TRATAMENTO DE TRANSTORNOS DAS VIAS BILIARES E PANCREAS
DILATAÇÃO PERCUTÃNEA DE ESTENOSES BILIARES E ANASTOMOSES BÍLIODIGESTIVAS,0407030166,HEPATOTOMIA E DRENAGEM DE ABSCESSO / CISTO
DILATAÇÃO PERCUTÃNEA DE ESTENOSES BILIARES E ANASTOMOSES BÍLIODIGESTIVAS,0407030255,COLANGIOPANCREATOGRAFIA RETRÓGRADA ENDOSCÓPICA TERAPÊUTICA
DILATAÇÃO PERCUTÃNEA DE ESTENOSES BILIARES E ANASTOMOSES BÍLIODIGESTIVAS,0415020034,OUTROS PROCEDIMENTOS COM CIRURGIAS SEQUENCIAIS
DILATAÇÃO PERCUTÃNEA DE ESTENOSES BILIARES E ANASTOMOSES BÍLIODIGESTIVAS,0506020045,TRATAMENTO DE INTERCORRÊNCIA PÓS-TRANSPLANTE DE ÓRGÃOS / CÉLULAS-TRONCO HEMATOPOÉTICAS
DILATAÇÃO PERCUTÃNEA DE ESTENOSES BILIARES E ANASTOMOSES BÍLIODIGESTIVAS,0506020096,TRATAMENTO DE INTERCORRENCIA PÓS TRANSPLANTE DE FIGADO- PÓS TRANSPLANTE CRÍTICO
DISCECTOMIA CERVICAL VIA ANTERIOR,0408030577,RETIRADA DE CORPO ESTRANHO DA COLUNA CERVICAL POR VIA ANTERIOR
DIVERTICULECTOMIA DO ESOFAGO,0407010092,ESOFAGORRAFIA CERVICAL
DIVERTICULECTOMIA DO ESOFAGO,0407010289,TRATAMENTO CIRÚRGICO DE DIVERTÍCULO DO TUBO DIGESTIVO
DIVERTICULECTOMIA URETRAL,0409010472,TRATAMENTO CIRÚRGICO DE FÍSTULAS URETERAIS
DIVERTICULECTOMIA URETRAL,0409020087,RESSECÇÃO DE CARÚNCULAURETRAL.
DIVERTICULECTOMIA URETRAL,0409020125,URETROPLASTIA (RESSECÇÃO DE CORDA)
DIVERTICULECTOMIA URETRAL,0409020133,URETROPLASTIA AUTÓGENA
DIVERTICULECTOMIA URETRAL,0415020034,OUTROS PROCEDIMENTOS COM CIRURGIAS SEQUENCIAIS
DIVERTICULECTOMIA VESICAL,0409010120,DIVERTICULECTOMIA VESICAL
DIVERTICULECTOMIA VESICAL,0415020034,OUTROS PROCEDIMENTOS COM CIRURGIAS SEQUENCIAIS
DRENAGEM BILIAR TRANS-CUTANEA COM ECOGRAFIA,0407030255,COLANGIOPANCREATOGRAFIA RETRÓGRADA ENDOSCÓPICA TERAPÊUTICA
DRENAGEM DE ABSCESSO,0303010037,TRATAMENTO DE OUTRAS DOENÇAS BACTERIANAS
DRENAGEM DE ABSCESSO,0303010215,TRATAMENTO DE TUBERCULOSE (A15 A A19)
DRENAGEM DE ABSCESSO,0303060166,TRATAMENTO DE ENDOCARDITE INFECCIOSA EM VALVULA NATIVA
DRENAGEM DE ABSCESSO,0305010174,TRATAMENTO DE INTERCORRÊNCIA EM PACIENTE RENAL CRÔNICO SOB TRATAMENTO DIALÍTICO ( POR DIA)
DRENAGEM DE ABSCESSO,0308040015,TRATAMENTO DE COMPLICACOES DE PROCEDIMENTOS CIRURGICOS OU CLINICOS
DRENAGEM DE ABSCESSO,0401020070,EXÉRESE DE CISTO DERMOIDE
DRENAGEM DE ABSCESSO,0401020100,EXTIRPAÇÃOE SUPRESSÃO DE LESÃO DE PELE E DE TECIDO CELULAR SUBCUTÂNEO
DRENAGEM DE ABSCESSO,0403010241,TRATAMENTO CIRÚRGICO DE FÍSTULA LIQUORICA CRANIANA
DRENAGEM DE ABSCESSO,0404020461,OSTEOTOMIA DA MANDIBULA
DRENAGEM DE ABSCESSO,0404020771,RESSECÇÃO DE LESÃO DA BOCA
DRENAGEM DE ABSCESSO,0407020136,DRENAGEM DE ABSCESSO ANU-RETAL
DRENAGEM DE ABSCESSO,0407020144,DRENAGEM DE ABSCESSO ISQUIORRETAL
DRENAGEM DE ABSCESSO,0407030034,COLECISTECTOMIA VIDEOLAPAROSCÓPICA
DRENAGEM DE ABSCESSO,0407040030,DRENAGEM DE HEMATOMA / ABSCESSO PRE-PERITONEAL
DRENAGEM DE ABSCESSO,0408060557,TRATAMENTO CIRÚRGICO DE ARTRITE INFECCIOSA (GRANDES E MÉDIAS ARTICULAÇÕES)
DRENAGEM DE ABSCESSO,0409010138,DRENAGEM DE ABSCESSO RENAL / PERI-RENAL
DRENAGEM DE ABSCESSO,0409070190,MARSUPIALIZACAO DE GLÂNDULA DE BARTOLIN
DRENAGEM DE ABSCESSO,0412040166,TORACOSTOMIA COM DRENAGEM PLEURAL FECHADA
DRENAGEM DE ABSCESSO,0413040178,TRATAMENTO CIRURGICO DE LESOES EXTENSAS C/ PERDA DE SUBSTANCIA CUTANEA
DRENAGEM DE ABSCESSO,0415010012,TRATAMENTO C/ CIRURGIAS MULTIPLAS
DRENAGEM DE ABSCESSO,0415020034,OUTROS PROCEDIMENTOS COM CIRURGIAS SEQUENCIAIS
DRENAGEM DE ABSCESSO,0415040035,DEBRIDAMENTO DE ULCERA / DE TECIDOS DESVITALIZADOS
DRENAGEM DE ABSCESSO,0416030211,FARINGECTOMIA PARCIAL EM ONCOLOGIA
DRENAGEM DE ABSCESSO,0506020045,TRATAMENTO DE INTERCORRÊNCIA PÓS-TRANSPLANTE DE ÓRGÃOS / CÉLULAS-TRONCO HEMATOPOÉTICAS
DRENAGEM DE ABSCESSO ANO-RETAL,0407020136,DRENAGEM DE ABSCESSO ANU-RETAL
DRENAGEM DE ABSCESSO ANO-RETAL,0407020144,DRENAGEM DE ABSCESSO ISQUIORRETAL
DRENAGEM DE ABSCESSO ANO-RETAL,0415020034,OUTROS PROCEDIMENTOS COM CIRURGIAS SEQUENCIAIS
DRENAGEM DE ABSCESSO BUCAL,0401020100,EXTIRPAÇÃOE SUPRESSÃO DE LESÃO DE PELE E DE TECIDO CELULAR SUBCUTÂNEO
DRENAGEM DE ABSCESSO BUCAL,0415020034,OUTROS PROCEDIMENTOS COM CIRURGIAS SEQUENCIAIS
DRENAGEM DE ABSCESSO DE MAMA,0410010014,DRENAGEM DE ABSCESSO DE MAMA
DRENAGEM DE ABSCESSO DE PALPEBRA,0303010037,TRATAMENTO DE OUTRAS DOENÇAS BACTERIANAS
DRENAGEM DE ABSCESSO DE PROSTATICO,0303010037,TRATAMENTO DE OUTRAS DOENÇAS BACTERIANAS
DRENAGEM DE ABSCESSO ESCROTAL,0303010037,TRATAMENTO DE OUTRAS DOENÇAS BACTERIANAS
DRENAGEM DE ABSCESSO ESCROTAL,0409040010,DRENAGEM DE ABSCESSO DA BOLSA ESCROTAL
DRENAGEM DE ABSCESSO ESCROTAL,0415020034,OUTROS PROCEDIMENTOS COM CIRURGIAS SEQUENCIAIS
DRENAGEM DE ABSCESSO ESCROTAL,0415040027,DEBRIDAMENTO DE FASCEITE NECROTIZANTE
DRENAGEM DE ABSCESSO ESCROTAL,0506020045,TRATAMENTO DE INTERCORRÊNCIA PÓS-TRANSPLANTE DE ÓRGÃOS / CÉLULAS-TRONCO HEMATOPOÉTICAS
DRENAGEM DE ABSCESSO FARINGEO,0404010059,DRENAGEM DE ABSCESSO FARINGEO
DRENAGEM DE ABSCESSO FARINGEO,0415020034,OUTROS PROCEDIMENTOS COM CIRURGIAS SEQUENCIAIS
DRENAGEM DE ABSCESSO INTRA-ABDOMINAL,0407040013,DRENAGEM DE ABSCESSO PÉLVICO
DRENAGEM DE ABSCESSO INTRA-ABDOMINAL,0407040030,DRENAGEM DE HEMATOMA / ABSCESSO PRE-PERITONEAL
DRENAGEM DE ABSCESSO INTRA-ABDOMINAL,0415010012,TRATAMENTO C/ CIRURGIAS MULTIPLAS
DRENAGEM DE ABSCESSO INTRA-ABDOMINAL,0415020034,OUTROS PROCEDIMENTOS COM CIRURGIAS SEQUENCIAIS
DRENAGEM DE ABSCESSO INTRA-HEPATICO,0407040021,DRENAGEM DE ABSCESSO SUBFRÊNICO
DRENAGEM DE ABSCESSO INTRA-HEPATICO,0415020034,OUTROS PROCEDIMENTOS COM CIRURGIAS SEQUENCIAIS
DRENAGEM DE ABSCESSO PELVICO,0407040013,DRENAGEM DE ABSCESSO PÉLVICO
DRENAGEM DE ABSCESSO PERINEAL,0303010037,TRATAMENTO DE OUTRAS DOENÇAS BACTERIANAS
DRENAGEM DE ABSCESSO PERINEAL,0407020136,DRENAGEM DE ABSCESSO ANU-RETAL
DRENAGEM DE ABSCESSO PERINEAL,0407020144,DRENAGEM DE ABSCESSO ISQUIORRETAL
DRENAGEM DE ABSCESSO PERINEAL,0407020276,FISTULECTOMIA / FISTULOTOMIA ANAL
DRENAGEM DE ABSCESSO PERINEAL,0409050083,POSTECTOMIA
DRENAGEM DE ABSCESSO PERINEAL,0415040027,DEBRIDAMENTO DE FASCEITE NECROTIZANTE
DRENAGEM DE ABSCESSO PERINEAL,0415040035,DEBRIDAMENTO DE ULCERA / DE TECIDOS DESVITALIZADOS
DRENAGEM DE ABSCESSO RENAL OU PERIRRENAL,0409010138,DRENAGEM DE ABSCESSO RENAL / PERI-RENAL
DRENAGEM DE HEMATOMA DE PAREDE,0407040030,DRENAGEM DE HEMATOMA / ABSCESSO PRE-PERITONEAL
DRENAGEM DE HEMATOMA DE PAREDE,0410010014,DRENAGEM DE ABSCESSO DE MAMA
DRENAGEM DE HEMATOMA VAGINAL,0409060178,HISTEROSCOPIA CIRURGICA C/ RESSECTOSCOPIO
DRENAGEM DE OSTEOMIELITE,0303010215,TRATAMENTO DE TUBERCULOSE (A15 A A19)
DRENAGEM DE OSTEOMIELITE,0408060123,EXPLORAÇÃO ARTICULAR C/ OU S/ SINOVECTOMIA DE MÉDIAS / GRANDES ARTICULAÇÕES
DRENAGEM DE OSTEOMIELITE,0408060174,OSTECTOMIA DE OSSOS LONGOS EXCETO DA MÃO E DO PÉ
DRENAGEM DE OSTEOMIELITE,0408060190,OSTEOTOMIA DE OSSOS LONGOS EXCETO DA MÃO E DO PÉ
DRENAGEM DE OSTEOMIELITE,0408060557,TRATAMENTO CIRÚRGICO DE ARTRITE INFECCIOSA (GRANDES E MÉDIAS ARTICULAÇÕES)
DRENAGEM DE OSTEOMIELITE,0408060620,TRATAMENTO CIRÚRGICO DE INFECÇÃO PÓS-ARTROPLASTIA (GRANDES ARTICULAÇÕES)
DRENAGEM DE OSTEOMIELITE,0412020033,MEDIASTINOTOMIA P/ DRENAGEM
DRENAGEM DE OSTEOMIELITE,0413040178,TRATAMENTO CIRURGICO DE LESOES EXTENSAS C/ PERDA DE SUBSTANCIA CUTANEA
DRENAGEM DE OSTEOMIELITE,0415040035,DEBRIDAMENTO DE ULCERA / DE TECIDOS DESVITALIZADOS
DRENAGEM DE PRIAPISMO,0409050113,"TRATAMENTO CIRURGICO DE PRIAPRISMO, TRATAMENTO CIRÚRGICO DE PRIAPRISMO"
DRENAGEM DE QUADRIL,0303010215,TRATAMENTO DE TUBERCULOSE (A15 A A19)
DRENAGEM DE QUADRIL,0407040013,DRENAGEM DE ABSCESSO PÉLVICO
DRENAGEM DE QUADRIL,0408040343,TRATAMENTO CIRURGICO DE LUXACAO ESPONTANEA / PROGRESSIVA / PARALITICA DO QUADRIL
DRENAGEM DE QUADRIL,0408060069,ARTROPLASTIA DE RESSECÇÃO DE MÉDIA / GRANDE ARTICULAÇÃO
DRENAGEM DE QUADRIL,0408060557,TRATAMENTO CIRÚRGICO DE ARTRITE INFECCIOSA (GRANDES E MÉDIAS ARTICULAÇÕES)
DRENAGEM DE QUADRIL,0408060620,TRATAMENTO CIRÚRGICO DE INFECÇÃO PÓS-ARTROPLASTIA (GRANDES ARTICULAÇÕES)
DRENAGEM DE QUADRIL,0415020069,PROCEDIMENTOS SEQUENCIAIS EM ORTOPEDIA
DRENAGEM DE QUADRIL,0415040035,DEBRIDAMENTO DE ULCERA / DE TECIDOS DESVITALIZADOS
DRENAGEM DO PERICARDIO,0406010510,DRENAGEM C/ BIOPSIA DE PERICÁRDIO
DRENAGEM HEMATOMA SUBDURAL,0403010306,TRATAMENTO CIRURGICO DE HEMATOMA SUBDURAL AGUDO
DRENAGEM HEMATOMA SUBDURAL,0403010314,TRATAMENTO CIRURGICO DE HEMATOMA SUBDURAL CRONICO
DRENAGEM HEMATOMA SUBDURAL,0415020077,PROCEDIMENTOS SEQUENCIAIS EM NEUROCIRURGIA
DRENAGEM HEMATOMA SUBDURAL,0506020045,TRATAMENTO DE INTERCORRÊNCIA PÓS-TRANSPLANTE DE ÓRGÃOS / CÉLULAS-TRONCO HEMATOPOÉTICAS
DRENAGEM INTERNA DE PSEUDOCISTO DE PANCREAS,0415020034,OUTROS PROCEDIMENTOS COM CIRURGIAS SEQUENCIAIS
DRENAGEM PLEURAL (OU DE TORAX),0304100021,TRATAMENTO CLÍNICO DE PACIENTE ONCOLÓGICO
DRENAGEM PLEURAL (OU DE TORAX),0412040166,TORACOSTOMIA COM DRENAGEM PLEURAL FECHADA
DRENAGEM PLEURAL (OU DE TORAX),0415020034,OUTROS PROCEDIMENTOS COM CIRURGIAS SEQUENCIAIS
DRENAGEM PLEURAL (OU DE TORAX),0416040330,LAPARATOMIA EXPLORADORA VIDEOLAPAROSCÓPICA EM ONCOLOGIA
DRENAGEM PLEURAL (OU DE TORAX),0416110070,RESSECÇAO PULMONAR EM CUNHA EM ONCOLOGIA
DRENAGEM PLEURAL (OU DE TORAX),0506020045,TRATAMENTO DE INTERCORRÊNCIA PÓS-TRANSPLANTE DE ÓRGÃOS / CÉLULAS-TRONCO HEMATOPOÉTICAS
DRENAGEM PLEURAL (OU DE TORAX),0506020070,TRATAMENTO DE INTERCORRÊNCIA PÓS TRANSPLANTE DE PULMÃO UNI/BILATERAL - PÓS TRANSPLANTE CRÍTICO
DRENAGEM PLEURAL (OU DE TORAX),0506020096,TRATAMENTO DE INTERCORRENCIA PÓS TRANSPLANTE DE FIGADO- PÓS TRANSPLANTE CRÍTICO
DUODENO - DUODENO AMASIOMOSE,0415020034,OUTROS PROCEDIMENTOS COM CIRURGIAS SEQUENCIAIS
DUODENO - DUODENOJEJUNOSTOMIA,0416040330,LAPARATOMIA EXPLORADORA VIDEOLAPAROSCÓPICA EM ONCOLOGIA
DUODENO PANCREATECTOMIA,0415020050,PROCEDIMENTOS SEQUENCIAIS EM ONCOLOGIA
DUODENO PANCREATECTOMIA,0416040128,DUODENOPANCREATECTOMIA EM ONCOLOGIA
ECOENDOSCOPIA DIGESTIVA ALTA,0303010037,TRATAMENTO DE OUTRAS DOENÇAS BACTERIANAS
ECOENDOSCOPIA DIGESTIVA ALTA,0303010061,TRATAMENTO DE DOENÇAS INFECCIOSAS INTESTINAIS
ECOENDOSCOPIA DIGESTIVA ALTA,0303030062,TRATAMENTO DE TRANSTORNOS DE OUTRAS GLÂNDULAS ENDÓCRINAS
ECOENDOSCOPIA DIGESTIVA ALTA,0303070129,TRATAMENTO DE TRANSTORNOS DAS VIAS BILIARES E PANCREAS
ECOENDOSCOPIA DIGESTIVA ALTA,0303140119,TRATAMENTO DE OUTRAS DOENCAS DA PLEURA
ECOENDOSCOPIA DIGESTIVA ALTA,0303180013,TRATAMENTO DE AFECÇÕES ASSOCIADAS AO HIV/AIDS
ECOENDOSCOPIA DIGESTIVA ALTA,0304100021,TRATAMENTO CLÍNICO DE PACIENTE ONCOLÓGICO
ECOENDOSCOPIA DIGESTIVA ALTA,0406040273,OCLUSÃO PERCUTÂNEA ENDOVASCULAR DE ARTÉRIA / VEIA
ECOENDOSCOPIA DIGESTIVA ALTA,0407030034,COLECISTECTOMIA VIDEOLAPAROSCÓPICA
ECOENDOSCOPIA DIGESTIVA ALTA,0407030220,PANCREATOTOMIA PARA DRENAGEM
ECOENDOSCOPIA DIGESTIVA ALTA,0407030255,COLANGIOPANCREATOGRAFIA RETRÓGRADA ENDOSCÓPICA TERAPÊUTICA
ECOENDOSCOPIA DIGESTIVA ALTA,0415020034,OUTROS PROCEDIMENTOS COM CIRURGIAS SEQUENCIAIS
ECOENDOSCOPIA DIGESTIVA ALTA,0416040195,QUIMIOEMBOLIZAÇÃO DE CARCINOMA HEPÁTICO
ELETROCONVULSOTERAPIA,0303170131,TRATAMENTO CLÍNICO EM SAÚDE MENTAL EM SITUAÇÃO DE RISCO ELEVADO DE SUICÍDIO.
ELETROCONVULSOTERAPIA,0303170140,TRATAMENTO CLÍNICO PARA CONTENÇÃO DE COMPORTAMENTO DESORGANIZADO E/OU DISRUPTIVO
ELETROCONVULSOTERAPIA,0303170158,"TRATAMENTO CLÍNICO PARA AVALIAÇÃO DIAGNÓSTICA E ADEQUAÇÃO TERAPÊUTICA, INCLUINDO NECESSIDADES DE SAÚDE DECORRENTES DO USO DE ÁLCOOL E OUTRAS DROGAS"
ELETROCONVULSOTERAPIA,0303170166,TRATAMENTO CLÍNICO DE TRANSTORNOS MENTAIS E COMPORTAMENTAIS DEVIDO AO USO DE ÁLCOOL
ELETROCONVULSOTERAPIA,0303170182,TRATAMENTO CLÍNICO DOS TRANSTORNOS MENTAIS E COMPORTAMENTAIS DEVIDO AO USO DAS DEMAIS DROGAS E/OU OUTRAS SUBSTÂNCIAS PSICOATIVAS
EMBOLECTOMIA,0305020056,TRATAMENTO DA DOENÇA RENAL CRÔNICA - DRC
EMBOLECTOMIA,0403070171,TRATAMENTO DO ACIDENTE VASCULAR CEREBRAL ISQUÊMICO AGUDO COM TROMBECTOMIA MECÂNICA
EMBOLECTOMIA,0406020124,EMBOLECTOMIA ARTERIAL
EMBOLECTOMIA,0415020034,OUTROS PROCEDIMENTOS COM CIRURGIAS SEQUENCIAIS
EMBOLECTOMIA,0506020045,TRATAMENTO DE INTERCORRÊNCIA PÓS-TRANSPLANTE DE ÓRGÃOS / CÉLULAS-TRONCO HEMATOPOÉTICAS
EMBOLIZACAO ARTERIAL DE HEMORRAGIA DIGESTIVA,0303070129,TRATAMENTO DE TRANSTORNOS DAS VIAS BILIARES E PANCREAS
EMBOLIZACAO ARTERIAL DE HEMORRAGIA DIGESTIVA,0406040192,EMBOLIZAÇÃO ARTERIAL DE HEMORRAGIA DIGESTIVA (INCLUI PROCEDIMENTO ENDOSCÓPICO E/OU ESTUDO ANGIOGRÁFICO)
EMBOLIZACAO ARTERIAL DE HEMORRAGIA DIGESTIVA,0416040195,QUIMIOEMBOLIZAÇÃO DE CARCINOMA HEPÁTICO
EMBOLIZACAO ARTERIAL DE HEMORRAGIA DIGESTIVA,0506020045,TRATAMENTO DE INTERCORRÊNCIA PÓS-TRANSPLANTE DE ÓRGÃOS / CÉLULAS-TRONCO HEMATOPOÉTICAS
EMBOLIZACAO DE ANEURISMA CEREBRAL,0403070040,"EMBOLIZAÇÃO DE ANEURISMA CEREBRAL MAIOR QUE 1,5 CM COM COLO ESTREITO"
EMBOLIZACAO DE ANEURISMA CEREBRAL,0403070058,"EMBOLIZAÇÃO DE ANEURISMA CEREBRAL MAIOR QUE 1,5 CM COM COLO LARGO"
EMBOLIZACAO DE ANEURISMA CEREBRAL,0403070155,"EMBOLIZAÇÃO DE ANEURISMA CEREBRAL MENOR QUE 1,5 CM COM COLO ESTREITO"
EMBOLIZACAO DE ANEURISMA CEREBRAL,0403070163,"EMBOLIZAÇÃO DE ANEURISMA CEREBRAL MENOR DO QUE 1,5 CM COM COLO LARGO"
EMBOLIZACAO DE ANEURISMA CEREBRAL,0415020034,OUTROS PROCEDIMENTOS COM CIRURGIAS SEQUENCIAIS
EMBOLIZACAO DE HEMATURIA OU SANGRAMENTO GENITAL,0406040303,TRATAMENTO DE HEMATURIA OU SANGRAMENTO GENITAL POR EMBOLIZAÇÃO (INCLUI ESTUDO ANGIOGRÁFICO E/OU ENDOSCÓPICO)
EMBOLIZACAO DE MALFORMACOES VASCULAR,0406040206,EMBOLIZAÇÃO DE MALFORMAÇÃO VASCULAR ARTÉRIO-VENOSA (INCLUI ESTUDO ANGIOGRÁFICO)
EMBOLIZACAO DE MALFORMACOES VASCULAR,0406040273,OCLUSÃO PERCUTÂNEA ENDOVASCULAR DE ARTÉRIA / VEIA
EMBOLIZACAO DE MALFORMACOES VASCULAR,0415020034,OUTROS PROCEDIMENTOS COM CIRURGIAS SEQUENCIAIS
EMBOLIZACAO DE MALFORMACOES VASCULARES ARTERIOVENOSAS,0303040106,TRATAMENTO CONSERVADOR DE TRAUMATISMO CRANIOENCEFALICO GRAVE
EMBOLIZACAO DE MALFORMACOES VASCULARES ARTERIOVENOSAS,0403070104,EMBOLIZAÇÃO DE MALFORMAÇÃO ARTERIO-VENOSA DURAL COMPLEXA DO SISTEMA NERVOSO CENTRAL
EMBOLIZACAO DE MALFORMACOES VASCULARES ARTERIOVENOSAS,0403070120,EMBOLIZAÇÃO DE MALFORMAÇÃO ARTERIO-VENOSA INTRAPARENQUIMATOSA DO SISTEMA NERVOSO CENTRAL
EMBOLIZACAO DE MALFORMACOES VASCULARES ARTERIOVENOSAS,0406040206,EMBOLIZAÇÃO DE MALFORMAÇÃO VASCULAR ARTÉRIO-VENOSA (INCLUI ESTUDO ANGIOGRÁFICO)
EMBOLIZACAO DE MALFORMACOES VASCULARES ARTERIOVENOSAS,0406040214,EMBOLIZAÇÃO DE MALFORMAÇÃO VASCULAR POR PUNÇÃO DIRETA (INCLUI DROGAS EMBOLIZANTES)
EMBOLIZACAO DE MALFORMACOES VASCULARES ARTERIOVENOSAS,0406040273,OCLUSÃO PERCUTÂNEA ENDOVASCULAR DE ARTÉRIA / VEIA
EMBOLIZACAO DE MALFORMACOES VASCULARES ARTERIOVENOSAS,0415020034,OUTROS PROCEDIMENTOS COM CIRURGIAS SEQUENCIAIS
EMBOLIZAÇÃO DE TUMORES DE CABEÇA E PESCOÇO,0403070139,EMBOLIZAÇÃO DE TUMOR INTRA-CRANIANO OU DA CABEÇA E PESCOÇO
EMBOLIZAÇÃO DE TUMORES DE CABEÇA E PESCOÇO,0406040214,EMBOLIZAÇÃO DE MALFORMAÇÃO VASCULAR POR PUNÇÃO DIRETA (INCLUI DROGAS EMBOLIZANTES)
EMBOLIZAÇÃO DE TUMORES DE CABEÇA E PESCOÇO,0415020077,PROCEDIMENTOS SEQUENCIAIS EM NEUROCIRURGIA
EMBOLIZAÇÃO POR CATETERISMO,0303010037,TRATAMENTO DE OUTRAS DOENÇAS BACTERIANAS
EMBOLIZAÇÃO POR CATETERISMO,0406030014,ANGIOPLASTIA CORONARIANA
EMBOLIZAÇÃO POR CATETERISMO,0406040192,EMBOLIZAÇÃO ARTERIAL DE HEMORRAGIA DIGESTIVA (INCLUI PROCEDIMENTO ENDOSCÓPICO E/OU ESTUDO ANGIOGRÁFICO)
EMBOLIZAÇÃO POR CATETERISMO,0406040206,EMBOLIZAÇÃO DE MALFORMAÇÃO VASCULAR ARTÉRIO-VENOSA (INCLUI ESTUDO ANGIOGRÁFICO)
EMBOLIZAÇÃO POR CATETERISMO,0406040214,EMBOLIZAÇÃO DE MALFORMAÇÃO VASCULAR POR PUNÇÃO DIRETA (INCLUI DROGAS EMBOLIZANTES)
EMBOLIZAÇÃO POR CATETERISMO,0406040273,OCLUSÃO PERCUTÂNEA ENDOVASCULAR DE ARTÉRIA / VEIA
EMBOLIZAÇÃO POR CATETERISMO,0406040303,TRATAMENTO DE HEMATURIA OU SANGRAMENTO GENITAL POR EMBOLIZAÇÃO (INCLUI ESTUDO ANGIOGRÁFICO E/OU ENDOSCÓPICO)
EMBOLIZAÇÃO POR CATETERISMO,0406040311,TRATAMENTO DE HEMOPTISE POR EMBOLIZAÇÃO PERCUTÂNEA (INCLUI ESTUDO ANGIOGRÁFICO)
EMBOLIZAÇÃO POR CATETERISMO,0412040166,TORACOSTOMIA COM DRENAGEM PLEURAL FECHADA
EMBOLIZAÇÃO POR CATETERISMO,0415020034,OUTROS PROCEDIMENTOS COM CIRURGIAS SEQUENCIAIS
EMBOLIZAÇÃO POR CATETERISMO,0416040179,ALCOOLIZAÇÃO PERCUTÂNEA DE CARCINOMA HEPÁTICO
EMBOLIZAÇÃO POR CATETERISMO,0416040195,QUIMIOEMBOLIZAÇÃO DE CARCINOMA HEPÁTICO
EMBOLIZAÇÃO POR CATETERISMO,0506020045,TRATAMENTO DE INTERCORRÊNCIA PÓS-TRANSPLANTE DE ÓRGÃOS / CÉLULAS-TRONCO HEMATOPOÉTICAS
EMBOLIZAÇÃO POR CATETERISMO,0506020100,TRATAMENTO DE INTERCORRENCIA PÓS TRANSPLANTE ALOGÊNICO DE CÉLULAS-TRONCO HEMATOPOÉTICAS- PÓS TRANSPLANTE CRÍTICO
ENDOARTERECTOMIA CAROTIDEA,0406020370,PONTE-TROMBOENDARTERECTOMIA DE CARÓTIDA
ENDOARTERECTOMIA CAROTIDEA,0415020034,OUTROS PROCEDIMENTOS COM CIRURGIAS SEQUENCIAIS
ENDOSCOPIA COM BIOPSIA ESOFAGOSCOPIA C/B,0506020096,TRATAMENTO DE INTERCORRENCIA PÓS TRANSPLANTE DE FIGADO- PÓS TRANSPLANTE CRÍTICO
ENDOSCOPIA COM PASSAGEM DE SNE,0303010037,TRATAMENTO DE OUTRAS DOENÇAS BACTERIANAS
ENDOSCOPIA COM PASSAGEM DE SNE,0415020050,PROCEDIMENTOS SEQUENCIAIS EM ONCOLOGIA
ENDOSCOPIA COM RETIRADA DE CORPO ESTRANHO,0301060010,DIAGNOSTICO E/OU ATENDIMENTO DE URGENCIA EM CLINICA PEDIATRICA
ENDOSCOPIA COM RETIRADA DE CORPO ESTRANHO,0301060088,DIAGNOSTICO E/OU ATENDIMENTO DE URGENCIA EM CLINICA MEDICA
ENDOSCOPIA DIGESTIVA ALTA,0209040050,VIDEOTORACOSCOPIA
ENDOSCOPIA DIGESTIVA ALTA,0301060010,DIAGNOSTICO E/OU ATENDIMENTO DE URGENCIA EM CLINICA PEDIATRICA
ENDOSCOPIA DIGESTIVA ALTA,0301060088,DIAGNOSTICO E/OU ATENDIMENTO DE URGENCIA EM CLINICA MEDICA
ENDOSCOPIA DIGESTIVA ALTA,0301160023,REABILITAÇÃO EM FALÊNCIA INTESTINAL EM NÍVEL HOSPITALAR
ENDOSCOPIA DIGESTIVA ALTA,0303010037,TRATAMENTO DE OUTRAS DOENÇAS BACTERIANAS
ENDOSCOPIA DIGESTIVA ALTA,0303010061,TRATAMENTO DE DOENÇAS INFECCIOSAS INTESTINAIS
ENDOSCOPIA DIGESTIVA ALTA,0303020032,TRATAMENTO DE ANEMIA APLASTICA E OUTRAS ANEMIAS
ENDOSCOPIA DIGESTIVA ALTA,0303020059,TRATAMENTO DE ANEMIAS NUTRICIONAIS
ENDOSCOPIA DIGESTIVA ALTA,0303030020,TRATAMENTO DE DESNUTRICAO
ENDOSCOPIA DIGESTIVA ALTA,0303040149,TRATAMENTO DE ACIDENTE VASCULAR CEREBRAL - AVC (ISQUEMICO OU HEMORRAGICO AGUDO)
ENDOSCOPIA DIGESTIVA ALTA,0303060018,TRATAMENTO DE ANEURISMA DA AORTA
ENDOSCOPIA DIGESTIVA ALTA,0303060085,TRATAMENTO DE COMPLICACOES CARDIACAS POS-CIRURGIA
ENDOSCOPIA DIGESTIVA ALTA,0303060140,TRATAMENTO DE EMBOLIA PULMONAR
ENDOSCOPIA DIGESTIVA ALTA,0303060212,TRATAMENTO DE INSUFICIENCIA CARDIACA
ENDOSCOPIA DIGESTIVA ALTA,0303060271,TRATAMENTO DE PERICARDITE
ENDOSCOPIA DIGESTIVA ALTA,0303070064,TRATAMENTO DE DOENCAS DO ESOFAGO ESTOMAGO E DUODENO
ENDOSCOPIA DIGESTIVA ALTA,0303070072,TRATAMENTO DE DOENCAS DO FIGADO
ENDOSCOPIA DIGESTIVA ALTA,0303070099,TRATAMENTO DE ENTERITES E COLITES NAO INFECCIOSAS
ENDOSCOPIA DIGESTIVA ALTA,0303070102,TRATAMENTO DE OUTRAS DOENCAS DO APARELHO DIGESTIVO
ENDOSCOPIA DIGESTIVA ALTA,0303070110,TRATAMENTO DE OUTRAS DOENCAS DO INTESTINO
ENDOSCOPIA DIGESTIVA ALTA,0303070129,TRATAMENTO DE TRANSTORNOS DAS VIAS BILIARES E PANCREAS
ENDOSCOPIA DIGESTIVA ALTA,0303090316,TRATAMENTO DAS POLIARTROPATIAS INFLAMATORIAS
ENDOSCOPIA DIGESTIVA ALTA,0303110112,TRATAMENTO DE OUTRAS MALFORMACOES CONGENITAS DO APARELHO DIGESTIVO
ENDOSCOPIA DIGESTIVA ALTA,0303140143,TRATAMENTO DE OUTRAS INFECCOES AGUDAS DAS VIAS AEREAS INFERIORES
ENDOSCOPIA DIGESTIVA ALTA,0303140151,TRATAMENTO DE PNEUMONIAS OU INFLUENZA (GRIPE)
ENDOSCOPIA DIGESTIVA ALTA,0303160039,TRATAMENTO DE OUTROS TRANSTORNOS ORIGINADOS NO PERIODO PERINATAL
ENDOSCOPIA DIGESTIVA ALTA,0303170140,TRATAMENTO CLÍNICO PARA CONTENÇÃO DE COMPORTAMENTO DESORGANIZADO E/OU DISRUPTIVO
ENDOSCOPIA DIGESTIVA ALTA,0303170166,TRATAMENTO CLÍNICO DE TRANSTORNOS MENTAIS E COMPORTAMENTAIS DEVIDO AO USO DE ÁLCOOL
ENDOSCOPIA DIGESTIVA ALTA,0303170182,TRATAMENTO CLÍNICO DOS TRANSTORNOS MENTAIS E COMPORTAMENTAIS DEVIDO AO USO DAS DEMAIS DROGAS E/OU OUTRAS SUBSTÂNCIAS PSICOATIVAS
ENDOSCOPIA DIGESTIVA ALTA,0303180013,TRATAMENTO DE AFECÇÕES ASSOCIADAS AO HIV/AIDS
ENDOSCOPIA DIGESTIVA ALTA,0303180072,TRATAMENTO DE HIV / AIDS
ENDOSCOPIA DIGESTIVA ALTA,0304100013,TRATAMENTO DE INTERCORRÊNCIAS CLÍNICAS DE PACIENTE ONCOLÓGICO
ENDOSCOPIA DIGESTIVA ALTA,0304100021,TRATAMENTO CLÍNICO DE PACIENTE ONCOLÓGICO
ENDOSCOPIA DIGESTIVA ALTA,0305010174,TRATAMENTO DE INTERCORRÊNCIA EM PACIENTE RENAL CRÔNICO SOB TRATAMENTO DIALÍTICO ( POR DIA)
ENDOSCOPIA DIGESTIVA ALTA,0305020048,TRATAMENTO DE INSUFICIÊNCIA RENAL AGUDA
ENDOSCOPIA DIGESTIVA ALTA,0305020056,TRATAMENTO DA DOENÇA RENAL CRÔNICA - DRC
ENDOSCOPIA DIGESTIVA ALTA,0406010137,CORREÇÃO DE ANEURISMA / DISSECÇÃO DA AORTA TORACO-ABDOMINAL
ENDOSCOPIA DIGESTIVA ALTA,0406030030,
ENDOSCOPIA DIGESTIVA ALTA,0406040176,CORREÇÃO ENDOVASCULAR DE ANEURISMA / DISSECÇÃO DA AORTA TORÁCICA COM ENDOPRÓTESE RETA OU CÔNICA
ENDOSCOPIA DIGESTIVA ALTA,0406040192,EMBOLIZAÇÃO ARTERIAL DE HEMORRAGIA DIGESTIVA (INCLUI PROCEDIMENTO ENDOSCÓPICO E/OU ESTUDO ANGIOGRÁFICO)
ENDOSCOPIA DIGESTIVA ALTA,0406040265,IMPLANTAÇÃO DE SHUNT INTRA-HEPÁTICO PORTO-SISTÊMICO (TIPS) COM STENT NÃO RECOBERTO
ENDOSCOPIA DIGESTIVA ALTA,0406040273,OCLUSÃO PERCUTÂNEA ENDOVASCULAR DE ARTÉRIA / VEIA
ENDOSCOPIA DIGESTIVA ALTA,0406040303,TRATAMENTO DE HEMATURIA OU SANGRAMENTO GENITAL POR EMBOLIZAÇÃO (INCLUI ESTUDO ANGIOGRÁFICO E/OU ENDOSCÓPICO)
ENDOSCOPIA DIGESTIVA ALTA,0407010084,ESOFAGOPLASTIA / GASTROPLASTIA
ENDOSCOPIA DIGESTIVA ALTA,0407010165,GASTROENTEROANASTOMOSE
ENDOSCOPIA DIGESTIVA ALTA,0407010190,GASTRORRAFIA
ENDOSCOPIA DIGESTIVA ALTA,0407010211,GASTROSTOMIA
ENDOSCOPIA DIGESTIVA ALTA,0407010270,TRATAMENTO CIRÚRGICO DE ACALASIA (CARDIOMIOPLASTIA)
ENDOSCOPIA DIGESTIVA ALTA,0407020047,APENDICECTOMIA VIDEOLAPAROSCÓPICA
ENDOSCOPIA DIGESTIVA ALTA,0407020179,ENTERECTOMIA
ENDOSCOPIA DIGESTIVA ALTA,0407020306,JEJUNOSTOMIA / ILEOSTOMIA
ENDOSCOPIA DIGESTIVA ALTA,0407030220,PANCREATOTOMIA PARA DRENAGEM
ENDOSCOPIA DIGESTIVA ALTA,0407030255,COLANGIOPANCREATOGRAFIA RETRÓGRADA ENDOSCÓPICA TERAPÊUTICA
ENDOSCOPIA DIGESTIVA ALTA,0407040030,DRENAGEM DE HEMATOMA / ABSCESSO PRE-PERITONEAL
ENDOSCOPIA DIGESTIVA ALTA,0407040242,RESSUTURA DE PAREDE ABDOMINAL (POR DEISCENCIA TOTAL / EVISCERAÇÃO)
ENDOSCOPIA DIGESTIVA ALTA,0408040092,ARTROPLASTIA TOTAL PRIMARIA DO QUADRIL NÃO CIMENTADA / HÍBRIDA
ENDOSCOPIA DIGESTIVA ALTA,0408050012,AMPUTACAO / DESARTICULACAO DE MEMBROS INFERIORES
ENDOSCOPIA DIGESTIVA ALTA,0408050020,AMPUTACAO / DESARTICULACAO DE PE E TARSO
ENDOSCOPIA DIGESTIVA ALTA,0408060557,TRATAMENTO CIRÚRGICO DE ARTRITE INFECCIOSA (GRANDES E MÉDIAS ARTICULAÇÕES)
ENDOSCOPIA DIGESTIVA ALTA,0409010170,INSTALAÇÃO ENDOSCÓPICA DE CATETER DUPLO J
ENDOSCOPIA DIGESTIVA ALTA,0412010100,TRAQUEOPLASTIA E/OU LARINGOTRAQUEOPLASTIA
ENDOSCOPIA DIGESTIVA ALTA,0412040166,TORACOSTOMIA COM DRENAGEM PLEURAL FECHADA
ENDOSCOPIA DIGESTIVA ALTA,0412040174,TORACOTOMIA EXPLORADORA
ENDOSCOPIA DIGESTIVA ALTA,0415020034,OUTROS PROCEDIMENTOS COM CIRURGIAS SEQUENCIAIS
ENDOSCOPIA DIGESTIVA ALTA,0415020050,PROCEDIMENTOS SEQUENCIAIS EM ONCOLOGIA
ENDOSCOPIA DIGESTIVA ALTA,0415040035,DEBRIDAMENTO DE ULCERA / DE TECIDOS DESVITALIZADOS
ENDOSCOPIA DIGESTIVA ALTA,0416010075,NEFRECTOMIA TOTAL EM ONCOLOGIA
ENDOSCOPIA DIGESTIVA ALTA,0416040039,ESOFAGOGASTRECTOMIA COM TORACOTOMIA EM ONCOLOGIA
ENDOSCOPIA DIGESTIVA ALTA,0416040322,ESOFAGOGASTRECTOMIA VIDEOLAPAROSCÓPICA EM ONCOLOGIA
ENDOSCOPIA DIGESTIVA ALTA,0416050026,COLECTOMIA PARCIAL (HEMICOLECTOMIA) EM ONCOLOGIA
ENDOSCOPIA DIGESTIVA ALTA,0505010020,TRANSPLANTE ALOGÊNICO DE CÉLULAS-TRONCO HEMATOPOÉTICAS DE MEDULA ÓSSEA - NÃO APARENTADO
ENDOSCOPIA DIGESTIVA ALTA,0505020050,TRANSPLANTE DE FIGADO (ORGAO DE DOADOR FALECIDO)
ENDOSCOPIA DIGESTIVA ALTA,0505020092,TRANSPLANTE DE RIM (ORGAO DE DOADOR FALECIDO)
ENDOSCOPIA DIGESTIVA ALTA,0506020010,INTERCORRENCIA POS TRANSPLANTE ALOGÊNICO DE CELULAS-TRONCO HEMATOPOÉTICAS - NAO APARENTADO (HOSPITAL DIA)
ENDOSCOPIA DIGESTIVA ALTA,0506020037,TRATAMENTO DE INTERCORRENCIA POS-TRANSPLANTE ALOGENICO DE CELULAS-TRONCO HEMATOPOETICAS DE APARENTADO (HOSPITAL DIA)
ENDOSCOPIA DIGESTIVA ALTA,0506020045,TRATAMENTO DE INTERCORRÊNCIA PÓS-TRANSPLANTE DE ÓRGÃOS / CÉLULAS-TRONCO HEMATOPOÉTICAS
ENDOSCOPIA DIGESTIVA ALTA,0506020061,TRATAMENTO DE INTERCORRENCIA PÓS TRANSPLANTE DE CORAÇÃO- PÓS TRANSPLANTE CRÍTICO
ENDOSCOPIA DIGESTIVA ALTA,0506020070,TRATAMENTO DE INTERCORRÊNCIA PÓS TRANSPLANTE DE PULMÃO UNI/BILATERAL - PÓS TRANSPLANTE CRÍTICO
ENDOSCOPIA DIGESTIVA ALTA,0506020096,TRATAMENTO DE INTERCORRENCIA PÓS TRANSPLANTE DE FIGADO- PÓS TRANSPLANTE CRÍTICO
ENDOSCOPIA DIGESTIVA ALTA,0506020100,TRATAMENTO DE INTERCORRENCIA PÓS TRANSPLANTE ALOGÊNICO DE CÉLULAS-TRONCO HEMATOPOÉTICAS- PÓS TRANSPLANTE CRÍTICO
ENDOSCOPIA DIGESTIVA ALTA,0506020118,TRATAMENTO DE INTERCORRENCIA PÓS TRANSPLANTE AUTOLÓGO DE CÉLULAS-TRONCO HEMATOPOÉTICAS- PÓS TRANSPLANTE CRÍTICO
ENDOSCOPIA ESOFAGOSCOPIA,0209040050,VIDEOTORACOSCOPIA
ENDOSCOPIA ESOFAGOSCOPIA,0211050091,EXPLORACAO DIAGNOSTICA PELO VIDEO-ELETROENCEFALOGRAMA COM OU SEM USO DE ELETRODO DE PROFUNDIDADE
ENDOSCOPIA ESOFAGOSCOPIA,0301060010,DIAGNOSTICO E/OU ATENDIMENTO DE URGENCIA EM CLINICA PEDIATRICA
ENDOSCOPIA ESOFAGOSCOPIA,0301160023,REABILITAÇÃO EM FALÊNCIA INTESTINAL EM NÍVEL HOSPITALAR
ENDOSCOPIA ESOFAGOSCOPIA,0303010010,TRATAMENTO DE DENGUE CLÁSSICA
ENDOSCOPIA ESOFAGOSCOPIA,0303010037,TRATAMENTO DE OUTRAS DOENÇAS BACTERIANAS
ENDOSCOPIA ESOFAGOSCOPIA,0303010061,TRATAMENTO DE DOENÇAS INFECCIOSAS INTESTINAIS
ENDOSCOPIA ESOFAGOSCOPIA,0303010169,TRATAMENTO DE MICOSES (B35 A B49)
ENDOSCOPIA ESOFAGOSCOPIA,0303020032,TRATAMENTO DE ANEMIA APLASTICA E OUTRAS ANEMIAS
ENDOSCOPIA ESOFAGOSCOPIA,0303020040,TRATAMENTO DE ANEMIA HEMOLITICA
ENDOSCOPIA ESOFAGOSCOPIA,0303020059,TRATAMENTO DE ANEMIAS NUTRICIONAIS
ENDOSCOPIA ESOFAGOSCOPIA,0303020067,TRATAMENTO DE DEFEITOS DA COAGULACAO PURPURA E OUTRAS AFECCOES HEMORRAGICAS
ENDOSCOPIA ESOFAGOSCOPIA,0303020083,TRATAMENTO DE OUTRAS DOENÇAS DO SANGUE E DOS ÓRGÃOS HEMATOPOIÉTICOS
ENDOSCOPIA ESOFAGOSCOPIA,0303030038,TRATAMENTO DE DIABETES MELLITUS
ENDOSCOPIA ESOFAGOSCOPIA,0303030046,TRATAMENTO DE DISTURBIOS METABOLICOS
ENDOSCOPIA ESOFAGOSCOPIA,0303030062,TRATAMENTO DE TRANSTORNOS DE OUTRAS GLÂNDULAS ENDÓCRINAS
ENDOSCOPIA ESOFAGOSCOPIA,0303040017,AJUSTE MEDICAMENTOSO DE SITUAÇÕES NEUROLÓGICAS AGUDIZADAS
ENDOSCOPIA ESOFAGOSCOPIA,0303040033,TRATAMENTO DA MIGRANEA COMPLICADA
ENDOSCOPIA ESOFAGOSCOPIA,0303040068,TRATAMENTO CONSERVADOR DA DOR REBELDE DE ORIGEM CENTRAL OU NEOPLÁSICA
ENDOSCOPIA ESOFAGOSCOPIA,0303040149,TRATAMENTO DE ACIDENTE VASCULAR CEREBRAL - AVC (ISQUEMICO OU HEMORRAGICO AGUDO)
ENDOSCOPIA ESOFAGOSCOPIA,0303040190,TRATAMENTO DE DOENÇA DOS NEURÔNIOS MOTORES CENTRAIS C/ OU S/ AMIOTROFIAS
ENDOSCOPIA ESOFAGOSCOPIA,0303040300,TRATAMENTO DO ACIDENTE VASCULAR CEREBRAL ISQUÊMICO AGUDO COM USO DE TROMBOLÍTICO
ENDOSCOPIA ESOFAGOSCOPIA,0303060042,TRATAMENTO DE CARDIOPATIA ISQUEMICA CRONICA
ENDOSCOPIA ESOFAGOSCOPIA,0303060077,TRATAMENTO DE CHOQUE HIPOVOLEMICO
ENDOSCOPIA ESOFAGOSCOPIA,0303060115,TRATAMENTO DE DOENCA REUMATICA C/ COMPROMETIMENTO CARDIACO
ENDOSCOPIA ESOFAGOSCOPIA,0303060140,TRATAMENTO DE EMBOLIA PULMONAR
ENDOSCOPIA ESOFAGOSCOPIA,0303060190,TRATAMENTO DE INFARTO AGUDO DO MIOCÁRDIO
ENDOSCOPIA ESOFAGOSCOPIA,0303060204,TRATAMENTO DE INSUFICIENCIA ARTERIAL C/ ISQUEMIA CRITICA
ENDOSCOPIA ESOFAGOSCOPIA,0303060212,TRATAMENTO DE INSUFICIENCIA CARDIACA
ENDOSCOPIA ESOFAGOSCOPIA,0303060271,TRATAMENTO DE PERICARDITE
ENDOSCOPIA ESOFAGOSCOPIA,0303060280,TRATAMENTO DE SINDROME CORONARIANA AGUDA
ENDOSCOPIA ESOFAGOSCOPIA,0303070064,TRATAMENTO DE DOENCAS DO ESOFAGO ESTOMAGO E DUODENO
ENDOSCOPIA ESOFAGOSCOPIA,0303070072,TRATAMENTO DE DOENCAS DO FIGADO
ENDOSCOPIA ESOFAGOSCOPIA,0303070099,TRATAMENTO DE ENTERITES E COLITES NAO INFECCIOSAS
ENDOSCOPIA ESOFAGOSCOPIA,0303070102,TRATAMENTO DE OUTRAS DOENCAS DO APARELHO DIGESTIVO
ENDOSCOPIA ESOFAGOSCOPIA,0303070110,TRATAMENTO DE OUTRAS DOENCAS DO INTESTINO
ENDOSCOPIA ESOFAGOSCOPIA,0303070129,TRATAMENTO DE TRANSTORNOS DAS VIAS BILIARES E PANCREAS
ENDOSCOPIA ESOFAGOSCOPIA,0303080051,TRATAMENTO DE DERMATITES E ECZEMAS
ENDOSCOPIA ESOFAGOSCOPIA,0303080060,TRATAMENTO DE ESTAFILOCOCCIAS
ENDOSCOPIA ESOFAGOSCOPIA,0303080094,TRATAMENTO DE OUTRAS AFECÇÕES DA PELE E DO TECIDO SUBCUTÂNEO
ENDOSCOPIA ESOFAGOSCOPIA,0303090316,TRATAMENTO DAS POLIARTROPATIAS INFLAMATORIAS
ENDOSCOPIA ESOFAGOSCOPIA,0303110104,TRATAMENTO DE OUTRAS MALFORMACOES CONGENITAS
ENDOSCOPIA ESOFAGOSCOPIA,0303110112,TRATAMENTO DE OUTRAS MALFORMACOES CONGENITAS DO APARELHO DIGESTIVO
ENDOSCOPIA ESOFAGOSCOPIA,0303140020,TRATAMENTO DA FIBROSE CISTICA COM MANIFESTACOES PULMONARES
ENDOSCOPIA ESOFAGOSCOPIA,0303140046,TRATAMENTO DAS DOENCAS CRONICAS DAS VIAS AEREAS INFERIORES
ENDOSCOPIA ESOFAGOSCOPIA,0303140089,TRATAMENTO DE DOENÇAS RESPIRATÓRIAS QUE AFETAM PRINCIPALMENTE O INTERSTÍCIO
ENDOSCOPIA ESOFAGOSCOPIA,0303140135,TRATAMENTO DE OUTRAS DOENCAS DO APARELHO RESPIRATORIO
ENDOSCOPIA ESOFAGOSCOPIA,0303140151,TRATAMENTO DE PNEUMONIAS OU INFLUENZA (GRIPE)
ENDOSCOPIA ESOFAGOSCOPIA,0303150025,TRATAMENTO DE DOENCAS GLOMERULARES
ENDOSCOPIA ESOFAGOSCOPIA,0303170131,TRATAMENTO CLÍNICO EM SAÚDE MENTAL EM SITUAÇÃO DE RISCO ELEVADO DE SUICÍDIO.
ENDOSCOPIA ESOFAGOSCOPIA,0303170140,TRATAMENTO CLÍNICO PARA CONTENÇÃO DE COMPORTAMENTO DESORGANIZADO E/OU DISRUPTIVO
ENDOSCOPIA ESOFAGOSCOPIA,0303170158,"TRATAMENTO CLÍNICO PARA AVALIAÇÃO DIAGNÓSTICA E ADEQUAÇÃO TERAPÊUTICA, INCLUINDO NECESSIDADES DE SAÚDE DECORRENTES DO USO DE ÁLCOOL E OUTRAS DROGAS"
ENDOSCOPIA ESOFAGOSCOPIA,0303170166,TRATAMENTO CLÍNICO DE TRANSTORNOS MENTAIS E COMPORTAMENTAIS DEVIDO AO USO DE ÁLCOOL
ENDOSCOPIA ESOFAGOSCOPIA,0303170182,TRATAMENTO CLÍNICO DOS TRANSTORNOS MENTAIS E COMPORTAMENTAIS DEVIDO AO USO DAS DEMAIS DROGAS E/OU OUTRAS SUBSTÂNCIAS PSICOATIVAS
ENDOSCOPIA ESOFAGOSCOPIA,0303180013,TRATAMENTO DE AFECÇÕES ASSOCIADAS AO HIV/AIDS
ENDOSCOPIA ESOFAGOSCOPIA,0304080020,INTERNAÇÃO P/ QUIMIOTERAPIA DE ADMINISTRAÇÃO CONTÍNUA
ENDOSCOPIA ESOFAGOSCOPIA,0304080039,INTERNAÇÃO P/ QUIMIOTERAPIA DE LEUCEMIAS AGUDAS / CRÔNICAS AGUDIZADAS
ENDOSCOPIA ESOFAGOSCOPIA,0304100013,TRATAMENTO DE INTERCORRÊNCIAS CLÍNICAS DE PACIENTE ONCOLÓGICO
ENDOSCOPIA ESOFAGOSCOPIA,0304100021,TRATAMENTO CLÍNICO DE PACIENTE ONCOLÓGICO
ENDOSCOPIA ESOFAGOSCOPIA,0305010174,TRATAMENTO DE INTERCORRÊNCIA EM PACIENTE RENAL CRÔNICO SOB TRATAMENTO DIALÍTICO ( POR DIA)
ENDOSCOPIA ESOFAGOSCOPIA,0305020056,TRATAMENTO DA DOENÇA RENAL CRÔNICA - DRC
ENDOSCOPIA ESOFAGOSCOPIA,0403030102,MICROCIRURGIA DE TUMOR MEDULAR
ENDOSCOPIA ESOFAGOSCOPIA,0403070171,TRATAMENTO DO ACIDENTE VASCULAR CEREBRAL ISQUÊMICO AGUDO COM TROMBECTOMIA MECÂNICA
ENDOSCOPIA ESOFAGOSCOPIA,0404010113,EXÉRESE DE PAPILOMA EM LARINGE
ENDOSCOPIA ESOFAGOSCOPIA,0404010377,TRAQUEOSTOMIA
ENDOSCOPIA ESOFAGOSCOPIA,0406010560,IMPLANTE DE CARDIOVERSOR DESFIBRILADOR DE CÂMARA ÚNICA TRANSVENOSO
ENDOSCOPIA ESOFAGOSCOPIA,0406010650,IMPLANTE DE MARCAPASSO DE CÂMARA DUPLA TRANSVENOSO
ENDOSCOPIA ESOFAGOSCOPIA,0406010692,IMPLANTE DE PRÓTESE VALVAR
ENDOSCOPIA ESOFAGOSCOPIA,0406010820,PLÁSTICA VALVAR E/OU TROCA VALVAR MÚLTIPLA
ENDOSCOPIA ESOFAGOSCOPIA,0406020019,ANASTOMOSE ESPLENO-RENAL / OUTRA DERIVAÇÃO CENTRAL
ENDOSCOPIA ESOFAGOSCOPIA,0406020078,IMPLANTAÇÃO DE CATETER DE LONGA PERMANÊNCIA SEMI OU TOTALMENTE IMPLANTAVEL (PROCEDIMENTO PRINCIPAL)
ENDOSCOPIA ESOFAGOSCOPIA,0406020159,EXERESE DE GANGLIO LINFÁTICO
ENDOSCOPIA ESOFAGOSCOPIA,0406030022,ANGIOPLASTIA CORONARIANA C/ IMPLANTE DE DOIS STENTS
ENDOSCOPIA ESOFAGOSCOPIA,0406030030,ANGIOPLASTIA CORONARIANA COM IMPLANTE DE STENT
ENDOSCOPIA ESOFAGOSCOPIA,0406030049,ANGIOPLASTIA CORONARIANA PRIMÁRIA
ENDOSCOPIA ESOFAGOSCOPIA,0406040141,COLOCAÇÃO PERCUTÂNEA DE FILTRO DE VEIA CAVA (NA TROMBOSE VENOSA PERIFÉRICA E EMBOLIA PULMONAR)
ENDOSCOPIA ESOFAGOSCOPIA,0406040192,EMBOLIZAÇÃO ARTERIAL DE HEMORRAGIA DIGESTIVA (INCLUI PROCEDIMENTO ENDOSCÓPICO E/OU ESTUDO ANGIOGRÁFICO)
ENDOSCOPIA ESOFAGOSCOPIA,0406040265,IMPLANTAÇÃO DE SHUNT INTRA-HEPÁTICO PORTO-SISTÊMICO (TIPS) COM STENT NÃO RECOBERTO
ENDOSCOPIA ESOFAGOSCOPIA,0406040273,OCLUSÃO PERCUTÂNEA ENDOVASCULAR DE ARTÉRIA / VEIA
ENDOSCOPIA ESOFAGOSCOPIA,0406040303,TRATAMENTO DE HEMATURIA OU SANGRAMENTO GENITAL POR EMBOLIZAÇÃO (INCLUI ESTUDO ANGIOGRÁFICO E/OU ENDOSCÓPICO)
ENDOSCOPIA ESOFAGOSCOPIA,0406040311,TRATAMENTO DE HEMOPTISE POR EMBOLIZAÇÃO PERCUTÂNEA (INCLUI ESTUDO ANGIOGRÁFICO)
ENDOSCOPIA ESOFAGOSCOPIA,0407010084,ESOFAGOPLASTIA / GASTROPLASTIA
ENDOSCOPIA ESOFAGOSCOPIA,0407010165,GASTROENTEROANASTOMOSE
ENDOSCOPIA ESOFAGOSCOPIA,0407010211,GASTROSTOMIA
ENDOSCOPIA ESOFAGOSCOPIA,0407010297,TRATAMENTO CIRÚRGICO DE REFLUXO GASTROESOFÁGICO
ENDOSCOPIA ESOFAGOSCOPIA,0407010378,TRATAMENTO DE INTERCORRENCIAS CIRURGICA POS- CIRURGIA BARIÁTRICA
ENDOSCOPIA ESOFAGOSCOPIA,0407020047,APENDICECTOMIA VIDEOLAPAROSCÓPICA
ENDOSCOPIA ESOFAGOSCOPIA,0407020063,COLECTOMIA PARCIAL (HEMICOLECTOMIA)
ENDOSCOPIA ESOFAGOSCOPIA,0407020101,COLOSTOMIA
ENDOSCOPIA ESOFAGOSCOPIA,0407020179,ENTERECTOMIA
ENDOSCOPIA ESOFAGOSCOPIA,0407020187,ENTEROANASTOMOSE (QUALQUER SEGMENTO)
ENDOSCOPIA ESOFAGOSCOPIA,0407020241,FECHAMENTO DE ENTEROSTOMIA (QUALQUER SEGMENTO)
ENDOSCOPIA ESOFAGOSCOPIA,0407020306,JEJUNOSTOMIA / ILEOSTOMIA
ENDOSCOPIA ESOFAGOSCOPIA,0407030026,COLECISTECTOMIA
ENDOSCOPIA ESOFAGOSCOPIA,0407030034,COLECISTECTOMIA VIDEOLAPAROSCÓPICA
ENDOSCOPIA ESOFAGOSCOPIA,0407030220,PANCREATOTOMIA PARA DRENAGEM
ENDOSCOPIA ESOFAGOSCOPIA,0407030255,COLANGIOPANCREATOGRAFIA RETRÓGRADA ENDOSCÓPICA TERAPÊUTICA
ENDOSCOPIA ESOFAGOSCOPIA,0407040021,DRENAGEM DE ABSCESSO SUBFRÊNICO
ENDOSCOPIA ESOFAGOSCOPIA,0407040030,DRENAGEM DE HEMATOMA / ABSCESSO PRE-PERITONEAL
ENDOSCOPIA ESOFAGOSCOPIA,0407040161,LAPAROTOMIA EXPLORADORA
ENDOSCOPIA ESOFAGOSCOPIA,0407040242,RESSUTURA DE PAREDE ABDOMINAL (POR DEISCENCIA TOTAL / EVISCERAÇÃO)
ENDOSCOPIA ESOFAGOSCOPIA,0407040250,TRATAMENTO CIRÚRGICO DE PERITONITE
ENDOSCOPIA ESOFAGOSCOPIA,0408030151,ARTRODESE INTERSOMATICA VIA POSTERIOR / POSTERO-LATERAL QUATRO NÍVEIS
ENDOSCOPIA ESOFAGOSCOPIA,0408050012,AMPUTACAO / DESARTICULACAO DE MEMBROS INFERIORES
ENDOSCOPIA ESOFAGOSCOPIA,0408050020,AMPUTACAO / DESARTICULACAO DE PE E TARSO
ENDOSCOPIA ESOFAGOSCOPIA,0408050063,ARTROPLASTIA TOTAL PRIMÁRIA DO JOELHO
ENDOSCOPIA ESOFAGOSCOPIA,0409010081,CISTORRAFIA
ENDOSCOPIA ESOFAGOSCOPIA,0409010090,CISTOSTOMIA
ENDOSCOPIA ESOFAGOSCOPIA,0409010170,INSTALAÇÃO ENDOSCÓPICA DE CATETER DUPLO J
ENDOSCOPIA ESOFAGOSCOPIA,0409010294,NEFROSTOMIA PERCUTÂNEA
ENDOSCOPIA ESOFAGOSCOPIA,0412030012,DESCORTICAÇÃO PULMONAR
ENDOSCOPIA ESOFAGOSCOPIA,0412040166,TORACOSTOMIA COM DRENAGEM PLEURAL FECHADA
ENDOSCOPIA ESOFAGOSCOPIA,0412040174,TORACOTOMIA EXPLORADORA
ENDOSCOPIA ESOFAGOSCOPIA,0413040178,TRATAMENTO CIRURGICO DE LESOES EXTENSAS C/ PERDA DE SUBSTANCIA CUTANEA
ENDOSCOPIA ESOFAGOSCOPIA,0415010012,TRATAMENTO C/ CIRURGIAS MULTIPLAS
ENDOSCOPIA ESOFAGOSCOPIA,0415020034,OUTROS PROCEDIMENTOS COM CIRURGIAS SEQUENCIAIS
ENDOSCOPIA ESOFAGOSCOPIA,0415020050,PROCEDIMENTOS SEQUENCIAIS EM ONCOLOGIA
ENDOSCOPIA ESOFAGOSCOPIA,0415020069,PROCEDIMENTOS SEQUENCIAIS EM ORTOPEDIA
ENDOSCOPIA ESOFAGOSCOPIA,0415020077,PROCEDIMENTOS SEQUENCIAIS EM NEUROCIRURGIA
ENDOSCOPIA ESOFAGOSCOPIA,0415040035,DEBRIDAMENTO DE ULCERA / DE TECIDOS DESVITALIZADOS
ENDOSCOPIA ESOFAGOSCOPIA,0416010113,ORQUIECTOMIA UNILATERAL EM ONCOLOGIA
ENDOSCOPIA ESOFAGOSCOPIA,0416010172,RESSECÇÃO ENDOSCÓPICA DE TUMOR VESICAL EM ONCOLOGIA
ENDOSCOPIA ESOFAGOSCOPIA,0416020194,MEDIASTINOSCOPIA/LINFADENECTOMIA MEDIASTINAL EM ONCOLOGIA
ENDOSCOPIA ESOFAGOSCOPIA,0416040101,HEPATECTOMIA PARCIAL EM ONCOLOGIA
ENDOSCOPIA ESOFAGOSCOPIA,0416040195,QUIMIOEMBOLIZAÇÃO DE CARCINOMA HEPÁTICO
ENDOSCOPIA ESOFAGOSCOPIA,0416040209,LAPAROTOMIA EXPLORADORA COM RESSECÇÃO COMPLETA OU INCOMPLETA DO TUMOR EM ONCOLOGIA
ENDOSCOPIA ESOFAGOSCOPIA,0416040217,GASTRECTOMIA PARCIAL EM ONCOLOGIA
ENDOSCOPIA ESOFAGOSCOPIA,0416040284,IMPLANTAÇÃO ENDOSCÓPICA DE STENT ESOFÁGICO
ENDOSCOPIA ESOFAGOSCOPIA,0416040314,GASTRECTOMIA VIDEOLAPAROSCÓPICA EM ONCOLOGIA
ENDOSCOPIA ESOFAGOSCOPIA,0416040322,ESOFAGOGASTRECTOMIA VIDEOLAPAROSCÓPICA EM ONCOLOGIA
ENDOSCOPIA ESOFAGOSCOPIA,0416040330,LAPARATOMIA EXPLORADORA VIDEOLAPAROSCÓPICA EM ONCOLOGIA
ENDOSCOPIA ESOFAGOSCOPIA,0416050026,COLECTOMIA PARCIAL (HEMICOLECTOMIA) EM ONCOLOGIA
ENDOSCOPIA ESOFAGOSCOPIA,0416080081,RECONSTRUÇÃO COM RETALHO MIOCUTÂNEO (QUALQUER PARTE) EM ONCOLOGIA
ENDOSCOPIA ESOFAGOSCOPIA,0416110070,RESSECÇAO PULMONAR EM CUNHA EM ONCOLOGIA
ENDOSCOPIA ESOFAGOSCOPIA,0505020050,TRANSPLANTE DE FIGADO (ORGAO DE DOADOR FALECIDO)
ENDOSCOPIA ESOFAGOSCOPIA,0506020037,TRATAMENTO DE INTERCORRENCIA POS-TRANSPLANTE ALOGENICO DE CELULAS-TRONCO HEMATOPOETICAS DE APARENTADO (HOSPITAL DIA)
ENDOSCOPIA ESOFAGOSCOPIA,0506020045,TRATAMENTO DE INTERCORRÊNCIA PÓS-TRANSPLANTE DE ÓRGÃOS / CÉLULAS-TRONCO HEMATOPOÉTICAS
ENDOSCOPIA ESOFAGOSCOPIA,0506020070,TRATAMENTO DE INTERCORRÊNCIA PÓS TRANSPLANTE DE PULMÃO UNI/BILATERAL - PÓS TRANSPLANTE CRÍTICO
ENDOSCOPIA ESOFAGOSCOPIA,0506020096,TRATAMENTO DE INTERCORRENCIA PÓS TRANSPLANTE DE FIGADO- PÓS TRANSPLANTE CRÍTICO
ENDOSCOPIA ESOFAGOSCOPIA,0506020100,TRATAMENTO DE INTERCORRENCIA PÓS TRANSPLANTE ALOGÊNICO DE CÉLULAS-TRONCO HEMATOPOÉTICAS- PÓS TRANSPLANTE CRÍTICO
ENFISEMA LOBAR CONGENITO - LOBECTOMIA,0412050048,LOBECTOMIA PULMONAR
ENTERECTOMIA,0407020179,ENTERECTOMIA
ENTERECTOMIA,0407020241,FECHAMENTO DE ENTEROSTOMIA (QUALQUER SEGMENTO)
ENTERECTOMIA,0407040161,LAPAROTOMIA EXPLORADORA
ENTERECTOMIA,0415010012,TRATAMENTO C/ CIRURGIAS MULTIPLAS
ENTERECTOMIA,0415020034,OUTROS PROCEDIMENTOS COM CIRURGIAS SEQUENCIAIS
ENTERECTOMIA,0415020050,PROCEDIMENTOS SEQUENCIAIS EM ONCOLOGIA
ENTERECTOMIA,0416040209,LAPAROTOMIA EXPLORADORA COM RESSECÇÃO COMPLETA OU INCOMPLETA DO TUMOR EM ONCOLOGIA
ENTERECTOMIA,0416040250,RESSECÇÃO DE TUMOR RETROPERITONIAL EM ONCOLOGIA
ENTERECTOMIA,0416040276,RESSECÇÃO ALARGADA DE TUMOR DE INTESTINO EM ONCOLOGIA
ENTERECTOMIA,0506020045,TRATAMENTO DE INTERCORRÊNCIA PÓS-TRANSPLANTE DE ÓRGÃOS / CÉLULAS-TRONCO HEMATOPOÉTICAS
ENTEROENTEROANASTOMOSE,0407020187,ENTEROANASTOMOSE (QUALQUER SEGMENTO)
ENTEROENTEROANASTOMOSE,0407020241,FECHAMENTO DE ENTEROSTOMIA (QUALQUER SEGMENTO)
ENTEROENTEROANASTOMOSE,0415020034,OUTROS PROCEDIMENTOS COM CIRURGIAS SEQUENCIAIS
ENTEROENTEROANASTOMOSE,0415020050,PROCEDIMENTOS SEQUENCIAIS EM ONCOLOGIA
ENTEROENTEROANASTOMOSE,0416040101,HEPATECTOMIA PARCIAL EM ONCOLOGIA
ENTERORRAFIA,0407020209,ENTEROTOMIA E/OU ENTERORRAFIA C/ SUTURA / RESSECÇÃO (QUALQUER SEGMENTO)
ENTERORRAFIA,0407020241,FECHAMENTO DE ENTEROSTOMIA (QUALQUER SEGMENTO)
ENTERORRAFIA,0407020306,JEJUNOSTOMIA / ILEOSTOMIA
ENTERORRAFIA,0415020034,OUTROS PROCEDIMENTOS COM CIRURGIAS SEQUENCIAIS
ENTROPIO E ECTROPIO,0405010010,CORRECAO CIRURGICA DE ENTROPIO E ECTROPIO
ENTROPIO E ECTROPIO,0416080081,RECONSTRUÇÃO COM RETALHO MIOCUTÂNEO (QUALQUER PARTE) EM ONCOLOGIA
ENUCLEACAO,0405040067,ENUCLEAÇÃO DE GLOBO OCULAR
ENUCLEACAO,0415010012,TRATAMENTO C/ CIRURGIAS MULTIPLAS
ENUCLEACAO,0415020050,PROCEDIMENTOS SEQUENCIAIS EM ONCOLOGIA
ENUCLEACAO,0416030246,EXENTERAÇÃO DE ÓRBITA EM ONCOLOGIA
ENXERTO MICROCIRÚRGICO DE NERVO PERIFÉRICO,0403020018,ENXERTO MICROCIRURGICO DE NERVO PERIFERICO (2 OU MAIS NERVOS)
ENXERTO MICROCIRÚRGICO DE NERVO PERIFÉRICO,0403020026,ENXERTO MICROCIRÚRGICO DE NERVO PERIFÉRICO (ÚNICO NERVO)
ENXERTO MICROCIRÚRGICO DE NERVO PERIFÉRICO,0404020062,ENXERTO TOTAL / PARCIAL INTRATEMPORAL DE NERVO FACIAL
EPIFISIODESE DA TIBIA,0408050675,TRATAMENTO CIRÚRGICO DE LESÃO EVOLUTIVA FISÁRIA NO MEMBRO INFERIOR
EPIFISIODESE DA TIBIA,0408050764,TRATAMENTO CIRÚRGICO DE PÉ TORTO CONGÊNITO
EPIFISIODESE DA TIBIA,0408050772,TRATAMENTO CIRÚRGICO DE PÉ TORTO CONGÊNITO INVETERADO
EPIFISIODESE DO FEMUR,0408040122,EPIFISIODESE DO TROCANTER MAIOR DO FÊMUR
EPIFISIODESE DO FEMUR,0408040130,EPIFISIODESE FEMORAL PROXIMAL IN SITU
ESFINCTEROPLASTIA ANAL,0407020322,PLÁSTICA ANAL EXTERNA / ESFINCTEROPLASTIA ANAL
ESOFAGECTOMIA,0415020034,OUTROS PROCEDIMENTOS COM CIRURGIAS SEQUENCIAIS
ESOFAGECTOMIA,0416040039,ESOFAGOGASTRECTOMIA COM TORACOTOMIA EM ONCOLOGIA
ESOFAGECTOMIA,0416040322,ESOFAGOGASTRECTOMIA VIDEOLAPAROSCÓPICA EM ONCOLOGIA
ESOFAGECTOMIA TRANSMEDIASTINAL,0415020050,PROCEDIMENTOS SEQUENCIAIS EM ONCOLOGIA
ESOFAGOGASTRECTOMIA,0415020050,PROCEDIMENTOS SEQUENCIAIS EM ONCOLOGIA
ESOFAGOMIOTOMIA,0407010270,TRATAMENTO CIRÚRGICO DE ACALASIA (CARDIOMIOPLASTIA)
ESOFAGOMIOTOMIA,0415020034,OUTROS PROCEDIMENTOS COM CIRURGIAS SEQUENCIAIS
ESOFAGOMIOTOMIA VIDEOLAPAROSCÓPICA,0407010084,ESOFAGOPLASTIA / GASTROPLASTIA
ESOFAGOMIOTOMIA VIDEOLAPAROSCÓPICA,0407010270,TRATAMENTO CIRÚRGICO DE ACALASIA (CARDIOMIOPLASTIA)
ESOFAGOMIOTOMIA VIDEOLAPAROSCÓPICA,0415010012,TRATAMENTO C/ CIRURGIAS MULTIPLAS
ESOFAGOMIOTOMIA VIDEOLAPAROSCÓPICA,0415020034,OUTROS PROCEDIMENTOS COM CIRURGIAS SEQUENCIAIS
ESOFAGOPLASTIA,0407010084,ESOFAGOPLASTIA / GASTROPLASTIA
ESOFAGOSTOMIA,0415020034,OUTROS PROCEDIMENTOS COM CIRURGIAS SEQUENCIAIS
ESPLENECTOMIA,0407030123,ESPLENECTOMIA
ESPLENECTOMIA,0415020034,OUTROS PROCEDIMENTOS COM CIRURGIAS SEQUENCIAIS
ESPLENECTOMIA,0415020050,PROCEDIMENTOS SEQUENCIAIS EM ONCOLOGIA
ESPLENECTOMIA,0416040209,LAPAROTOMIA EXPLORADORA COM RESSECÇÃO COMPLETA OU INCOMPLETA DO TUMOR EM ONCOLOGIA
ESPLENECTOMIA VIDEOLAPAROSCÓPICA,0407030123,ESPLENECTOMIA
ESTAGIOS SUBSEQUENTES DE ENXERTIA,0401020169,TRATAMENTO EM ESTÁGIOS SUBSEQUENTES DE ENXERTIA
ESTAGIOS SUBSEQUENTES DE ENXERTIA,0409070270,TRATAMENTO CIRURGICO DE INCONTINÊNCIA URINÁRIA POR VIA VAGINAL
ESTAGIOS SUBSEQUENTES DE ENXERTIA,0410010073,PLASTICA MAMÁRIA FEMININA NAO ESTETICA
ESTAPEDECTOMIA,0404010105,ESTAPEDECTOMIA
ESTAPEDECTOMIA,0415020034,OUTROS PROCEDIMENTOS COM CIRURGIAS SEQUENCIAIS
ESTERNECTOMIA COM OU SEM PROTESE,0412040115,RETIRADA DE CORPO ESTRANHO DA PAREDE TORÁCICA
ESTERNECTOMIA COM OU SEM PROTESE,0415020034,OUTROS PROCEDIMENTOS COM CIRURGIAS SEQUENCIAIS
ESTERNECTOMIA COM OU SEM PROTESE,0416090109,RESSECÇÃO DE TUMOR ÓSSEO COM SUBSTITUIÇÃO (ENDOPRÓTESE) OU COM RECONSTRUÇÃO E FIXAÇÃO EM ONCOLOGIA
ESTOMAGO - PILOROMIOTOMIA,0407010238,PILOROPLASTIA
ESTUDO ELETROFISIOLOGICO DIAGNOSTICO,0406030162,"IMPLANTE PERCUTÂNEO DE VÁLVULA AÓRTICA (TAVI), POR VIA TRANSFEMORAL"
ESTUDO ELETROFISIOLOGICO DIAGNOSTICO,0406050015,ESTUDO ELETROFISIOLÓGICO DIAGNÓSTICO
ESTUDO ELETROFISIOLOGICO DIAGNOSTICO,0406050031,ESTUDO ELETROFISIOLÓGICO TERAPÊUTICO I (ABLAÇÃO DE TAQUICARDIA ATRIAL DIREITA)
ESTUDO ELETROFISIOLOGICO DIAGNOSTICO,0406050040,"ESTUDO ELETROFISIOLÓGICO TERAPÊUTICO I (ABLAÇÃO DE TAQUICARDIA POR REENTRADA NODAL DE VIAS ANÔMALAS DIREITAS, DE TV IDIOPÁTICA, DE VENTRÍCULO DIREITO E VENTRÍCULO ESQUERDO)."
ESTUDO ELETROFISIOLOGICO DIAGNOSTICO,0406050058,ESTUDO ELETROFISIOLÓGICO TERAPÊUTICO I (ABLAÇÃO DO NÓDULO ARCHOV-TAWARA)
ESTUDO ELETROFISIOLOGICO DIAGNOSTICO,0406050074,ESTUDO ELETROFISIOLÓGICO TERAPÊUTICO II (ABLAÇÃO DE FIBRILAÇÃO ATRIAL)
ESTUDO ELETROFISIOLOGICO DIAGNOSTICO,0406050082,ESTUDO ELETROFISIOLÓGICO TERAPÊUTICO II (ABLAÇÃO DE TAQUICARDIA ATRIAL CICATRICIAL)
ESTUDO ELETROFISIOLOGICO DIAGNOSTICO,0406050139,ESTUDO ELETROFISIOLÓGICO TERAPÊUTICO II (ABLAÇÃO DE VIAS ANÔMALAS ESQUERDAS)
ESTUDO ELETROFISIOLOGICO DIAGNOSTICO,0415020034,OUTROS PROCEDIMENTOS COM CIRURGIAS SEQUENCIAIS
"ESTUDO ELETROFISIOLOGICO TERAPEUTICO I: ABLAÇÃO DE TAQUICARDIA POR RE-ENTRADA NODAL;DE VIAS ANOMALAS DIREITAS, DE TV IDI",0406050015,ESTUDO ELETROFISIOLÓGICO DIAGNÓSTICO
"ESTUDO ELETROFISIOLOGICO TERAPEUTICO I: ABLAÇÃO DE TAQUICARDIA POR RE-ENTRADA NODAL;DE VIAS ANOMALAS DIREITAS, DE TV IDI",0406050031,ESTUDO ELETROFISIOLÓGICO TERAPÊUTICO I (ABLAÇÃO DE TAQUICARDIA ATRIAL DIREITA)
"ESTUDO ELETROFISIOLOGICO TERAPEUTICO I: ABLAÇÃO DE TAQUICARDIA POR RE-ENTRADA NODAL;DE VIAS ANOMALAS DIREITAS, DE TV IDI",0406050040,"ESTUDO ELETROFISIOLÓGICO TERAPÊUTICO I (ABLAÇÃO DE TAQUICARDIA POR REENTRADA NODAL DE VIAS ANÔMALAS DIREITAS, DE TV IDIOPÁTICA, DE VENTRÍCULO DIREITO E VENTRÍCULO ESQUERDO)."
"ESTUDO ELETROFISIOLOGICO TERAPEUTICO I: ABLAÇÃO DE TAQUICARDIA POR RE-ENTRADA NODAL;DE VIAS ANOMALAS DIREITAS, DE TV IDI",0406050082,ESTUDO ELETROFISIOLÓGICO TERAPÊUTICO II (ABLAÇÃO DE TAQUICARDIA ATRIAL CICATRICIAL)
"ESTUDO ELETROFISIOLOGICO TERAPEUTICO I: ABLAÇÃO DE TAQUICARDIA POR RE-ENTRADA NODAL;DE VIAS ANOMALAS DIREITAS, DE TV IDI",0406050139,ESTUDO ELETROFISIOLÓGICO TERAPÊUTICO II (ABLAÇÃO DE VIAS ANÔMALAS ESQUERDAS)
"ESTUDO ELETROFISIOLOGICO TERAPEUTICO I: ABLAÇÃO DE TAQUICARDIA POR RE-ENTRADA NODAL;DE VIAS ANOMALAS DIREITAS, DE TV IDI",0415020034,OUTROS PROCEDIMENTOS COM CIRURGIAS SEQUENCIAIS
ESTUDO ELETROFISIOLOGICO TERAPEUTICO I: ABLAÇÃO DO NÓ AV,0406050058,ESTUDO ELETROFISIOLÓGICO TERAPÊUTICO I (ABLAÇÃO DO NÓDULO ARCHOV-TAWARA)
ESTUDO ELETROFISIOLOGICO TERAPEUTICO I:ABLAÇÃO DE FLUTER ATRIAL,0406050015,ESTUDO ELETROFISIOLÓGICO DIAGNÓSTICO
ESTUDO ELETROFISIOLOGICO TERAPEUTICO I:ABLAÇÃO DE FLUTER ATRIAL,0406050023,ESTUDO ELETROFISIOLÓGICO TERAPÊUTICO I (ABLAÇÃO DE FLUTTER ATRIAL)
ESTUDO ELETROFISIOLOGICO TERAPEUTICO I:ABLAÇÃO DE TAQUICARDIA ATRIAL DIREITA,0406050031,ESTUDO ELETROFISIOLÓGICO TERAPÊUTICO I (ABLAÇÃO DE TAQUICARDIA ATRIAL DIREITA)
ESTUDO ELETROFISIOLOGICO TERAPEUTICO II: ABLAÇÃO DAS VIAS ANOMALAS MULTIPLAS,0406050139,ESTUDO ELETROFISIOLÓGICO TERAPÊUTICO II (ABLAÇÃO DE VIAS ANÔMALAS ESQUERDAS)
ESTUDO ELETROFISIOLOGICO TERAPEUTICO II: ABLAÇÃO DE FIBRILAÇÃO ATRIAL,0406050074,ESTUDO ELETROFISIOLÓGICO TERAPÊUTICO II (ABLAÇÃO DE FIBRILAÇÃO ATRIAL)
ESTUDO ELETROFISIOLOGICO TERAPEUTICO II: ABLAÇÃO DE TAQUICARDIA ATRIAL ESQUERDA,0406050104,ESTUDO ELETROFISIOLÓGICO TERAPÊUTICO II (ABLAÇÃO DE TAQUICARDIA ATRIAL ESQUERDA)
ESTUDO ELETROFISIOLOGICO TERAPEUTICO II: ABLAÇÃO DE TAQUICARDIA VENTRICULAR SUSTENTANDA COM CARDIOPATIA ESTRUTURA,0406050112,ESTUDO ELETROFISIOLÓGICO TERAPÊUTICO II (ABLAÇÃO DE TAQUICARDIA VENTRICULAR IDIOPÁTICA DO SEIO DE VALSALVA ESQUERDO)
ESTUDO ELETROFISIOLOGICO TERAPEUTICO II: ABLAÇÃO DE TAQUICARDIA VENTRICULAR SUSTENTANDA COM CARDIOPATIA ESTRUTURA,0406050120,ESTUDO ELETROFISIOLÓGICO TERAPÊUTICO II (ABLAÇÃO DE TAQUICARDIA VENTRICULAR SUSTENTADA COM CARDIOPATIA ESTRUTURAL)
ESTUDO ELETROFISIOLOGICO TERAPEUTICO II: ABLAÇÃO DE VIAS ANOMALAS ESQUERDAS,0406050040,"ESTUDO ELETROFISIOLÓGICO TERAPÊUTICO I (ABLAÇÃO DE TAQUICARDIA POR REENTRADA NODAL DE VIAS ANÔMALAS DIREITAS, DE TV IDIOPÁTICA, DE VENTRÍCULO DIREITO E VENTRÍCULO ESQUERDO)."
ESTUDO ELETROFISIOLOGICO TERAPEUTICO II: ABLAÇÃO DE VIAS ANOMALAS ESQUERDAS,0406050139,ESTUDO ELETROFISIOLÓGICO TERAPÊUTICO II (ABLAÇÃO DE VIAS ANÔMALAS ESQUERDAS)
ESTUDO ELETROFISIOLOGICO TERAPUETICO II: ABLAÇÃO DE TAQUICARDIA VENTRICULAR IDIOPATICA DO SEIO DE VALSALVA ESQUERDO,0406050040,"ESTUDO ELETROFISIOLÓGICO TERAPÊUTICO I (ABLAÇÃO DE TAQUICARDIA POR REENTRADA NODAL DE VIAS ANÔMALAS DIREITAS, DE TV IDIOPÁTICA, DE VENTRÍCULO DIREITO E VENTRÍCULO ESQUERDO)."
ESTUDO ELETROFISIOLÓGICO (TERAPÊUTICO),0406050015,ESTUDO ELETROFISIOLÓGICO DIAGNÓSTICO
ESTUDO ELETROFISIOLÓGICO (TERAPÊUTICO),0406050023,ESTUDO ELETROFISIOLÓGICO TERAPÊUTICO I (ABLAÇÃO DE FLUTTER ATRIAL)
ESTUDO ELETROFISIOLÓGICO (TERAPÊUTICO),0406050066,ESTUDO ELETROFISIOLÓGICO TERAPÊUTICO II (ABLAÇÃO DAS VIAS ANÔMALAS MÚLTIPLAS)
ESTUDO ELETROFISIOLÓGICO (TERAPÊUTICO),0406050112,ESTUDO ELETROFISIOLÓGICO TERAPÊUTICO II (ABLAÇÃO DE TAQUICARDIA VENTRICULAR IDIOPÁTICA DO SEIO DE VALSALVA ESQUERDO)
ESTUDO ELETROFISIOLÓGICO (TERAPÊUTICO),0406050139,ESTUDO ELETROFISIOLÓGICO TERAPÊUTICO II (ABLAÇÃO DE VIAS ANÔMALAS ESQUERDAS)
EVISCERACAO GLOBO OCULAR,0405040075,EVISCERAÇÃO DE GLOBO OCULAR
EXAME C/ANESTESIA GERAL(RET PONTOS),0303030054,TRATAMENTO DE TRANSTORNOS DA GLÂNDULA TIREOIDE
EXAME C/ANESTESIA GERAL(RET PONTOS),0303060247,TRATAMENTO DE OUTRAS VASCULOPATIAS
EXAME C/ANESTESIA GERAL(RET PONTOS),0303070099,TRATAMENTO DE ENTERITES E COLITES NAO INFECCIOSAS
EXAME C/ANESTESIA GERAL(RET PONTOS),0303070110,TRATAMENTO DE OUTRAS DOENCAS DO INTESTINO
EXAME C/ANESTESIA GERAL(RET PONTOS),0304100021,TRATAMENTO CLÍNICO DE PACIENTE ONCOLÓGICO
EXAME C/ANESTESIA GERAL(RET PONTOS),0407020241,FECHAMENTO DE ENTEROSTOMIA (QUALQUER SEGMENTO)
EXAME C/ANESTESIA GERAL(RET PONTOS),0409010294,NEFROSTOMIA PERCUTÂNEA
EXAME COM ANESTESIA GERAL (FUNDO DE OLHO),0303160055,TRATAMENTO DE TRANSTORNOS RELACIONADOS C/ A DURACAO DA GESTACAO E C/ O CRESCIMENTO FETAL
EXAME COM ANESTESIA GERAL (FUNDO DE OLHO),0405030207,DRENAGEM DE HEMORRAGIA DE CORÓIDE
EXAME COM ANESTESIA GERAL (FUNDO DE OLHO),0505010097,TRANSPLANTE DE CORNEA
EXAME GINECOLOGICO SOB ANESTESIA,0303110074,TRATAMENTO DE MALFORMACOES CONGENITAS DOS ORGAOS GENITAIS
EXAME GINECOLOGICO SOB ANESTESIA,0308040015,TRATAMENTO DE COMPLICACOES DE PROCEDIMENTOS CIRURGICOS OU CLINICOS
EXAME GINECOLOGICO SOB ANESTESIA,0409010170,INSTALAÇÃO ENDOSCÓPICA DE CATETER DUPLO J
EXAME GINECOLOGICO SOB ANESTESIA,0409070017,ALARGAMENTO DA ENTRADA VAGINAL
EXAME GINECOLOGICO SOB ANESTESIA,0409070220,TRATAMENTO CIRURGICO DE COAPTACAO DE NINFAS
EXAME GINECOLOGICO SOB ANESTESIA,0409070262,TRATAMENTO CIRURGICO DE HIPERTROFIA DOS PEQUENOS LABIOS
EXENTERAÇÃO DE ÓRBITA,0405040083,EXENTERAÇÃO DE ORBITA
EXENTERAÇÃO DE ÓRBITA,0415020050,PROCEDIMENTOS SEQUENCIAIS EM ONCOLOGIA
EXENTERAÇÃO DE ÓRBITA,0416030246,EXENTERAÇÃO DE ÓRBITA EM ONCOLOGIA
EXENTERCAO PELVICA,0415020050,PROCEDIMENTOS SEQUENCIAIS EM ONCOLOGIA
EXERESE DE CALCULO SALIVAR,0404020070,RESSECÇÃO DE GLÂNDULA SALIVAR
EXERESE DE CALO OSSEO,0408060182,OSTEOTOMIA DE OSSOS DA MÃO E/OU DO PÉ
EXERESE DE CARUNCULA URETRAL,0409020087,RESSECÇÃO DE CARÚNCULAURETRAL.
EXERESE DE CISTO BRANQUIAL,0401020061,EXÉRESE DE CISTO BRANQUIAL
EXERESE DE CISTO BRANQUIAL,0404010466,PAROTIDECTOMIA PARCIAL OU SUBTOTAL
EXERESE DE CISTO DE BARTHOLIN,0409070157,EXERESE DE GLÂNDULA DE BARTHOLIN / SKENE
EXERESE DE CISTO DE BARTHOLIN,0409070190,MARSUPIALIZACAO DE GLÂNDULA DE BARTOLIN
EXERESE DE CISTO DE VAGINA,0409070149,EXERESE DE CISTO VAGINAL
EXERESE DE CISTO PILONIDAL,0401020088,EXÉRESE DE CISTO SACRO-COCCIGEO
EXERESE DE CISTO PRE-AURICULAR,0401020150,TRATAMENTO CIRÚRGICO DO SINUS PRÉ-AURICULAR
EXERESE DE CISTO SEBACEO,0401020100,EXTIRPAÇÃOE SUPRESSÃO DE LESÃO DE PELE E DE TECIDO CELULAR SUBCUTÂNEO
EXERESE DE CISTO SINOVIAL,0408060212,RESSECÇÃO DE CISTO SINOVIAL
EXERESE DE CISTO SINOVIAL,0408060441,TENÓLISE
EXERESE DE CISTO TIREOGLOSSO,0401020070,EXÉRESE DE CISTO DERMOIDE
EXERESE DE CISTO TIREOGLOSSO,0401020096,EXÉRESE DE CISTO TIREOGLOSSO
EXERESE DE CISTO TIREOGLOSSO,0401020100,EXTIRPAÇÃOE SUPRESSÃO DE LESÃO DE PELE E DE TECIDO CELULAR SUBCUTÂNEO
EXERESE DE CISTOS,0401020070,EXÉRESE DE CISTO DERMOIDE
EXERESE DE CISTOS,0401020100,EXTIRPAÇÃOE SUPRESSÃO DE LESÃO DE PELE E DE TECIDO CELULAR SUBCUTÂNEO
EXERESE DE CISTOS,0407030255,COLANGIOPANCREATOGRAFIA RETRÓGRADA ENDOSCÓPICA TERAPÊUTICA
EXERESE DE CISTOS,0408040289,TRATAMENTO CIRÚRGICO DE FRATURA / LUXAÇÃO COXOFEMORAL C/ FRATURA DA EPÍFISE FEMORAL
EXERESE DE CISTOS,0408060310,RESSECÇÃO SIMPLES DE TUMOR ÓSSEO / DE PARTES MOLES
EXERESE DE CORPO ESTRANHO,0303010037,TRATAMENTO DE OUTRAS DOENÇAS BACTERIANAS
EXERESE DE CORPO ESTRANHO,0404020313,RETIRADA DE CORPO ESTRANHO DOS OSSOS DA FACE
EXERESE DE CORPO ESTRANHO,0407040102,HERNIOPLASTIA INGUINAL / CRURAL (UNILATERAL)
EXERESE DE CORPO ESTRANHO,0408060379,RETIRADA DE PLACA E/OU PARAFUSOS
EXERESE DE CORPO ESTRANHO,0409070084,COLPOPLASTIA ANTERIOR
EXERESE DE CORPO ESTRANHO,0412040115,RETIRADA DE CORPO ESTRANHO DA PAREDE TORÁCICA
EXERESE DE CORPO ESTRANHO,0415010012,TRATAMENTO C/ CIRURGIAS MULTIPLAS
EXERESE DE CORPO ESTRANHO DO RETO,0407020217,ESFINCTEROTOMIA INTERNA E TRATAMENTO DE FISSURA ANAL
EXERESE DE CORPO ESTRANHO INTRA-ARTICULAR,0408060557,TRATAMENTO CIRÚRGICO DE ARTRITE INFECCIOSA (GRANDES E MÉDIAS ARTICULAÇÕES)
EXERESE DE CORPO ESTRANHO INTRA-MUSCULAR,0304100021,TRATAMENTO CLÍNICO DE PACIENTE ONCOLÓGICO
EXERESE DE CORPO ESTRANHO OU OUVIDO,0415020034,OUTROS PROCEDIMENTOS COM CIRURGIAS SEQUENCIAIS
EXERESE DE CORPO ESTRANHO SUBCUTANEO,0412040115,RETIRADA DE CORPO ESTRANHO DA PAREDE TORÁCICA
EXERESE DE DEDO EXTRA NUMERARIO,0408060042,AMPUTAÇÃO / DESARTICULAÇÃO DE DEDO
EXERESE DE DUPLO J,0303010037,TRATAMENTO DE OUTRAS DOENÇAS BACTERIANAS
EXERESE DE DUPLO J,0303110066,TRATAMENTO DE MALFORMACOES CONGENITAS DO APARELHO URINARIO
EXERESE DE DUPLO J,0303150050,TRATAMENTO DE OUTRAS DOENCAS DO APARELHO URINARIO
EXERESE DE DUPLO J,0303150068,TRATAMENTO DE OUTROS TRANSTORNOS DO RIM E DO URETER
EXERESE DE DUPLO J,0304080039,INTERNAÇÃO P/ QUIMIOTERAPIA DE LEUCEMIAS AGUDAS / CRÔNICAS AGUDIZADAS
EXERESE DE DUPLO J,0305010174,TRATAMENTO DE INTERCORRÊNCIA EM PACIENTE RENAL CRÔNICO SOB TRATAMENTO DIALÍTICO ( POR DIA)
EXERESE DE DUPLO J,0305020013,TRATAMENTO DA PIELONEFRITE
EXERESE DE DUPLO J,0308040015,TRATAMENTO DE COMPLICACOES DE PROCEDIMENTOS CIRURGICOS OU CLINICOS
EXERESE DE DUPLO J,0407040250,TRATAMENTO CIRÚRGICO DE PERITONITE
EXERESE DE DUPLO J,0409010065,CISTOLITOTOMIA E/OU RETIRADA DE CORPO ESTRANHO DA BEXIGA
EXERESE DE DUPLO J,0415020034,OUTROS PROCEDIMENTOS COM CIRURGIAS SEQUENCIAIS
EXERESE DE DUPLO J,0416040268,RESSECÇÃO ALARGADA DE TUMOR DE PARTES MOLES DE PAREDE ABDOMINAL EM ONCOLOGIA
EXERESE DE DUPLO J,0505020092,TRANSPLANTE DE RIM (ORGAO DE DOADOR FALECIDO)
EXERESE DE DUPLO J,0506020045,TRATAMENTO DE INTERCORRÊNCIA PÓS-TRANSPLANTE DE ÓRGÃOS / CÉLULAS-TRONCO HEMATOPOÉTICAS
EXERESE DE EXPANSOR,0408060344,RETIRADA DE ESPAÇADORES / OUTROS MATERIAIS
EXERESE DE FECOLOMA,0303070110,TRATAMENTO DE OUTRAS DOENCAS DO INTESTINO
EXERESE DE FECOLOMA,0408040149,OSTECTOMIA DA PELVE
EXERESE DE FIO DE KIRSCHNER INTRA-OSSEO,0408060352,RETIRADA DE FIO OU PINO INTRA-ÓSSEO
EXERESE DE FIO DE KIRSCHNER TRANS-OSSEO,0408060409,RETIRADA DE TRAÇÃO TRANS-ESQUELÉTICA
EXERESE DE FIOS E CONTENCAO,0408060352,RETIRADA DE FIO OU PINO INTRA-ÓSSEO
EXERESE DE GRANULOMA,0301060070,DIAGNOSTICO E/OU ATENDIMENTO DE URGENCIA EM CLINICA CIRURGICA
EXERESE DE GRANULOMA,0303010037,TRATAMENTO DE OUTRAS DOENÇAS BACTERIANAS
EXERESE DE GRANULOMA,0303080094,TRATAMENTO DE OUTRAS AFECÇÕES DA PELE E DO TECIDO SUBCUTÂNEO
EXERESE DE GRANULOMA,0303140046,TRATAMENTO DAS DOENCAS CRONICAS DAS VIAS AEREAS INFERIORES
EXERESE DE GRANULOMA,0304100021,TRATAMENTO CLÍNICO DE PACIENTE ONCOLÓGICO
EXERESE DE GRANULOMA,0401020053,EXCISÃO E SUTURA DE LESAO NA PELE C/ PLÁSTICA EM Z OU ROTAÇÃO DE RETALHO
EXERESE DE GRANULOMA,0401020100,EXTIRPAÇÃOE SUPRESSÃO DE LESÃO DE PELE E DE TECIDO CELULAR SUBCUTÂNEO
EXERESE DE GRANULOMA,0407040030,DRENAGEM DE HEMATOMA / ABSCESSO PRE-PERITONEAL
EXERESE DE GRANULOMA,0407040242,RESSUTURA DE PAREDE ABDOMINAL (POR DEISCENCIA TOTAL / EVISCERAÇÃO)
EXERESE DE GRANULOMA,0408060352,RETIRADA DE FIO OU PINO INTRA-ÓSSEO
EXERESE DE GRANULOMA,0415040035,DEBRIDAMENTO DE ULCERA / DE TECIDOS DESVITALIZADOS
EXERESE DE HASTE,0408050926,TRATAMENTO DAS LESÕES OSTEO-CONDRAIS POR FIXAÇÃO OU MOSAICOPLASTIA JOELHO/TORNOZELO
EXERESE DE HASTE,0408060352,RETIRADA DE FIO OU PINO INTRA-ÓSSEO
EXERESE DE LESAO EM REG CERVICAL D,0401020100,EXTIRPAÇÃOE SUPRESSÃO DE LESÃO DE PELE E DE TECIDO CELULAR SUBCUTÂNEO
EXERESE DE LESAO MALIGNA,0415020034,OUTROS PROCEDIMENTOS COM CIRURGIAS SEQUENCIAIS
EXERESE DE LESAO MALIGNA,0415020050,PROCEDIMENTOS SEQUENCIAIS EM ONCOLOGIA
EXERESE DE LESAO MALIGNA,0416030157,RESSECÇÃO PARCIAL DE LÁBIO COM ENXERTO OU RETALHO EM ONCOLOGIA
EXERESE DE LESAO MALIGNA,0416080014,EXCISÂO E ENXERTO DE PELE EM ONCOLOGIA
EXERESE DE LESAO MALIGNA,0416080030,EXCISÃO E SUTURA DE LESÃO NA PELE COM PLASTICA EM Z OU ROTAÇÃO DE RETALHO EM ONCOLOGIA
EXERESE DE LINFONODO,0303060298,TRATAMENTO DE TROMBOSE VENOSA PROFUNDA
EXERESE DE LINFONODO,0304100021,TRATAMENTO CLÍNICO DE PACIENTE ONCOLÓGICO
EXERESE DE LINFONODO,0406020159,EXERESE DE GANGLIO LINFÁTICO
EXERESE DE LINFONODO,0407040170,LAPAROTOMIA VIDEOLAPAROSCÓPICA PARA DRENAGEM E/OU BIÓPSIA
EXERESE DE LINFONODO SENTINELA,0415020050,PROCEDIMENTOS SEQUENCIAIS EM ONCOLOGIA
EXERESE DE LINFONODO SENTINELA,0416020216,LINFADENECTOMIA AXILAR UNILATERAL EM ONCOLOGIA
EXERESE DE LINFONODO SENTINELA,0416020240,LINFADENECTOMIA SELETIVA GUIADA (LINFONODO SENTINELA) EM ONCOLOGIA
EXERESE DE LINFONODO SENTINELA,0416080030,EXCISÃO E SUTURA DE LESÃO NA PELE COM PLASTICA EM Z OU ROTAÇÃO DE RETALHO EM ONCOLOGIA
EXERESE DE LIPOMA,0401020100,EXTIRPAÇÃOE SUPRESSÃO DE LESÃO DE PELE E DE TECIDO CELULAR SUBCUTÂNEO
EXERESE DE LIPOMA,0409070149,EXERESE DE CISTO VAGINAL
EXERESE DE PARAFUSO,0408060360,RETIRADA DE FIXADOR EXTERNO
EXERESE DE PARAFUSO,0408060379,RETIRADA DE PLACA E/OU PARAFUSOS
EXERESE DE PARAFUSO,0415020069,PROCEDIMENTOS SEQUENCIAIS EM ORTOPEDIA
EXERESE DE PELE REG PERIANAL,0407020225,EXCISÃO DE LESÃO / TUMOR ANU-RETAL
EXERESE DE PINOS,0404020313,RETIRADA DE CORPO ESTRANHO DOS OSSOS DA FACE
EXERESE DE PINOS,0408060360,RETIRADA DE FIXADOR EXTERNO
EXERESE DE PLACA E PARAFUSO,0408050799,TRATAMENTO CIRÚRGICO DE PSEUDARTROSE / RETARDO DE CONSOLIDAÇÃO / PERDA ÓSSEA DA DIÁFISE DO FÊMUR
EXERESE DE PLACA E PARAFUSO,0408060344,RETIRADA DE ESPAÇADORES / OUTROS MATERIAIS
EXERESE DE PLACA E PARAFUSO,0408060360,RETIRADA DE FIXADOR EXTERNO
EXERESE DE PLACA E PARAFUSO,0408060379,RETIRADA DE PLACA E/OU PARAFUSOS
EXERESE DE PLACA E PARAFUSO,0506020096,TRATAMENTO DE INTERCORRENCIA PÓS TRANSPLANTE DE FIGADO- PÓS TRANSPLANTE CRÍTICO
EXERESE DE POLIPO ANAL,0407020225,EXCISÃO DE LESÃO / TUMOR ANU-RETAL
EXERESE DE PROTESE,0303150050,TRATAMENTO DE OUTRAS DOENCAS DO APARELHO URINARIO
EXERESE DE PROTESE,0308040015,TRATAMENTO DE COMPLICACOES DE PROCEDIMENTOS CIRURGICOS OU CLINICOS
EXERESE DE PROTESE,0406020400,RETIRADA DE PRÓTESE INFECTADA EM POSIÇÃO NÃO AÓRTICA
EXERESE DE PROTESE,0408060387,RETIRADA DE PRÓTESE DE SUBSTITUIÇÃO DE GRANDES ARTICULAÇÕES (OMBRO / COTOVELO / QUADRIL / JOELHO)
EXERESE DE PROTESE DE COLO DE FEMUR,0408060387,RETIRADA DE PRÓTESE DE SUBSTITUIÇÃO DE GRANDES ARTICULAÇÕES (OMBRO / COTOVELO / QUADRIL / JOELHO)
EXERESE DE PROTESE PENIANA,0303010037,TRATAMENTO DE OUTRAS DOENÇAS BACTERIANAS
EXERESE DE TERATOMA SACRO-COCCIGEO,0408040149,OSTECTOMIA DA PELVE
EXERESE DE TUMOR,0401020100,EXTIRPAÇÃOE SUPRESSÃO DE LESÃO DE PELE E DE TECIDO CELULAR SUBCUTÂNEO
EXERESE DE TUMOR,0408060069,ARTROPLASTIA DE RESSECÇÃO DE MÉDIA / GRANDE ARTICULAÇÃO
EXERESE DE TUMOR,0408060310,RESSECÇÃO SIMPLES DE TUMOR ÓSSEO / DE PARTES MOLES
EXERESE DE TUMOR,0416040250,RESSECÇÃO DE TUMOR RETROPERITONIAL EM ONCOLOGIA
EXERESE DE TUMOR,0416040330,LAPARATOMIA EXPLORADORA VIDEOLAPAROSCÓPICA EM ONCOLOGIA
EXERESE DE TUMOR,0416080014,EXCISÂO E ENXERTO DE PELE EM ONCOLOGIA
EXERESE DE TUMOR,0416080030,EXCISÃO E SUTURA DE LESÃO NA PELE COM PLASTICA EM Z OU ROTAÇÃO DE RETALHO EM ONCOLOGIA
EXERESE DE TUMOR,0416080120,EXTIRPAÇÃO MÚLTIPLA DE LESÃO DA PELE OU TECIDO CELULAR SUBCUTÂNEO EM ONCOLOGIA
EXERESE DE TUMOR,0416090133,RESSECÇÃO DE TUMOR DE PARTES MOLES EM ONCOLOGIA
EXERESE DE TUMOR,0506020045,TRATAMENTO DE INTERCORRÊNCIA PÓS-TRANSPLANTE DE ÓRGÃOS / CÉLULAS-TRONCO HEMATOPOÉTICAS
EXERESE DE TUMOR BENIGNO INTRA-NASAL,0404010121,"EXÉRESE DE TUMOR DE VIAS AEREAS SUPERIORES, FACE E PESCOÇO"
EXERESE DE TUMOR CERVICAL,0401020100,EXTIRPAÇÃOE SUPRESSÃO DE LESÃO DE PELE E DE TECIDO CELULAR SUBCUTÂNEO
EXERESE DE TUMOR CERVICAL,0402010035,TIREOIDECTOMIA PARCIAL
EXERESE DE TUMOR CUTANEO,0401020053,EXCISÃO E SUTURA DE LESAO NA PELE C/ PLÁSTICA EM Z OU ROTAÇÃO DE RETALHO
EXERESE DE TUMOR CUTANEO,0415020034,OUTROS PROCEDIMENTOS COM CIRURGIAS SEQUENCIAIS
EXERESE DE TUMOR CUTANEO,0415020050,PROCEDIMENTOS SEQUENCIAIS EM ONCOLOGIA
EXERESE DE TUMOR CUTANEO,0415040035,DEBRIDAMENTO DE ULCERA / DE TECIDOS DESVITALIZADOS
EXERESE DE TUMOR CUTANEO,0416080014,EXCISÂO E ENXERTO DE PELE EM ONCOLOGIA
EXERESE DE TUMOR CUTANEO,0416080030,EXCISÃO E SUTURA DE LESÃO NA PELE COM PLASTICA EM Z OU ROTAÇÃO DE RETALHO EM ONCOLOGIA
EXERESE DE TUMOR CUTANEO,0416080081,RECONSTRUÇÃO COM RETALHO MIOCUTÂNEO (QUALQUER PARTE) EM ONCOLOGIA
EXERESE DE TUMOR CUTANEO,0416080120,EXTIRPAÇÃO MÚLTIPLA DE LESÃO DA PELE OU TECIDO CELULAR SUBCUTÂNEO EM ONCOLOGIA
EXERESE DE TUMOR CUTANEO,0416090133,RESSECÇÃO DE TUMOR DE PARTES MOLES EM ONCOLOGIA
EXERESE DE TUMOR CUTANEO,0506020045,TRATAMENTO DE INTERCORRÊNCIA PÓS-TRANSPLANTE DE ÓRGÃOS / CÉLULAS-TRONCO HEMATOPOÉTICAS
EXERESE DE TUMOR DA CALOTA CRANIANA,0415020077,PROCEDIMENTOS SEQUENCIAIS EM NEUROCIRURGIA
EXERESE DE TUMOR DE COXA,0401020100,EXTIRPAÇÃOE SUPRESSÃO DE LESÃO DE PELE E DE TECIDO CELULAR SUBCUTÂNEO
EXERESE DE TUMOR DE COXA,0416080030,EXCISÃO E SUTURA DE LESÃO NA PELE COM PLASTICA EM Z OU ROTAÇÃO DE RETALHO EM ONCOLOGIA
EXERESE DE TUMOR DE COXA,0416090109,RESSECÇÃO DE TUMOR ÓSSEO COM SUBSTITUIÇÃO (ENDOPRÓTESE) OU COM RECONSTRUÇÃO E FIXAÇÃO EM ONCOLOGIA
EXERESE DE TUMOR DE GLANDULA PAROTIDA,0404010121,"EXÉRESE DE TUMOR DE VIAS AEREAS SUPERIORES, FACE E PESCOÇO"
EXERESE DE TUMOR DE GLANDULA SUB-MAXILAR,0404020070,RESSECÇÃO DE GLÂNDULA SALIVAR
EXERESE DE TUMOR DE MAO,0408060310,RESSECÇÃO SIMPLES DE TUMOR ÓSSEO / DE PARTES MOLES
EXERESE DE TUMOR DE MAO,0416090133,RESSECÇÃO DE TUMOR DE PARTES MOLES EM ONCOLOGIA
EXERESE DE TUMOR DE PALATO,0404020771,RESSECÇÃO DE LESÃO DA BOCA
EXERESE DE TUMOR DE PALATO MOLE,0404020771,RESSECÇÃO DE LESÃO DA BOCA
EXERESE DE TUMOR DE PALATO MOLE,0415020050,PROCEDIMENTOS SEQUENCIAIS EM ONCOLOGIA
EXERESE DE TUMOR DE PALATO MOLE,0416030238,RESSECÇÃO DE TUMOR DE RINOFARINGE EM ONCOLOGIA
EXERESE DE TUMOR DE PALATO MOLE,0416030351,RESSECÇÃO DE LESÃO MALIGNA DE MUCOSA BUCAL EM ONCOLOGIA
EXERESE DE TUMOR DE PAREDE TORACICA,0408010100,OSTECTOMIA DA CLAVÍCULA OU DA ESCÁPULA
EXERESE DE TUMOR DE PAREDE TORACICA,0410010014,DRENAGEM DE ABSCESSO DE MAMA
EXERESE DE TUMOR GLOMICO,0416030343,RESSECCAO DE TUMOR GLOMICO EM ONCOLOGIA
EXERESE DE TUMOR MEDIASTINAL,0412020050,RESSECÇÃO DE TUMOR DO MEDIASTINO
EXERESE DE TUMOR MEDIASTINAL,0415020034,OUTROS PROCEDIMENTOS COM CIRURGIAS SEQUENCIAIS
EXERESE DE TUMOR MEDIASTINAL,0416110053,TORACOTOMIA/MEDIASTINOSTOMIA EXPLORADORA COM RESSECÇÃO COMPLETA OU INCOMPLETA DO TUMOR INTRATORÁCICO EM ONCOLOGIA
EXERESE DE TUMOR MEDIASTINAL,0416110088,TIMECTOMIA EM ONCOLOGIA
EXERESE DE TUMOR RETAL PER ANUS,0407020225,EXCISÃO DE LESÃO / TUMOR ANU-RETAL
EXERESE DE TUMOR RETAL PER ANUS,0416050050,EXCISÃO LOCAL DE TUMOR DO RETO EM ONCOLOGIA
EXERESE DE TUMOR RETROPERITONIAL,0407040170,LAPAROTOMIA VIDEOLAPAROSCÓPICA PARA DRENAGEM E/OU BIÓPSIA
EXERESE DE TUMOR RETROPERITONIAL,0415020050,PROCEDIMENTOS SEQUENCIAIS EM ONCOLOGIA
EXERESE DE TUMOR RETROPERITONIAL,0416020224,LINFADENECTOMIA RETROPERITONIAL EM ONCOLOGIA
EXERESE DE TUMOR RETROPERITONIAL,0416040101,HEPATECTOMIA PARCIAL EM ONCOLOGIA
EXERESE DE TUMOR RETROPERITONIAL,0416040250,RESSECÇÃO DE TUMOR RETROPERITONIAL EM ONCOLOGIA
EXERESE DE TUMOR RETROPERITONIAL,0416040268,RESSECÇÃO ALARGADA DE TUMOR DE PARTES MOLES DE PAREDE ABDOMINAL EM ONCOLOGIA
EXERESE E ENXERTO DE PELE,0401020037,ENXERTO LIVRE DE PELE TOTAL
EXERESE E ENXERTO DE PELE,0401020100,EXTIRPAÇÃOE SUPRESSÃO DE LESÃO DE PELE E DE TECIDO CELULAR SUBCUTÂNEO
EXERESE E ENXERTO DE PELE,0413040020,CORREÇÃO DE RETRAÇÃO CICATRICIAL VÁRIOS ESTÁGIOS
EXERESE E ENXERTO DE PELE,0415020034,OUTROS PROCEDIMENTOS COM CIRURGIAS SEQUENCIAIS
EXERESE E ENXERTO DE PELE,0415020050,PROCEDIMENTOS SEQUENCIAIS EM ONCOLOGIA
EXERESE E ENXERTO DE PELE,0416030327,RESSECÇÃO DE PAVILHÃO AURICULAR EM ONCOLOGIA
EXERESE E ENXERTO DE PELE,0416080014,EXCISÂO E ENXERTO DE PELE EM ONCOLOGIA
EXERESE E ENXERTO DE PELE,0416080030,EXCISÃO E SUTURA DE LESÃO NA PELE COM PLASTICA EM Z OU ROTAÇÃO DE RETALHO EM ONCOLOGIA
EXERESE E ENXERTO DE PELE,0416080120,EXTIRPAÇÃO MÚLTIPLA DE LESÃO DA PELE OU TECIDO CELULAR SUBCUTÂNEO EM ONCOLOGIA
EXERESE E RECONSTRUCAO TOTAL DE LABIO,0415020050,PROCEDIMENTOS SEQUENCIAIS EM ONCOLOGIA
"EXERESE E SUTURA COM PLASTICA EM ""Z""",0401020053,EXCISÃO E SUTURA DE LESAO NA PELE C/ PLÁSTICA EM Z OU ROTAÇÃO DE RETALHO
"EXERESE E SUTURA COM PLASTICA EM ""Z""",0405010010,CORRECAO CIRURGICA DE ENTROPIO E ECTROPIO
"EXERESE E SUTURA COM PLASTICA EM ""Z""",0408060700,TRATAMENTO CIRÚRGICO DE SINDACTILIA SIMPLES (DOIS DEDOS)
"EXERESE E SUTURA COM PLASTICA EM ""Z""",0409050130,CIRURGIAS COMPLEMENTARES DE REDESIGNAÇÃO SEXUAL
"EXERESE E SUTURA COM PLASTICA EM ""Z""",0413040194,TRATAMENTO CIRURGICO DE RETRACAO CICATRICIAL DO COTOVELO
"EXERESE E SUTURA COM PLASTICA EM ""Z""",0415020034,OUTROS PROCEDIMENTOS COM CIRURGIAS SEQUENCIAIS
"EXERESE E SUTURA COM PLASTICA EM ""Z""",0416080014,EXCISÂO E ENXERTO DE PELE EM ONCOLOGIA
"EXERESE E SUTURA COM PLASTICA EM ""Z""",0416080030,EXCISÃO E SUTURA DE LESÃO NA PELE COM PLASTICA EM Z OU ROTAÇÃO DE RETALHO EM ONCOLOGIA
"EXERESE E SUTURA COM PLASTICA EM ""Z""",0416080120,EXTIRPAÇÃO MÚLTIPLA DE LESÃO DA PELE OU TECIDO CELULAR SUBCUTÂNEO EM ONCOLOGIA
EXERESE E SUTURA DE HEMANGIOMA,0401020045,"EXCISÃO E ENXERTO DE PELE (HEMANGIOMA, NEVUS OU TUMOR )"
EXERESE E SUTURA DE LESAO DA BOCA,0303100044,TRATAMENTO DE INTERCORRENCIAS CLINICAS NA GRAVIDEZ
EXERESE E SUTURA DE LESAO DA BOCA,0404020119,EXCISÃO PARCIAL DE LÁBIO COM ENXERTO LIVRE / ROTAÇÃO DE RETALHO
EXERESE E SUTURA DE LESAO DA BOCA,0404020275,RESSECÇÃO DE LESÃO MALIGNA E BENIGNA DA REGIÃO CRANIO E BUCOMAXILOFACIAL
EXERESE E SUTURA DE LESAO DA BOCA,0404020771,RESSECÇÃO DE LESÃO DA BOCA
EXERESE E SUTURA DE LESAO DA BOCA,0415020034,OUTROS PROCEDIMENTOS COM CIRURGIAS SEQUENCIAIS
EXERESE E SUTURA DE LESAO DA BOCA,0415040035,DEBRIDAMENTO DE ULCERA / DE TECIDOS DESVITALIZADOS
EXERESE E SUTURA DE LESAO DA BOCA,0416030351,RESSECÇÃO DE LESÃO MALIGNA DE MUCOSA BUCAL EM ONCOLOGIA
EXERESE E SUTURA DE TUMORES DE ORELHA,0401020100,EXTIRPAÇÃOE SUPRESSÃO DE LESÃO DE PELE E DE TECIDO CELULAR SUBCUTÂNEO
EXERESE E SUTURA DE TUMORES DE ORELHA,0415020034,OUTROS PROCEDIMENTOS COM CIRURGIAS SEQUENCIAIS
EXERESE E SUTURA DE TUMORES DE ORELHA,0416030327,RESSECÇÃO DE PAVILHÃO AURICULAR EM ONCOLOGIA
EXERESE E SUTURA DE TUMORES DE ORELHA,0416080014,EXCISÂO E ENXERTO DE PELE EM ONCOLOGIA
EXERESE E SUTURA DE UNHA,0303010037,TRATAMENTO DE OUTRAS DOENÇAS BACTERIANAS
EXERESE E SUTURA DE UNHA,0506020010,INTERCORRENCIA POS TRANSPLANTE ALOGÊNICO DE CELULAS-TRONCO HEMATOPOÉTICAS - NAO APARENTADO (HOSPITAL DIA)
EXERESE E SUTURA SIMPLES DE LESAO OU TUMOR,0303060212,TRATAMENTO DE INSUFICIENCIA CARDIACA
EXERESE E SUTURA SIMPLES DE LESAO OU TUMOR,0304100021,TRATAMENTO CLÍNICO DE PACIENTE ONCOLÓGICO
EXERESE E SUTURA SIMPLES DE LESAO OU TUMOR,0401020061,EXÉRESE DE CISTO BRANQUIAL
EXERESE E SUTURA SIMPLES DE LESAO OU TUMOR,0401020100,EXTIRPAÇÃOE SUPRESSÃO DE LESÃO DE PELE E DE TECIDO CELULAR SUBCUTÂNEO
EXERESE E SUTURA SIMPLES DE LESAO OU TUMOR,0402020022,SUPRARRENALECTOMIA UNILATERAL
EXERESE E SUTURA SIMPLES DE LESAO OU TUMOR,0406020159,EXERESE DE GANGLIO LINFÁTICO
EXERESE E SUTURA SIMPLES DE LESAO OU TUMOR,0407020225,EXCISÃO DE LESÃO / TUMOR ANU-RETAL
EXERESE E SUTURA SIMPLES DE LESAO OU TUMOR,0407040170,LAPAROTOMIA VIDEOLAPAROSCÓPICA PARA DRENAGEM E/OU BIÓPSIA
EXERESE E SUTURA SIMPLES DE LESAO OU TUMOR,0408060123,EXPLORAÇÃO ARTICULAR C/ OU S/ SINOVECTOMIA DE MÉDIAS / GRANDES ARTICULAÇÕES
EXERESE E SUTURA SIMPLES DE LESAO OU TUMOR,0408060212,RESSECÇÃO DE CISTO SINOVIAL
EXERESE E SUTURA SIMPLES DE LESAO OU TUMOR,0409070149,EXERESE DE CISTO VAGINAL
EXERESE E SUTURA SIMPLES DE LESAO OU TUMOR,0412040166,TORACOSTOMIA COM DRENAGEM PLEURAL FECHADA
EXERESE E SUTURA SIMPLES DE LESAO OU TUMOR,0413040070,DERMOLIPECTOMIA CRURAL POS-CIRURGIA BARIÁTRICA
EXERESE E SUTURA SIMPLES DE LESAO OU TUMOR,0413040178,TRATAMENTO CIRURGICO DE LESOES EXTENSAS C/ PERDA DE SUBSTANCIA CUTANEA
EXERESE E SUTURA SIMPLES DE LESAO OU TUMOR,0415020034,OUTROS PROCEDIMENTOS COM CIRURGIAS SEQUENCIAIS
EXERESE E SUTURA SIMPLES DE LESAO OU TUMOR,0415020050,PROCEDIMENTOS SEQUENCIAIS EM ONCOLOGIA
EXERESE E SUTURA SIMPLES DE LESAO OU TUMOR,0415040035,DEBRIDAMENTO DE ULCERA / DE TECIDOS DESVITALIZADOS
EXERESE E SUTURA SIMPLES DE LESAO OU TUMOR,0416080014,EXCISÂO E ENXERTO DE PELE EM ONCOLOGIA
EXERESE E SUTURA SIMPLES DE LESAO OU TUMOR,0416080030,EXCISÃO E SUTURA DE LESÃO NA PELE COM PLASTICA EM Z OU ROTAÇÃO DE RETALHO EM ONCOLOGIA
EXERESE E SUTURA SIMPLES DE LESAO OU TUMOR,0416080081,RECONSTRUÇÃO COM RETALHO MIOCUTÂNEO (QUALQUER PARTE) EM ONCOLOGIA
EXERESE E SUTURA SIMPLES DE LESAO OU TUMOR,0416080120,EXTIRPAÇÃO MÚLTIPLA DE LESÃO DA PELE OU TECIDO CELULAR SUBCUTÂNEO EM ONCOLOGIA
EXERESE E SUTURA SIMPLES DE LESAO OU TUMOR,0506020045,TRATAMENTO DE INTERCORRÊNCIA PÓS-TRANSPLANTE DE ÓRGÃOS / CÉLULAS-TRONCO HEMATOPOÉTICAS
EXERESE E SUTURA SIMPLES DE LESAO OU TUMOR,0506020096,TRATAMENTO DE INTERCORRENCIA PÓS TRANSPLANTE DE FIGADO- PÓS TRANSPLANTE CRÍTICO
EXERESE E SUTURA TUMOR LINGUA,0404020143,GLOSSECTOMIA PARCIAL
EXERESE E SUTURA TUMOR LINGUA,0404020771,RESSECÇÃO DE LESÃO DA BOCA
EXERESE E SUTURA TUMOR LINGUA,0416030351,RESSECÇÃO DE LESÃO MALIGNA DE MUCOSA BUCAL EM ONCOLOGIA
EXERESE E SUTURA TUMOR LINGUA,0416080081,RECONSTRUÇÃO COM RETALHO MIOCUTÂNEO (QUALQUER PARTE) EM ONCOLOGIA
EXERESE EM CUNHA DE LABIO E SUTURA,0416030149,RESSECÇÃO EM CUNHA DE LÁBIO E SUTURA EM ONCOLOGIA
EXERESE EM CUNHA DE LABIO E SUTURA,0416080120,EXTIRPAÇÃO MÚLTIPLA DE LESÃO DA PELE OU TECIDO CELULAR SUBCUTÂNEO EM ONCOLOGIA
EXERESE MATERIAL DE SINTESE,0305010174,TRATAMENTO DE INTERCORRÊNCIA EM PACIENTE RENAL CRÔNICO SOB TRATAMENTO DIALÍTICO ( POR DIA)
EXERESE MATERIAL DE SINTESE,0408030607,RETIRADA DE CORPO ESTRANHO DA COLUNA TORACO-LOMBO-SACRA POR VIA POSTERIOR
EXERESE MATERIAL DE SINTESE,0408060344,RETIRADA DE ESPAÇADORES / OUTROS MATERIAIS
EXERESE MATERIAL DE SINTESE,0408060352,RETIRADA DE FIO OU PINO INTRA-ÓSSEO
EXERESE MATERIAL DE SINTESE,0408060379,RETIRADA DE PLACA E/OU PARAFUSOS
EXERESE MATERIAL DE SINTESE,0415020069,PROCEDIMENTOS SEQUENCIAIS EM ORTOPEDIA
EXERESE OSTEOCONDROMA,0408060174,OSTECTOMIA DE OSSOS LONGOS EXCETO DA MÃO E DO PÉ
EXERESE OSTEOCONDROMA,0408060310,RESSECÇÃO SIMPLES DE TUMOR ÓSSEO / DE PARTES MOLES
EXERESE PARCIAL DO LABIO C/ROTACAO RETALHO,0404020119,EXCISÃO PARCIAL DE LÁBIO COM ENXERTO LIVRE / ROTAÇÃO DE RETALHO
EXPLORACAO CERVICAL,0401020037,ENXERTO LIVRE DE PELE TOTAL
EXPLORACAO CERVICAL,0401020053,EXCISÃO E SUTURA DE LESAO NA PELE C/ PLÁSTICA EM Z OU ROTAÇÃO DE RETALHO
EXPLORACAO CERVICAL,0401020061,EXÉRESE DE CISTO BRANQUIAL
EXPLORACAO CERVICAL,0401020100,EXTIRPAÇÃOE SUPRESSÃO DE LESÃO DE PELE E DE TECIDO CELULAR SUBCUTÂNEO
EXPLORACAO CERVICAL,0404010172,LARINGECTOMIA PARCIAL
EXPLORACAO CERVICAL,0415020050,PROCEDIMENTOS SEQUENCIAIS EM ONCOLOGIA
EXPLORACAO CERVICAL,0415040035,DEBRIDAMENTO DE ULCERA / DE TECIDOS DESVITALIZADOS
EXPLORACAO CERVICAL,0416030300,MANDIBULECTOMIA PARCIAL EM ONCOLOGIA
EXPLORACAO CERVICAL,0416080090,RECONSTRUÇÃO POR MICROCIRURGIA (QUALQUER PARTE) EM ONCOLOGIA
EXPLORACAO CIRURGICA DE TENDAO,0403020115,TRATAMENTO CIRÚRGICO DE NEUROPATIA COMPRESSIVA COM OU SEM MICROCIRÚRGIA
EXPLORACAO DE AXILA,0401020100,EXTIRPAÇÃOE SUPRESSÃO DE LESÃO DE PELE E DE TECIDO CELULAR SUBCUTÂNEO
EXPLORACAO DE AXILA,0415020050,PROCEDIMENTOS SEQUENCIAIS EM ONCOLOGIA
EXPLORACAO DE AXILA,0415040035,DEBRIDAMENTO DE ULCERA / DE TECIDOS DESVITALIZADOS
EXPLORACAO DE BOLSA ESCROTAL,0303010037,TRATAMENTO DE OUTRAS DOENÇAS BACTERIANAS
EXPLORACAO DE BOLSA ESCROTAL,0409040010,DRENAGEM DE ABSCESSO DA BOLSA ESCROTAL
EXPLORACAO DE BOLSA ESCROTAL,0409040070,EXÈRESE DE CISTO DE EPIDÍDIMO
EXPLORACAO DE BOLSA ESCROTAL,0409040096,EXPLORACAO CIRURGICA DA BOLSA ESCROTAL
EXPLORACAO DE BOLSA ESCROTAL,0409040134,ORQUIDOPEXIA UNILATERAL
EXPLORACAO DE BOLSA ESCROTAL,0409040223,TRATAMENTO CIRÚRGICO DE TORÇÃO DO TESTÍCULO DO CORDÃO ESPERMÁTICO
EXPLORACAO DE BOLSA ESCROTAL,0415020034,OUTROS PROCEDIMENTOS COM CIRURGIAS SEQUENCIAIS
EXPLORACAO DE BOLSA ESCROTAL,0416010113,ORQUIECTOMIA UNILATERAL EM ONCOLOGIA
EXPLORACAO DE BOLSA ESCROTAL,0506020045,TRATAMENTO DE INTERCORRÊNCIA PÓS-TRANSPLANTE DE ÓRGÃOS / CÉLULAS-TRONCO HEMATOPOÉTICAS
EXPLORACAO DE CICATRIZ CIRURGICA,0401020100,EXTIRPAÇÃOE SUPRESSÃO DE LESÃO DE PELE E DE TECIDO CELULAR SUBCUTÂNEO
EXPLORACAO DE CICATRIZ CIRURGICA,0410010073,PLASTICA MAMÁRIA FEMININA NAO ESTETICA
EXPLORACAO DE CICATRIZ CIRURGICA,0413040020,CORREÇÃO DE RETRAÇÃO CICATRICIAL VÁRIOS ESTÁGIOS
EXPLORACAO DE CICATRIZ CIRURGICA,0413040046,DERMOLIPECTOMIA ABDOMINAL NAO ESTETICA (PLÁSTICA ABDOMINAL)
EXPLORACAO DE CICATRIZ CIRURGICA,0413040178,TRATAMENTO CIRURGICO DE LESOES EXTENSAS C/ PERDA DE SUBSTANCIA CUTANEA
EXPLORACAO DE CICATRIZ CIRURGICA,0415040035,DEBRIDAMENTO DE ULCERA / DE TECIDOS DESVITALIZADOS
EXPLORACAO DE FERIDA OPERATORIA,0303010037,TRATAMENTO DE OUTRAS DOENÇAS BACTERIANAS
EXPLORACAO DE FERIDA OPERATORIA,0305010174,TRATAMENTO DE INTERCORRÊNCIA EM PACIENTE RENAL CRÔNICO SOB TRATAMENTO DIALÍTICO ( POR DIA)
EXPLORACAO DE FERIDA OPERATORIA,0401020100,EXTIRPAÇÃOE SUPRESSÃO DE LESÃO DE PELE E DE TECIDO CELULAR SUBCUTÂNEO
EXPLORACAO DE FERIDA OPERATORIA,0403010020,CRANIOTOMIA DESCOMPRESSIVA
EXPLORACAO DE FERIDA OPERATORIA,0403010306,TRATAMENTO CIRURGICO DE HEMATOMA SUBDURAL AGUDO
EXPLORACAO DE FERIDA OPERATORIA,0404020399,TRATAMENTO CIRÚRGICO DE PARALISIA FACIAL (SUSPENSÃO DE HEMIFACE)
EXPLORACAO DE FERIDA OPERATORIA,0406010919,RETIRADA DE SISTEMA DE ESTIMULAÇÃO CARDÍACA ARTIFICIAL
EXPLORACAO DE FERIDA OPERATORIA,0406040176,CORREÇÃO ENDOVASCULAR DE ANEURISMA / DISSECÇÃO DA AORTA TORÁCICA COM ENDOPRÓTESE RETA OU CÔNICA
EXPLORACAO DE FERIDA OPERATORIA,0407040013,DRENAGEM DE ABSCESSO PÉLVICO
EXPLORACAO DE FERIDA OPERATORIA,0407040030,DRENAGEM DE HEMATOMA / ABSCESSO PRE-PERITONEAL
EXPLORACAO DE FERIDA OPERATORIA,0407040161,LAPAROTOMIA EXPLORADORA
EXPLORACAO DE FERIDA OPERATORIA,0407040250,TRATAMENTO CIRÚRGICO DE PERITONITE
EXPLORACAO DE FERIDA OPERATORIA,0408060174,OSTECTOMIA DE OSSOS LONGOS EXCETO DA MÃO E DO PÉ
EXPLORACAO DE FERIDA OPERATORIA,0408060352,RETIRADA DE FIO OU PINO INTRA-ÓSSEO
EXPLORACAO DE FERIDA OPERATORIA,0408060379,RETIRADA DE PLACA E/OU PARAFUSOS
EXPLORACAO DE FERIDA OPERATORIA,0409040010,DRENAGEM DE ABSCESSO DA BOLSA ESCROTAL
EXPLORACAO DE FERIDA OPERATORIA,0412040158,TORACOPLASTIA (QUALQUER TÉCNICA)
EXPLORACAO DE FERIDA OPERATORIA,0413040178,TRATAMENTO CIRURGICO DE LESOES EXTENSAS C/ PERDA DE SUBSTANCIA CUTANEA
EXPLORACAO DE FERIDA OPERATORIA,0415020034,OUTROS PROCEDIMENTOS COM CIRURGIAS SEQUENCIAIS
EXPLORACAO DE FERIDA OPERATORIA,0415020050,PROCEDIMENTOS SEQUENCIAIS EM ONCOLOGIA
EXPLORACAO DE FERIDA OPERATORIA,0415040035,DEBRIDAMENTO DE ULCERA / DE TECIDOS DESVITALIZADOS
EXPLORACAO DE FERIDA OPERATORIA,0416080081,RECONSTRUÇÃO COM RETALHO MIOCUTÂNEO (QUALQUER PARTE) EM ONCOLOGIA
EXPLORACAO DE FERIDA OPERATORIA,0505020041,TRANSPLANTE DE CORACAO
EXPLORACAO DE FERIDA OPERATORIA,0506020045,TRATAMENTO DE INTERCORRÊNCIA PÓS-TRANSPLANTE DE ÓRGÃOS / CÉLULAS-TRONCO HEMATOPOÉTICAS
EXPLORACAO DE FERIDA OPERATORIA,0506020096,TRATAMENTO DE INTERCORRENCIA PÓS TRANSPLANTE DE FIGADO- PÓS TRANSPLANTE CRÍTICO
EXPLORACAO DE FISTULA CUTANEA,0407040188,LIBERAÇÃO DE ADERÊNCIAS INTESTINAIS
EXPLORACAO DE VIAS BILIARES,0407030026,COLECISTECTOMIA
EXPLORACAO DE VIAS BILIARES,0407030069,COLEDOCOTOMIA COM OU SEM COLECISTECTOMIA
EXPLORACAO DE VIAS BILIARES,0407040161,LAPAROTOMIA EXPLORADORA
EXPLORACAO DE VIAS BILIARES,0415010012,TRATAMENTO C/ CIRURGIAS MULTIPLAS
EXPLORACAO DE VIAS BILIARES,0415020034,OUTROS PROCEDIMENTOS COM CIRURGIAS SEQUENCIAIS
EXPLORACAO INGUINAL,0303010037,TRATAMENTO DE OUTRAS DOENÇAS BACTERIANAS
EXPLORACAO INGUINAL,0409040096,EXPLORACAO CIRURGICA DA BOLSA ESCROTAL
EXPLORACAO VAGINAL,0409070289,TRATAMENTO CIRURGICO DE VAGINA SEPTADA / ATRESICA
EXTIRPACAO DA GLANDULA SALIVAR,0404020070,RESSECÇÃO DE GLÂNDULA SALIVAR
EXTIRPACAO DA GLANDULA SALIVAR,0416030041,RESSECÇÃO DE GLÂNDULA SUBMANDIBULAR EM ONCOLOGIA
EXTIRPACAO DE NEUROMAS,0408060310,RESSECÇÃO SIMPLES DE TUMOR ÓSSEO / DE PARTES MOLES
EXTIRPACAO DE TUMOR DE ORBITA,0415020034,OUTROS PROCEDIMENTOS COM CIRURGIAS SEQUENCIAIS
EXTIRPACAO DE TUMOR DE ORBITA,0415020050,PROCEDIMENTOS SEQUENCIAIS EM ONCOLOGIA
EXTRACAO DE DENTES INCLUSOS OU IMPACTADOS,0415020034,OUTROS PROCEDIMENTOS COM CIRURGIAS SEQUENCIAIS
EXTRACAO DENTARIA,0303040165,TRATAMENTO DE CRISES EPILÉTICAS NÃO CONTROLADAS
EXTRACAO DENTARIA,0303170140,TRATAMENTO CLÍNICO PARA CONTENÇÃO DE COMPORTAMENTO DESORGANIZADO E/OU DISRUPTIVO
EXTRACAO DENTARIA,0404020461,OSTEOTOMIA DA MANDIBULA
EXTRACAO DENTARIA,0414010272,TRATAMENTO CIRÚRGICO DE FÍSTULA CUTÂNEA DE ORIGEM DENTÁRIA
FACECTOMIA,0415020034,OUTROS PROCEDIMENTOS COM CIRURGIAS SEQUENCIAIS
FACIOTOMIA,0406020167,FASCIOTOMIA P/ DESCOMPRESSÃO
FACIOTOMIA,0408050080,FASCIOTOMIA DE MEMBROS INFERIORES
FASCIOTOMIA PALMAR,0406020167,FASCIOTOMIA P/ DESCOMPRESSÃO
FASCIOTOMIA PALMAR,0408020105,FASCIOTOMIA DE MEMBROS SUPERIORES
FASCIOTOMIA PLANTAR,0408050080,FASCIOTOMIA DE MEMBROS INFERIORES
FASCIOTOMIA PLANTAR,0408060468,TENOMIOTOMIA / DESINSERÇÃO
FECHAMENTO DE COLOSTOMIA,0407020241,FECHAMENTO DE ENTEROSTOMIA (QUALQUER SEGMENTO)
FECHAMENTO DE COLOSTOMIA,0415010012,TRATAMENTO C/ CIRURGIAS MULTIPLAS
FECHAMENTO DE COLOSTOMIA,0415020034,OUTROS PROCEDIMENTOS COM CIRURGIAS SEQUENCIAIS
FECHAMENTO DE ENTEROSTOMIA (QUALQ SEGMENTO),0407020241,FECHAMENTO DE ENTEROSTOMIA (QUALQUER SEGMENTO)
FECHAMENTO DE ENTEROSTOMIA (QUALQ SEGMENTO),0415020034,OUTROS PROCEDIMENTOS COM CIRURGIAS SEQUENCIAIS
FECHAMENTO DE FISTULA,0401020100,EXTIRPAÇÃOE SUPRESSÃO DE LESÃO DE PELE E DE TECIDO CELULAR SUBCUTÂNEO
FECHAMENTO DE FISTULA,0404030076,LABIOPLASTIA UNILATERAL EM DOIS TEMPOS
FECHAMENTO DE FISTULA,0412010119,TRAQUEORRAFIA E/OU FECHAMENTO DE FÍSTULA TRAQUEO-CUTÂNEA
FECHAMENTO DE FISTULA COLICA,0407020241,FECHAMENTO DE ENTEROSTOMIA (QUALQUER SEGMENTO)
FECHAMENTO DE FISTULA COLICA,0415020034,OUTROS PROCEDIMENTOS COM CIRURGIAS SEQUENCIAIS
FECHAMENTO DE FISTULA INTESTINAL,0415020034,OUTROS PROCEDIMENTOS COM CIRURGIAS SEQUENCIAIS
FECHAMENTO DE FISTULA URETRO CUTANEA,0409020109,RESSECÇÃO E FECHAMENTO DE FÍSTULA URETRAL
FECHAMENTO DE FISTULA URETRO CUTANEA,0409020133,URETROPLASTIA AUTÓGENA
FECHAMENTO DE FORAME OVAL PATENTE,0406030154,FECHAMENTO PERCUTÂNEO DE COMUNICAÇÃO INTERATRIAL SEPTAL.
FECHAMENTO DE GASTROSTOMIA,0407010190,GASTRORRAFIA
FECHAMENTO DE GASTROSTOMIA,0415020034,OUTROS PROCEDIMENTOS COM CIRURGIAS SEQUENCIAIS
FECHAMENTO DE ILEOSTOMIA,0407020241,FECHAMENTO DE ENTEROSTOMIA (QUALQUER SEGMENTO)
FECHAMENTO DE ILEOSTOMIA,0407020250,FECHAMENTO DE FÍSTULA DE COLON
FECHAMENTO DE ILEOSTOMIA,0407020306,JEJUNOSTOMIA / ILEOSTOMIA
FECHAMENTO DE ILEOSTOMIA,0415020034,OUTROS PROCEDIMENTOS COM CIRURGIAS SEQUENCIAIS
FECHAMENTO DE PAREDE ABDOMINAL,0407040161,LAPAROTOMIA EXPLORADORA
FECHAMENTO DE PAREDE ABDOMINAL,0407040226,REPARACAO DE OUTRAS HERNIAS
FECHAMENTO DE PAREDE ABDOMINAL,0407040242,RESSUTURA DE PAREDE ABDOMINAL (POR DEISCENCIA TOTAL / EVISCERAÇÃO)
FECHAMENTO DE PAREDE ABDOMINAL,0407040250,TRATAMENTO CIRÚRGICO DE PERITONITE
FECHAMENTO DE PAREDE ABDOMINAL,0415020034,OUTROS PROCEDIMENTOS COM CIRURGIAS SEQUENCIAIS
FECHAMENTO DE PAREDE ABDOMINAL,0505020050,TRANSPLANTE DE FIGADO (ORGAO DE DOADOR FALECIDO)
FECHAMENTO DE PAREDE ABDOMINAL,0506020045,TRATAMENTO DE INTERCORRÊNCIA PÓS-TRANSPLANTE DE ÓRGÃOS / CÉLULAS-TRONCO HEMATOPOÉTICAS
FECHAMENTO DE PAREDE ABDOMINAL,0506020096,TRATAMENTO DE INTERCORRENCIA PÓS TRANSPLANTE DE FIGADO- PÓS TRANSPLANTE CRÍTICO
FECHAMENTO DE TRAQUEOSTOMIA,0412010119,TRAQUEORRAFIA E/OU FECHAMENTO DE FÍSTULA TRAQUEO-CUTÂNEA
FECHAMENTO DE TRAQUEOSTOMIA,0412040166,TORACOSTOMIA COM DRENAGEM PLEURAL FECHADA
FECHAMENTO PERCUTANEO DO CANAL ARTERIAL OU FISTULAS ARTERIOVENOSAS C/ COILS LIBERAÇÃO CONTROLADA,0406040206,EMBOLIZAÇÃO DE MALFORMAÇÃO VASCULAR ARTÉRIO-VENOSA (INCLUI ESTUDO ANGIOGRÁFICO)
FECHAMENTO PRIMARIO DE EXTROFIA VESICAL,0415020034,OUTROS PROCEDIMENTOS COM CIRURGIAS SEQUENCIAIS
FIBRINOLISE INTRAVASCULAR POR CATETER,0406020124,EMBOLECTOMIA ARTERIAL
FIBRINOLISE INTRAVASCULAR POR CATETER,0406020167,FASCIOTOMIA P/ DESCOMPRESSÃO
FIBRINOLISE INTRAVASCULAR POR CATETER,0406020442,REVASCULARIZAÇÃO POR PONTE / TROMBOENDARTERECTOMIA FEMURO-POPLÍTEA DISTAL
FIBRINOLISE INTRAVASCULAR POR CATETER,0406020450,REVASCULARIZAÇÃO POR PONTE / TROMBOENDARTERECTOMIA FEMURO-POPLÍTEA PROXIMAL
FIBRINOLISE INTRAVASCULAR POR CATETER,0406040028,"ANGIOPLASTIA INTRALUMINAL DE AORTA, VEIA CAVA / VASOS ILÍACOS (COM STENT)"
FIBRINOLISE INTRAVASCULAR POR CATETER,0406040044,"ANGIOPLASTIA INTRALUMINAL DE AORTA, VEIA CAVA / VASOS ILÍACOS (SEM STENT)"
FIBRINOLISE INTRAVASCULAR POR CATETER,0406040052,ANGIOPLASTIA INTRALUMINAL DE VASOS DAS EXTREMIDADES (SEM STENT)
FIBRINOLISE INTRAVASCULAR POR CATETER,0406040230,FIBRINOLISE INTRAVASCULAR POR CATETER (INCLUI FIBRINOLÍTICO)
FIBRINOLISE INTRAVASCULAR POR CATETER,0406040257,FIBRINÓLISE VISCERAL INTRAVASCULAR POR CATETER (INCLUI FIBRINOLÍTICO)
FIBRINOLISE INTRAVASCULAR POR CATETER,0408050012,AMPUTACAO / DESARTICULACAO DE MEMBROS INFERIORES
FIBRINOLISE INTRAVASCULAR POR CATETER,0415020034,OUTROS PROCEDIMENTOS COM CIRURGIAS SEQUENCIAIS
FIBROBRONCOSCOPIA / TRAQUEOSCOPIA,0209040033,TRAQUEOSCOPIA
FIBROBRONCOSCOPIA / TRAQUEOSCOPIA,0209040050,VIDEOTORACOSCOPIA
FIBROBRONCOSCOPIA / TRAQUEOSCOPIA,0211050105,POLISSONOGRAFIA
FIBROBRONCOSCOPIA / TRAQUEOSCOPIA,0301060010,DIAGNOSTICO E/OU ATENDIMENTO DE URGENCIA EM CLINICA PEDIATRICA
FIBROBRONCOSCOPIA / TRAQUEOSCOPIA,0301060088,DIAGNOSTICO E/OU ATENDIMENTO DE URGENCIA EM CLINICA MEDICA
FIBROBRONCOSCOPIA / TRAQUEOSCOPIA,0301160023,REABILITAÇÃO EM FALÊNCIA INTESTINAL EM NÍVEL HOSPITALAR
FIBROBRONCOSCOPIA / TRAQUEOSCOPIA,0303010037,TRATAMENTO DE OUTRAS DOENÇAS BACTERIANAS
FIBROBRONCOSCOPIA / TRAQUEOSCOPIA,0303010061,TRATAMENTO DE DOENÇAS INFECCIOSAS INTESTINAIS
FIBROBRONCOSCOPIA / TRAQUEOSCOPIA,0303010169,TRATAMENTO DE MICOSES (B35 A B49)
FIBROBRONCOSCOPIA / TRAQUEOSCOPIA,0303010215,TRATAMENTO DE TUBERCULOSE (A15 A A19)
FIBROBRONCOSCOPIA / TRAQUEOSCOPIA,0303020040,TRATAMENTO DE ANEMIA HEMOLITICA
FIBROBRONCOSCOPIA / TRAQUEOSCOPIA,0303020083,TRATAMENTO DE OUTRAS DOENÇAS DO SANGUE E DOS ÓRGÃOS HEMATOPOIÉTICOS
FIBROBRONCOSCOPIA / TRAQUEOSCOPIA,0303030046,TRATAMENTO DE DISTURBIOS METABOLICOS
FIBROBRONCOSCOPIA / TRAQUEOSCOPIA,0303030062,TRATAMENTO DE TRANSTORNOS DE OUTRAS GLÂNDULAS ENDÓCRINAS
FIBROBRONCOSCOPIA / TRAQUEOSCOPIA,0303040068,TRATAMENTO CONSERVADOR DA DOR REBELDE DE ORIGEM CENTRAL OU NEOPLÁSICA
FIBROBRONCOSCOPIA / TRAQUEOSCOPIA,0303040149,TRATAMENTO DE ACIDENTE VASCULAR CEREBRAL - AVC (ISQUEMICO OU HEMORRAGICO AGUDO)
FIBROBRONCOSCOPIA / TRAQUEOSCOPIA,0303040165,TRATAMENTO DE CRISES EPILÉTICAS NÃO CONTROLADAS
FIBROBRONCOSCOPIA / TRAQUEOSCOPIA,0303040262,TRATAMENTO DE POLINEUROPATIAS
FIBROBRONCOSCOPIA / TRAQUEOSCOPIA,0303040300,TRATAMENTO DO ACIDENTE VASCULAR CEREBRAL ISQUÊMICO AGUDO COM USO DE TROMBOLÍTICO
FIBROBRONCOSCOPIA / TRAQUEOSCOPIA,0303060018,TRATAMENTO DE ANEURISMA DA AORTA
FIBROBRONCOSCOPIA / TRAQUEOSCOPIA,0303060166,TRATAMENTO DE ENDOCARDITE INFECCIOSA EM VALVULA NATIVA
FIBROBRONCOSCOPIA / TRAQUEOSCOPIA,0303060174,TRATAMENTO DE HIPERTENSÃO PULMONAR
FIBROBRONCOSCOPIA / TRAQUEOSCOPIA,0303060190,TRATAMENTO DE INFARTO AGUDO DO MIOCÁRDIO
FIBROBRONCOSCOPIA / TRAQUEOSCOPIA,0303060212,TRATAMENTO DE INSUFICIENCIA CARDIACA
FIBROBRONCOSCOPIA / TRAQUEOSCOPIA,0303060298,TRATAMENTO DE TROMBOSE VENOSA PROFUNDA
FIBROBRONCOSCOPIA / TRAQUEOSCOPIA,0303070064,TRATAMENTO DE DOENCAS DO ESOFAGO ESTOMAGO E DUODENO
FIBROBRONCOSCOPIA / TRAQUEOSCOPIA,0303070072,TRATAMENTO DE DOENCAS DO FIGADO
FIBROBRONCOSCOPIA / TRAQUEOSCOPIA,0303070099,
FIBROBRONCOSCOPIA / TRAQUEOSCOPIA,0303070129,TRATAMENTO DE TRANSTORNOS DAS VIAS BILIARES E PANCREAS
FIBROBRONCOSCOPIA / TRAQUEOSCOPIA,0303080060,TRATAMENTO DE ESTAFILOCOCCIAS
FIBROBRONCOSCOPIA / TRAQUEOSCOPIA,0303080078,TRATAMENTO DE ESTREPTOCOCCIAS
FIBROBRONCOSCOPIA / TRAQUEOSCOPIA,0303090316,TRATAMENTO DAS POLIARTROPATIAS INFLAMATORIAS
FIBROBRONCOSCOPIA / TRAQUEOSCOPIA,0303100044,TRATAMENTO DE INTERCORRENCIAS CLINICAS NA GRAVIDEZ
FIBROBRONCOSCOPIA / TRAQUEOSCOPIA,0303110104,TRATAMENTO DE OUTRAS MALFORMACOES CONGENITAS
FIBROBRONCOSCOPIA / TRAQUEOSCOPIA,0303110112,TRATAMENTO DE OUTRAS MALFORMACOES CONGENITAS DO APARELHO DIGESTIVO
FIBROBRONCOSCOPIA / TRAQUEOSCOPIA,0303140020,TRATAMENTO DA FIBROSE CISTICA COM MANIFESTACOES PULMONARES
FIBROBRONCOSCOPIA / TRAQUEOSCOPIA,0303140046,TRATAMENTO DAS DOENCAS CRONICAS DAS VIAS AEREAS INFERIORES
FIBROBRONCOSCOPIA / TRAQUEOSCOPIA,0303140054,TRATAMENTO DAS DOENCAS PULMONARES DEVIDO A AGENTES EXTERNOS
FIBROBRONCOSCOPIA / TRAQUEOSCOPIA,0303140089,TRATAMENTO DE DOENÇAS RESPIRATÓRIAS QUE AFETAM PRINCIPALMENTE O INTERSTÍCIO
FIBROBRONCOSCOPIA / TRAQUEOSCOPIA,0303140097,TRATAMENTO DE HEMORRAGIAS DAS VIAS RESPIRATÓRIAS
FIBROBRONCOSCOPIA / TRAQUEOSCOPIA,0303140100,TRATAMENTO DE INFECCOES AGUDAS DAS VIAS AEREAS SUPERIORES
FIBROBRONCOSCOPIA / TRAQUEOSCOPIA,0303140119,TRATAMENTO DE OUTRAS DOENCAS DA PLEURA
FIBROBRONCOSCOPIA / TRAQUEOSCOPIA,0303140135,TRATAMENTO DE OUTRAS DOENCAS DO APARELHO RESPIRATORIO
FIBROBRONCOSCOPIA / TRAQUEOSCOPIA,0303140143,TRATAMENTO DE OUTRAS INFECCOES AGUDAS DAS VIAS AEREAS INFERIORES
FIBROBRONCOSCOPIA / TRAQUEOSCOPIA,0303140151,TRATAMENTO DE PNEUMONIAS OU INFLUENZA (GRIPE)
FIBROBRONCOSCOPIA / TRAQUEOSCOPIA,0303150025,TRATAMENTO DE DOENCAS GLOMERULARES
FIBROBRONCOSCOPIA / TRAQUEOSCOPIA,0303160063,TRATAMENTO DE TRANSTORNOS RESPIRATORIOS E CARDIOVASCULARES ESPECIFICOS DO PERIODO NEONATAL
FIBROBRONCOSCOPIA / TRAQUEOSCOPIA,0303170131,TRATAMENTO CLÍNICO EM SAÚDE MENTAL EM SITUAÇÃO DE RISCO ELEVADO DE SUICÍDIO.
FIBROBRONCOSCOPIA / TRAQUEOSCOPIA,0303170140,TRATAMENTO CLÍNICO PARA CONTENÇÃO DE COMPORTAMENTO DESORGANIZADO E/OU DISRUPTIVO
FIBROBRONCOSCOPIA / TRAQUEOSCOPIA,0303170166,TRATAMENTO CLÍNICO DE TRANSTORNOS MENTAIS E COMPORTAMENTAIS DEVIDO AO USO DE ÁLCOOL
FIBROBRONCOSCOPIA / TRAQUEOSCOPIA,0303170182,TRATAMENTO CLÍNICO DOS TRANSTORNOS MENTAIS E COMPORTAMENTAIS DEVIDO AO USO DAS DEMAIS DROGAS E/OU OUTRAS SUBSTÂNCIAS PSICOATIVAS
FIBROBRONCOSCOPIA / TRAQUEOSCOPIA,0303180013,TRATAMENTO DE AFECÇÕES ASSOCIADAS AO HIV/AIDS
FIBROBRONCOSCOPIA / TRAQUEOSCOPIA,0303180072,TRATAMENTO DE HIV / AIDS
FIBROBRONCOSCOPIA / TRAQUEOSCOPIA,0304080020,INTERNAÇÃO P/ QUIMIOTERAPIA DE ADMINISTRAÇÃO CONTÍNUA
FIBROBRONCOSCOPIA / TRAQUEOSCOPIA,0304080039,INTERNAÇÃO P/ QUIMIOTERAPIA DE LEUCEMIAS AGUDAS / CRÔNICAS AGUDIZADAS
FIBROBRONCOSCOPIA / TRAQUEOSCOPIA,0304100013,TRATAMENTO DE INTERCORRÊNCIAS CLÍNICAS DE PACIENTE ONCOLÓGICO
FIBROBRONCOSCOPIA / TRAQUEOSCOPIA,0304100021,TRATAMENTO CLÍNICO DE PACIENTE ONCOLÓGICO
FIBROBRONCOSCOPIA / TRAQUEOSCOPIA,0305010174,TRATAMENTO DE INTERCORRÊNCIA EM PACIENTE RENAL CRÔNICO SOB TRATAMENTO DIALÍTICO ( POR DIA)
FIBROBRONCOSCOPIA / TRAQUEOSCOPIA,0305020013,TRATAMENTO DA PIELONEFRITE
FIBROBRONCOSCOPIA / TRAQUEOSCOPIA,0305020056,TRATAMENTO DA DOENÇA RENAL CRÔNICA - DRC
FIBROBRONCOSCOPIA / TRAQUEOSCOPIA,0308010027,TRATAMENTO DE EFEITOS DE ASFIXÍA / OUTROS RISCOS A RESPIRAÇÃO
FIBROBRONCOSCOPIA / TRAQUEOSCOPIA,0308040015,TRATAMENTO DE COMPLICACOES DE PROCEDIMENTOS CIRURGICOS OU CLINICOS
FIBROBRONCOSCOPIA / TRAQUEOSCOPIA,0401020100,EXTIRPAÇÃOE SUPRESSÃO DE LESÃO DE PELE E DE TECIDO CELULAR SUBCUTÂNEO
FIBROBRONCOSCOPIA / TRAQUEOSCOPIA,0402010043,TIREOIDECTOMIA TOTAL
FIBROBRONCOSCOPIA / TRAQUEOSCOPIA,0403010144,RECONSTRUCAO CRANIANA / CRANIO-FACIAL
FIBROBRONCOSCOPIA / TRAQUEOSCOPIA,0403070171,TRATAMENTO DO ACIDENTE VASCULAR CEREBRAL ISQUÊMICO AGUDO COM TROMBECTOMIA MECÂNICA
FIBROBRONCOSCOPIA / TRAQUEOSCOPIA,0404010113,EXÉRESE DE PAPILOMA EM LARINGE
FIBROBRONCOSCOPIA / TRAQUEOSCOPIA,0404010318,RETIRADA DE CORPO ESTRANHO DE OUVIDO / FARINGE / LARINGE / NARIZ
FIBROBRONCOSCOPIA / TRAQUEOSCOPIA,0404010377,TRAQUEOSTOMIA
FIBROBRONCOSCOPIA / TRAQUEOSCOPIA,0404020461,OSTEOTOMIA DA MANDIBULA
FIBROBRONCOSCOPIA / TRAQUEOSCOPIA,0406010676,IMPLANTE DE MARCAPASSO DE CÂMARA ÚNICA TRANSVENOSO
FIBROBRONCOSCOPIA / TRAQUEOSCOPIA,0406020159,EXERESE DE GANGLIO LINFÁTICO
FIBROBRONCOSCOPIA / TRAQUEOSCOPIA,0406020337,PONTE DE RAMOS DOS TRONCOS SUPRA-AORTICOS
FIBROBRONCOSCOPIA / TRAQUEOSCOPIA,0406030057,ANGIOPLASTIA COM IMPLANTE DE DUPLO STENT EM AORTA/ARTERIA PULMONAR E RAMOS
FIBROBRONCOSCOPIA / TRAQUEOSCOPIA,0406040044,"ANGIOPLASTIA INTRALUMINAL DE AORTA, VEIA CAVA / VASOS ILÍACOS (SEM STENT)"
FIBROBRONCOSCOPIA / TRAQUEOSCOPIA,0406040303,TRATAMENTO DE HEMATURIA OU SANGRAMENTO GENITAL POR EMBOLIZAÇÃO (INCLUI ESTUDO ANGIOGRÁFICO E/OU ENDOSCÓPICO)
FIBROBRONCOSCOPIA / TRAQUEOSCOPIA,0406040311,TRATAMENTO DE HEMOPTISE POR EMBOLIZAÇÃO PERCUTÂNEA (INCLUI ESTUDO ANGIOGRÁFICO)
FIBROBRONCOSCOPIA / TRAQUEOSCOPIA,0407010220,GASTROSTOMIA VIDEOLAPAROSCÓPICA
FIBROBRONCOSCOPIA / TRAQUEOSCOPIA,0407020101,COLOSTOMIA
FIBROBRONCOSCOPIA / TRAQUEOSCOPIA,0407030190,PANCREATECTOMIA VIDEOLAPAROSCOPICA
FIBROBRONCOSCOPIA / TRAQUEOSCOPIA,0407030255,COLANGIOPANCREATOGRAFIA RETRÓGRADA ENDOSCÓPICA TERAPÊUTICA
FIBROBRONCOSCOPIA / TRAQUEOSCOPIA,0407040030,DRENAGEM DE HEMATOMA / ABSCESSO PRE-PERITONEAL
FIBROBRONCOSCOPIA / TRAQUEOSCOPIA,0407040099,HERNIOPLASTIA INGUINAL (BILATERAL)
FIBROBRONCOSCOPIA / TRAQUEOSCOPIA,0407040226,REPARACAO DE OUTRAS HERNIAS
FIBROBRONCOSCOPIA / TRAQUEOSCOPIA,0407040242,RESSUTURA DE PAREDE ABDOMINAL (POR DEISCENCIA TOTAL / EVISCERAÇÃO)
FIBROBRONCOSCOPIA / TRAQUEOSCOPIA,0408020334,TRATAMENTO CIRÚRGICO DE FRATURA / LESÃO FISARIA DA EXTREMIDADE PROXIMAL DO UMERO
FIBROBRONCOSCOPIA / TRAQUEOSCOPIA,0408030607,RETIRADA DE CORPO ESTRANHO DA COLUNA TORACO-LOMBO-SACRA POR VIA POSTERIOR
FIBROBRONCOSCOPIA / TRAQUEOSCOPIA,0408060557,TRATAMENTO CIRÚRGICO DE ARTRITE INFECCIOSA (GRANDES E MÉDIAS ARTICULAÇÕES)
FIBROBRONCOSCOPIA / TRAQUEOSCOPIA,0409010170,INSTALAÇÃO ENDOSCÓPICA DE CATETER DUPLO J
FIBROBRONCOSCOPIA / TRAQUEOSCOPIA,0409050130,CIRURGIAS COMPLEMENTARES DE REDESIGNAÇÃO SEXUAL
FIBROBRONCOSCOPIA / TRAQUEOSCOPIA,0412010038,"COLOCAÇÃO DE PRÓTESE LARINGO-TRAQUEAL, TRAQUEAL, TRAQUEO-BRÔNQUICA, BRÔNQUICA POR VIA ENDOSCOPICA (INCLUI PRÓTESE)"
FIBROBRONCOSCOPIA / TRAQUEOSCOPIA,0412010046,COLOCACAO DE PRÓTESE LARINGO TRAQUEAL/ TRAQUEO-BRÔNQUICA (INCLUI PRÓTESE)
FIBROBRONCOSCOPIA / TRAQUEOSCOPIA,0412010100,TRAQUEOPLASTIA E/OU LARINGOTRAQUEOPLASTIA
FIBROBRONCOSCOPIA / TRAQUEOSCOPIA,0412020050,RESSECÇÃO DE TUMOR DO MEDIASTINO
FIBROBRONCOSCOPIA / TRAQUEOSCOPIA,0412030012,DESCORTICAÇÃO PULMONAR
FIBROBRONCOSCOPIA / TRAQUEOSCOPIA,0412040166,TORACOSTOMIA COM DRENAGEM PLEURAL FECHADA
FIBROBRONCOSCOPIA / TRAQUEOSCOPIA,0412040174,TORACOTOMIA EXPLORADORA
FIBROBRONCOSCOPIA / TRAQUEOSCOPIA,0412050072,PNEUMONECTOMIA DE TOTALIZACAO
FIBROBRONCOSCOPIA / TRAQUEOSCOPIA,0412050102,"RESSECÇÃO EM CUNHA, TUMORECTOMIA / BIOPSIA DE PULMAO A CEU ABERTO"
FIBROBRONCOSCOPIA / TRAQUEOSCOPIA,0415020034,OUTROS PROCEDIMENTOS COM CIRURGIAS SEQUENCIAIS
FIBROBRONCOSCOPIA / TRAQUEOSCOPIA,0415020050,PROCEDIMENTOS SEQUENCIAIS EM ONCOLOGIA
FIBROBRONCOSCOPIA / TRAQUEOSCOPIA,0415020069,PROCEDIMENTOS SEQUENCIAIS EM ORTOPEDIA
FIBROBRONCOSCOPIA / TRAQUEOSCOPIA,0415020077,PROCEDIMENTOS SEQUENCIAIS EM NEUROCIRURGIA
FIBROBRONCOSCOPIA / TRAQUEOSCOPIA,0415040035,DEBRIDAMENTO DE ULCERA / DE TECIDOS DESVITALIZADOS
FIBROBRONCOSCOPIA / TRAQUEOSCOPIA,0416030270,TIREOIDECTOMIA TOTAL EM ONCOLOGIA
FIBROBRONCOSCOPIA / TRAQUEOSCOPIA,0416050026,COLECTOMIA PARCIAL (HEMICOLECTOMIA) EM ONCOLOGIA
FIBROBRONCOSCOPIA / TRAQUEOSCOPIA,0416090010,AMPUTAÇÃO / DESARTICULAÇÃO DE MEMBROS INFERIORES EM ONCOLOGIA
FIBROBRONCOSCOPIA / TRAQUEOSCOPIA,0416090109,RESSECÇÃO DE TUMOR ÓSSEO COM SUBSTITUIÇÃO (ENDOPRÓTESE) OU COM RECONSTRUÇÃO E FIXAÇÃO EM ONCOLOGIA
FIBROBRONCOSCOPIA / TRAQUEOSCOPIA,0416110070,RESSECÇAO PULMONAR EM CUNHA EM ONCOLOGIA
FIBROBRONCOSCOPIA / TRAQUEOSCOPIA,0505010046,TRANSPLANTE ALOGÊNICO DE CÉLULAS-TRONCO HEMATOPOÉTICAS DE SANGUE DE CORDÃO UMBILICAL DE NÃO APARENTADO
FIBROBRONCOSCOPIA / TRAQUEOSCOPIA,0505020084,TRANSPLANTE DE PULMAO UNILATERAL
FIBROBRONCOSCOPIA / TRAQUEOSCOPIA,0505020106,TRANSPLANTE DE RIM (ORGAO DE DOADOR VIVO)
FIBROBRONCOSCOPIA / TRAQUEOSCOPIA,0505020122,TRANSPLANTE DE PULMÃO BILATERAL
FIBROBRONCOSCOPIA / TRAQUEOSCOPIA,0506020037,TRATAMENTO DE INTERCORRENCIA POS-TRANSPLANTE ALOGENICO DE CELULAS-TRONCO HEMATOPOETICAS DE APARENTADO (HOSPITAL DIA)
FIBROBRONCOSCOPIA / TRAQUEOSCOPIA,0506020045,TRATAMENTO DE INTERCORRÊNCIA PÓS-TRANSPLANTE DE ÓRGÃOS / CÉLULAS-TRONCO HEMATOPOÉTICAS
FIBROBRONCOSCOPIA / TRAQUEOSCOPIA,0506020053,TRATAMENTO DE INTERCORRÊNCIA PÓS-TRANSPLANTE DE RIM - PÓS TRANSPLANTE CRÍTICO
FIBROBRONCOSCOPIA / TRAQUEOSCOPIA,0506020061,TRATAMENTO DE INTERCORRENCIA PÓS TRANSPLANTE DE CORAÇÃO- PÓS TRANSPLANTE CRÍTICO
FIBROBRONCOSCOPIA / TRAQUEOSCOPIA,0506020070,TRATAMENTO DE INTERCORRÊNCIA PÓS TRANSPLANTE DE PULMÃO UNI/BILATERAL - PÓS TRANSPLANTE CRÍTICO
FIBROBRONCOSCOPIA / TRAQUEOSCOPIA,0506020096,TRATAMENTO DE INTERCORRENCIA PÓS TRANSPLANTE DE FIGADO- PÓS TRANSPLANTE CRÍTICO
FIBROBRONCOSCOPIA / TRAQUEOSCOPIA,0506020100,TRATAMENTO DE INTERCORRENCIA PÓS TRANSPLANTE ALOGÊNICO DE CÉLULAS-TRONCO HEMATOPOÉTICAS- PÓS TRANSPLANTE CRÍTICO
FISTULA ARTERIO-VENOSA  - FAV,0303010037,TRATAMENTO DE OUTRAS DOENÇAS BACTERIANAS
FISTULA ARTERIO-VENOSA  - FAV,0303060255,TRATAMENTO DE PARADA CARDIACA C/ RESSUSCITACAO
FISTULA ARTERIO-VENOSA  - FAV,0305010174,TRATAMENTO DE INTERCORRÊNCIA EM PACIENTE RENAL CRÔNICO SOB TRATAMENTO DIALÍTICO ( POR DIA)
FISTULA ARTERIO-VENOSA  - FAV,0305020048,TRATAMENTO DE INSUFICIÊNCIA RENAL AGUDA
FISTULA ARTERIO-VENOSA  - FAV,0305020056,TRATAMENTO DA DOENÇA RENAL CRÔNICA - DRC
FISTULA ARTERIO-VENOSA  - FAV,0406020531,TRATAMENTO CIRÚRGICO DE LESÕES VASCULARES TRAUMÁTICAS DE MEMBRO SUPERIOR UNILATERAL
FISTULA ARTERIO-VENOSA  - FAV,0406040044,"ANGIOPLASTIA INTRALUMINAL DE AORTA, VEIA CAVA / VASOS ILÍACOS (SEM STENT)"
FISTULA ARTERIO-VENOSA  - FAV,0506020070,TRATAMENTO DE INTERCORRÊNCIA PÓS TRANSPLANTE DE PULMÃO UNI/BILATERAL - PÓS TRANSPLANTE CRÍTICO
FISTULECTOMIA,0407020276,FISTULECTOMIA / FISTULOTOMIA ANAL
FISTULECTOMIA ANAL,0407020276,FISTULECTOMIA / FISTULOTOMIA ANAL
FISTULECTOMIA ANAL,0505010089,TRANSPLANTE AUTOGENICO DE CELULAS-TRONCO HEMATOPOETICAS DE SANGUE PERIFERICO -
FIXACAO DE DEDO,0408020377,TRATAMENTO CIRÚRGICO DE FRATURA / LESÃO FISARIA DOS METACARPIANOS
FOTOCOAGUL.(L/X),0304100021,TRATAMENTO CLÍNICO DE PACIENTE ONCOLÓGICO
FOTOCOAGUL.(L/X),0405030193,PAN-FOTOCOAGULAÇÃO DE RETINA A LASER
FOTOCOAGUL.(L/X),0415010012,TRATAMENTO C/ CIRURGIAS MULTIPLAS
FOTOCOAGUL.(L/X),0415020034,OUTROS PROCEDIMENTOS COM CIRURGIAS SEQUENCIAIS
FRENECTOMIA,0303110112,TRATAMENTO DE OUTRAS MALFORMACOES CONGENITAS DO APARELHO DIGESTIVO
FUNDOPLICATURA,0415020034,OUTROS PROCEDIMENTOS COM CIRURGIAS SEQUENCIAIS
FUNDOPLICATURA VIDEOLAPAROSCOPICA,0407010297,TRATAMENTO CIRÚRGICO DE REFLUXO GASTROESOFÁGICO
FUNDOPLICATURA VIDEOLAPAROSCOPICA,0407040048,HERNIOPLASTIA DIAFRAGMÁTICA (VIA ABDOMINAL)
FUNDOPLICATURA VIDEOLAPAROSCOPICA,0415020034,OUTROS PROCEDIMENTOS COM CIRURGIAS SEQUENCIAIS
Facoemulsificação e implante de lente intra-ocular,0405050097,FACECTOMIA COM IMPLANTE DE LENTE INTRA-OCULAR
Facoemulsificação e implante de lente intra-ocular,0405050151,IMPLANTE SECUNDÁRIO DE LENTE INTRA-OCULAR - LIO
Facoemulsificação e implante de lente intra-ocular,0405050372,FACOEMULSIFICAÇÃO COM IMPLANTE DE LENTE INTRA-OCULAR DOBRAVEL
Facoemulsificação e implante de lente intra-ocular,0405050380,CIRURGIA DE CATARATA CONGÊNITA
Facoemulsificação e implante de lente intra-ocular,0415010012,TRATAMENTO C/ CIRURGIAS MULTIPLAS
Facoemulsificação e implante de lente intra-ocular,0415020034,OUTROS PROCEDIMENTOS COM CIRURGIAS SEQUENCIAIS
GASTRECTOMIA EM MANGA (SLEEVE),0407010360,GASTRECTOMIA VERTICAL EM MANGA (SLEEVE)
GASTRECTOMIA PARCIAL,0407010130,GASTRECTOMIA PARCIAL COM OU SEM VAGOTOMIA
GASTRECTOMIA PARCIAL,0415020034,OUTROS PROCEDIMENTOS COM CIRURGIAS SEQUENCIAIS
GASTRECTOMIA PARCIAL,0415020050,PROCEDIMENTOS SEQUENCIAIS EM ONCOLOGIA
GASTRECTOMIA PARCIAL,0416040128,DUODENOPANCREATECTOMIA EM ONCOLOGIA
GASTRECTOMIA PARCIAL,0416040217,GASTRECTOMIA PARCIAL EM ONCOLOGIA
GASTRECTOMIA PARCIAL,0416040314,GASTRECTOMIA VIDEOLAPAROSCÓPICA EM ONCOLOGIA
GASTRECTOMIA SUBTOTAL,0407010130,GASTRECTOMIA PARCIAL COM OU SEM VAGOTOMIA
GASTRECTOMIA SUBTOTAL,0416040217,GASTRECTOMIA PARCIAL EM ONCOLOGIA
GASTRECTOMIA SUBTOTAL VIDEOLAPAROSCOPICA,0407010360,GASTRECTOMIA VERTICAL EM MANGA (SLEEVE)
GASTRECTOMIA SUBTOTAL VIDEOLAPAROSCOPICA,0415020050,PROCEDIMENTOS SEQUENCIAIS EM ONCOLOGIA
GASTRECTOMIA SUBTOTAL VIDEOLAPAROSCOPICA,0416040217,GASTRECTOMIA PARCIAL EM ONCOLOGIA
GASTRECTOMIA SUBTOTAL VIDEOLAPAROSCOPICA,0416040314,GASTRECTOMIA VIDEOLAPAROSCÓPICA EM ONCOLOGIA
GASTRECTOMIA TOTAL,0415020050,PROCEDIMENTOS SEQUENCIAIS EM ONCOLOGIA
GASTRECTOMIA TOTAL,0416040314,GASTRECTOMIA VIDEOLAPAROSCÓPICA EM ONCOLOGIA
GASTRODUODENOANASTOMOSE,0415020050,PROCEDIMENTOS SEQUENCIAIS EM ONCOLOGIA
GASTROENTEROANASTOMOSE,0407010165,GASTROENTEROANASTOMOSE
GASTROENTEROANASTOMOSE,0415020034,OUTROS PROCEDIMENTOS COM CIRURGIAS SEQUENCIAIS
GASTROENTEROANASTOMOSE,0415020050,PROCEDIMENTOS SEQUENCIAIS EM ONCOLOGIA
GASTROENTEROANASTOMOSE,0416040217,GASTRECTOMIA PARCIAL EM ONCOLOGIA
GASTROPLASTIA,0407010360,GASTRECTOMIA VERTICAL EM MANGA (SLEEVE)
GASTROPLASTIA COM DERIVAÇÃO INTESTINAL,0407010173,GASTROPLASTIA COM DERIVAÇÃO INTESTINAL
GASTROPLASTIA COM DERIVAÇÃO INTESTINAL,0407010360,GASTRECTOMIA VERTICAL EM MANGA (SLEEVE)
GASTROPLASTIA COM DERIVAÇÃO INTESTINAL POR LAPAROSCOPIA,0407010173,GASTROPLASTIA COM DERIVAÇÃO INTESTINAL
GASTROPLASTIA COM DERIVAÇÃO INTESTINAL POR LAPAROSCOPIA,0407010360,GASTRECTOMIA VERTICAL EM MANGA (SLEEVE)
GASTROPLASTIA COM DERIVAÇÃO INTESTINAL POR LAPAROSCOPIA,0407010386,CIRURGIA BARIÁTRICA POR VIDEOLAPAROSCOPIA
GASTROPLASTIA COM DERIVAÇÃO INTESTINAL POR LAPAROSCOPIA,0407040188,LIBERAÇÃO DE ADERÊNCIAS INTESTINAIS
GASTROPLASTIA COM DERIVAÇÃO INTESTINAL POR LAPAROSCOPIA,0415010012,TRATAMENTO C/ CIRURGIAS MULTIPLAS
GASTROPLASTIA COM DERIVAÇÃO INTESTINAL POR LAPAROSCOPIA,0415020034,OUTROS PROCEDIMENTOS COM CIRURGIAS SEQUENCIAIS
GASTROPLASTIA VERTICAL COM BANDA,0407010360,GASTRECTOMIA VERTICAL EM MANGA (SLEEVE)
GASTRORRAFIA,0415020034,OUTROS PROCEDIMENTOS COM CIRURGIAS SEQUENCIAIS
GASTRORRAFIA,0505020050,TRANSPLANTE DE FIGADO (ORGAO DE DOADOR FALECIDO)
GASTROSQUISE,0407040226,REPARACAO DE OUTRAS HERNIAS
GASTROSQUISE,0415020034,OUTROS PROCEDIMENTOS COM CIRURGIAS SEQUENCIAIS
GASTROSTOMIA,0303010037,TRATAMENTO DE OUTRAS DOENÇAS BACTERIANAS
GASTROSTOMIA,0303030046,TRATAMENTO DE DISTURBIOS METABOLICOS
GASTROSTOMIA,0303040149,TRATAMENTO DE ACIDENTE VASCULAR CEREBRAL - AVC (ISQUEMICO OU HEMORRAGICO AGUDO)
GASTROSTOMIA,0303040173,TRATAMENTO DE DISTROFIAS MUSCULARES
GASTROSTOMIA,0303040203,TRATAMENTO DE DOENÇAS NEURODEGENERATIVAS
GASTROSTOMIA,0303040246,TRATAMENTO DE INTERCORRENCIAS DE DOENCAS NEUROMUSCULARES
GASTROSTOMIA,0303060026,TRATAMENTO DE ARRITMIAS
GASTROSTOMIA,0303070064,TRATAMENTO DE DOENCAS DO ESOFAGO ESTOMAGO E DUODENO
GASTROSTOMIA,0303070102,TRATAMENTO DE OUTRAS DOENCAS DO APARELHO DIGESTIVO
GASTROSTOMIA,0303070110,TRATAMENTO DE OUTRAS DOENCAS DO INTESTINO
GASTROSTOMIA,0303140135,TRATAMENTO DE OUTRAS DOENCAS DO APARELHO RESPIRATORIO
GASTROSTOMIA,0303140151,TRATAMENTO DE PNEUMONIAS OU INFLUENZA (GRIPE)
GASTROSTOMIA,0304100013,TRATAMENTO DE INTERCORRÊNCIAS CLÍNICAS DE PACIENTE ONCOLÓGICO
GASTROSTOMIA,0407010211,GASTROSTOMIA
GASTROSTOMIA,0412040166,TORACOSTOMIA COM DRENAGEM PLEURAL FECHADA
GASTROSTOMIA,0415020034,OUTROS PROCEDIMENTOS COM CIRURGIAS SEQUENCIAIS
GASTROSTOMIA,0416020160,LINFADENECTOMIA RADICAL MODIFICADA CERVICAL UNILATERAL EM ONCOLOGIA
GASTROSTOMIA,0416030262,LARINGECTOMIA TOTAL EM ONCOLOGIA
GASTROSTOMIA COM VIDEOLAPAROSCOPIA,0301160023,REABILITAÇÃO EM FALÊNCIA INTESTINAL EM NÍVEL HOSPITALAR
GASTROSTOMIA COM VIDEOLAPAROSCOPIA,0406020078,IMPLANTAÇÃO DE CATETER DE LONGA PERMANÊNCIA SEMI OU TOTALMENTE IMPLANTAVEL (PROCEDIMENTO PRINCIPAL)
GASTROSTOMIA COM VIDEOLAPAROSCOPIA,0407010211,GASTROSTOMIA
GASTROSTOMIA COM VIDEOLAPAROSCOPIA,0407010220,GASTROSTOMIA VIDEOLAPAROSCÓPICA
GASTROSTOMIA COM VIDEOLAPAROSCOPIA,0415020034,OUTROS PROCEDIMENTOS COM CIRURGIAS SEQUENCIAIS
GILDERSTONE,0415020069,PROCEDIMENTOS SEQUENCIAIS EM ORTOPEDIA
GLOSSECTOMIA PARCIAL,0404020771,RESSECÇÃO DE LESÃO DA BOCA
GLOSSECTOMIA PARCIAL,0415010012,TRATAMENTO C/ CIRURGIAS MULTIPLAS
GLOSSECTOMIA PARCIAL,0415020050,PROCEDIMENTOS SEQUENCIAIS EM ONCOLOGIA
GLOSSECTOMIA PARCIAL,0416030068,GLOSSECTOMIA PARCIAL EM ONCOLOGIA
GLOSSECTOMIA PARCIAL,0416030351,RESSECÇÃO DE LESÃO MALIGNA DE MUCOSA BUCAL EM ONCOLOGIA
HEMIMANDIBULECTOMIA,0415020050,PROCEDIMENTOS SEQUENCIAIS EM ONCOLOGIA
HEMIPELVECTOMIA,0415020050,PROCEDIMENTOS SEQUENCIAIS EM ONCOLOGIA
HEMIPELVECTOMIA,0416090036,HEMIPELVECTOMIA EM ONCOLOGIA
HEMORROIDECTOMIA,0407020284,HEMORROIDECTOMIA
HEPATECTOMIA PARCIAL,0407030026,COLECISTECTOMIA
HEPATECTOMIA PARCIAL,0407030131,HEPATECTOMIA PARCIAL
HEPATECTOMIA PARCIAL,0407040161,LAPAROTOMIA EXPLORADORA
HEPATECTOMIA PARCIAL,0415010012,TRATAMENTO C/ CIRURGIAS MULTIPLAS
HEPATECTOMIA PARCIAL,0415020034,OUTROS PROCEDIMENTOS COM CIRURGIAS SEQUENCIAIS
HEPATECTOMIA PARCIAL,0415020050,PROCEDIMENTOS SEQUENCIAIS EM ONCOLOGIA
HEPATECTOMIA PARCIAL,0416040101,HEPATECTOMIA PARCIAL EM ONCOLOGIA
HEPATECTOMIA PARCIAL,0416040225,METASTASECTOMIA HEPÁTICA EM ONCOLOGIA
HEPATECTOMIA PARCIAL,0416040241,RESSECÇÃO AMPLIADA DE VIA BILIAR EXTRA-HEPÁTICA EM ONCOLOGIA
HEPATECTOMIA PARCIAL,0416040330,LAPARATOMIA EXPLORADORA VIDEOLAPAROSCÓPICA EM ONCOLOGIA
HEPATECTOMIA PARCIAL,0503020010,HEPATECTOMIA PARCIAL P/ TRANSPLANTE (DOADOR VIVO)
HERNIOPLASTIA,0407040080,HERNIOPLASTIA INCISIONAL
HERNIOPLASTIA,0407040099,HERNIOPLASTIA INGUINAL (BILATERAL)
HERNIOPLASTIA,0407040102,HERNIOPLASTIA INGUINAL / CRURAL (UNILATERAL)
HERNIOPLASTIA,0415020034,OUTROS PROCEDIMENTOS COM CIRURGIAS SEQUENCIAIS
HERNIOPLASTIA CRURAL,0407040102,HERNIOPLASTIA INGUINAL / CRURAL (UNILATERAL)
HERNIOPLASTIA CRURAL,0415010012,TRATAMENTO C/ CIRURGIAS MULTIPLAS
HERNIOPLASTIA EPIGASTRICA,0407040064,HERNIOPLASTIA EPIGASTRICA
HERNIOPLASTIA EPIGASTRICA,0415020034,OUTROS PROCEDIMENTOS COM CIRURGIAS SEQUENCIAIS
HERNIOPLASTIA HIATAL,0415020034,OUTROS PROCEDIMENTOS COM CIRURGIAS SEQUENCIAIS
HERNIOPLASTIA INCISIONAL,0407040080,HERNIOPLASTIA INCISIONAL
HERNIOPLASTIA INCISIONAL,0407040110,HERNIOPLASTIA RECIDIVANTE
HERNIOPLASTIA INCISIONAL,0407040129,HERNIOPLASTIA UMBILICAL
HERNIOPLASTIA INCISIONAL,0407040161,LAPAROTOMIA EXPLORADORA
HERNIOPLASTIA INCISIONAL,0415010012,TRATAMENTO C/ CIRURGIAS MULTIPLAS
HERNIOPLASTIA INCISIONAL,0415020034,OUTROS PROCEDIMENTOS COM CIRURGIAS SEQUENCIAIS
HERNIOPLASTIA INCISIONAL,0415040035,DEBRIDAMENTO DE ULCERA / DE TECIDOS DESVITALIZADOS
HERNIOPLASTIA INCISIONAL,0506020045,TRATAMENTO DE INTERCORRÊNCIA PÓS-TRANSPLANTE DE ÓRGÃOS / CÉLULAS-TRONCO HEMATOPOÉTICAS
HERNIOPLASTIA INCISIONAL,0506020096,TRATAMENTO DE INTERCORRENCIA PÓS TRANSPLANTE DE FIGADO- PÓS TRANSPLANTE CRÍTICO
HERNIOPLASTIA INCISIONAL VIDEOLAPAROSCÓPICA,0415020034,OUTROS PROCEDIMENTOS COM CIRURGIAS SEQUENCIAIS
HERNIOPLASTIA INGUINAL,0407040099,HERNIOPLASTIA INGUINAL (BILATERAL)
HERNIOPLASTIA INGUINAL,0407040102,HERNIOPLASTIA INGUINAL / CRURAL (UNILATERAL)
HERNIOPLASTIA INGUINAL,0407040137,HERNIORRAFIA INGUINAL VIDEOLAPAROSCÓPICA
HERNIOPLASTIA INGUINAL,0415010012,TRATAMENTO C/ CIRURGIAS MULTIPLAS
HERNIOPLASTIA INGUINAL,0415020034,OUTROS PROCEDIMENTOS COM CIRURGIAS SEQUENCIAIS
HERNIOPLASTIA INGUINAL C/ TELA,0407040099,HERNIOPLASTIA INGUINAL (BILATERAL)
HERNIOPLASTIA INGUINAL C/ TELA,0407040102,HERNIOPLASTIA INGUINAL / CRURAL (UNILATERAL)
HERNIOPLASTIA INGUINAL C/ TELA,0415020034,OUTROS PROCEDIMENTOS COM CIRURGIAS SEQUENCIAIS
HERNIOPLASTIA INGUINAL C/ TELA,0506020045,TRATAMENTO DE INTERCORRÊNCIA PÓS-TRANSPLANTE DE ÓRGÃOS / CÉLULAS-TRONCO HEMATOPOÉTICAS
HERNIOPLASTIA UMBILICAL,0407040102,HERNIOPLASTIA INGUINAL / CRURAL (UNILATERAL)
HERNIOPLASTIA UMBILICAL,0407040129,HERNIOPLASTIA UMBILICAL
HERNIOPLASTIA UMBILICAL,0407040153,HERNIORRAFIA UMBILICAL VIDEOLAPAROSCÓPICA
HERNIOPLASTIA UMBILICAL,0415010012,TRATAMENTO C/ CIRURGIAS MULTIPLAS
HERNIOPLASTIA UMBILICAL,0415020034,OUTROS PROCEDIMENTOS COM CIRURGIAS SEQUENCIAIS
HERNIOPLASTIA VIDEOLAPAROSCOPICA,0407040080,HERNIOPLASTIA INCISIONAL
HERNIOPLASTIA VIDEOLAPAROSCOPICA,0407040099,HERNIOPLASTIA INGUINAL (BILATERAL)
HERNIOPLASTIA VIDEOLAPAROSCOPICA,0407040137,HERNIORRAFIA INGUINAL VIDEOLAPAROSCÓPICA
HERNIOPLASTIA VIDEOLAPAROSCOPICA,0407040170,LAPAROTOMIA VIDEOLAPAROSCÓPICA PARA DRENAGEM E/OU BIÓPSIA
HERNIOPLASTIA VIDEOLAPAROSCOPICA,0415010012,TRATAMENTO C/ CIRURGIAS MULTIPLAS
HERNIOPLASTIA VIDEOLAPAROSCOPICA,0415020034,OUTROS PROCEDIMENTOS COM CIRURGIAS SEQUENCIAIS
HERNIORRAFIA COM RESSECCAO INTESTINAL  (E,0415020034,OUTROS PROCEDIMENTOS COM CIRURGIAS SEQUENCIAIS
HERNIORRAFIA DIAFRAGMATICA (VIA ABDOMINAL),0407040048,HERNIOPLASTIA DIAFRAGMÁTICA (VIA ABDOMINAL)
HERNIORRAFIA DIAFRAGMATICA (VIA ABDOMINAL),0415020034,OUTROS PROCEDIMENTOS COM CIRURGIAS SEQUENCIAIS
HERNIORRAFIA DIAFRAGMATICA (VIA TORA,0407040056,HERNIOPLASTIA DIAFRAGMÁTICA (VIA TORÁCICA)
HERNIORRAFIA DIAFRAGMATICA (VIA TORA,0415020034,OUTROS PROCEDIMENTOS COM CIRURGIAS SEQUENCIAIS
HERNIORRAFIA DIAFRAGMATICA (VIA TORA,0506020096,TRATAMENTO DE INTERCORRENCIA PÓS TRANSPLANTE DE FIGADO- PÓS TRANSPLANTE CRÍTICO
HERNIORRAFIA INGUINAL (BILATERAL),0407040099,HERNIOPLASTIA INGUINAL (BILATERAL)
HERNIORRAFIA INGUINAL (BILATERAL),0415020034,OUTROS PROCEDIMENTOS COM CIRURGIAS SEQUENCIAIS
HIDROCELECTOMIA,0303010037,TRATAMENTO DE OUTRAS DOENÇAS BACTERIANAS
HIDROCELECTOMIA,0409040215,TRATAMENTO CIRÚRGICO DE HIDROCELE
HIDROCELECTOMIA,0415020034,OUTROS PROCEDIMENTOS COM CIRURGIAS SEQUENCIAIS
HIDROSADENITE BILATERAL,0401020053,EXCISÃO E SUTURA DE LESAO NA PELE C/ PLÁSTICA EM Z OU ROTAÇÃO DE RETALHO
HIDROSADENITE BILATERAL,0401020100,EXTIRPAÇÃOE SUPRESSÃO DE LESÃO DE PELE E DE TECIDO CELULAR SUBCUTÂNEO
HIDROSADENITE BILATERAL,0407020136,DRENAGEM DE ABSCESSO ANU-RETAL
HIDROSADENITE BILATERAL,0413040151,TRANSFERÊNCIA INTERMEDIÁRIA DE RETALHO
HIDROSADENITE BILATERAL,0415020034,OUTROS PROCEDIMENTOS COM CIRURGIAS SEQUENCIAIS
HIDROSADENITE UNILATERAL,0401020100,EXTIRPAÇÃOE SUPRESSÃO DE LESÃO DE PELE E DE TECIDO CELULAR SUBCUTÂNEO
HIDROSADENITE UNILATERAL,0415040035,DEBRIDAMENTO DE ULCERA / DE TECIDOS DESVITALIZADOS
HIMENOTOMIA,0301060010,DIAGNOSTICO E/OU ATENDIMENTO DE URGENCIA EM CLINICA PEDIATRICA
HISTERECTOMIA,0409060119,HISTERECTOMIA C/ ANEXECTOMIA (UNI / BILATERAL)
HISTERECTOMIA,0409060135,HISTERECTOMIA TOTAL
HISTERECTOMIA,0415020034,OUTROS PROCEDIMENTOS COM CIRURGIAS SEQUENCIAIS
HISTERECTOMIA ABDOMINAL,0409060100,HISTERECTOMIA (POR VIA VAGINAL)
HISTERECTOMIA ABDOMINAL,0409060119,HISTERECTOMIA C/ ANEXECTOMIA (UNI / BILATERAL)
HISTERECTOMIA ABDOMINAL,0409060127,HISTERECTOMIA SUBTOTAL
HISTERECTOMIA ABDOMINAL,0409060135,HISTERECTOMIA TOTAL
HISTERECTOMIA ABDOMINAL,0409060194,MIOMECTOMIA
HISTERECTOMIA ABDOMINAL,0411020030,HISTERECTOMIA PUERPERAL
HISTERECTOMIA ABDOMINAL,0415010012,TRATAMENTO C/ CIRURGIAS MULTIPLAS
HISTERECTOMIA ABDOMINAL,0415020034,OUTROS PROCEDIMENTOS COM CIRURGIAS SEQUENCIAIS
HISTERECTOMIA ABDOMINAL,0415020050,PROCEDIMENTOS SEQUENCIAIS EM ONCOLOGIA
HISTERECTOMIA ABDOMINAL,0416060064,HISTERECTOMIA TOTAL AMPLIADA EM ONCOLOGIA
HISTERECTOMIA ABDOMINAL,0416060110,HISTERECTOMIA COM OU SEM ANEXECTOMIA (UNI / BILATERAL) EM ONCOLOGIA
HISTERECTOMIA VAGINAL,0409060100,HISTERECTOMIA (POR VIA VAGINAL)
HISTERECTOMIA VAGINAL,0409060119,HISTERECTOMIA C/ ANEXECTOMIA (UNI / BILATERAL)
HISTERECTOMIA VAGINAL,0409070050,COLPOPERINEOPLASTIA ANTERIOR E POSTERIOR
HISTERECTOMIA VAGINAL,0409070084,COLPOPLASTIA ANTERIOR
HISTERECTOMIA VAGINAL,0415010012,TRATAMENTO C/ CIRURGIAS MULTIPLAS
HISTERECTOMIA VAGINAL,0415020034,OUTROS PROCEDIMENTOS COM CIRURGIAS SEQUENCIAIS
HISTERECTOMIA VAGINAL,0416060110,HISTERECTOMIA COM OU SEM ANEXECTOMIA (UNI / BILATERAL) EM ONCOLOGIA
HISTERECTOMIA VAGINAL,0416060137,HISTERECTOMIA VIDEOLAPAROSCÓPICA CO OU SEM ANEXECTOMIA (UNI/BILATERAL) EM ONCOLOGIA
HISTERECTOMIA VIDEOLAPAROSCOPICA,0409060119,HISTERECTOMIA C/ ANEXECTOMIA (UNI / BILATERAL)
HISTERECTOMIA VIDEOLAPAROSCOPICA,0409060151,HISTERECTOMIA VIDEOLAPAROSCOPICA
HISTERECTOMIA VIDEOLAPAROSCOPICA,0409060291,HISTERECTOMIA C/ ANEXECTOMIA BILATERAL E COLPECTOMIA SOB PROCESSO TRANSEXUALIZADOR
HISTERECTOMIA VIDEOLAPAROSCOPICA,0415020034,OUTROS PROCEDIMENTOS COM CIRURGIAS SEQUENCIAIS
HISTERECTOMIA VIDEOLAPAROSCOPICA,0415020050,PROCEDIMENTOS SEQUENCIAIS EM ONCOLOGIA
HISTERECTOMIA VIDEOLAPAROSCOPICA,0416060064,HISTERECTOMIA TOTAL AMPLIADA EM ONCOLOGIA
HISTERECTOMIA VIDEOLAPAROSCOPICA,0416060110,HISTERECTOMIA COM OU SEM ANEXECTOMIA (UNI / BILATERAL) EM ONCOLOGIA
HISTERECTOMIA VIDEOLAPAROSCOPICA,0416060137,HISTERECTOMIA VIDEOLAPAROSCÓPICA CO OU SEM ANEXECTOMIA (UNI/BILATERAL) EM ONCOLOGIA
HISTEROSCOPIA CIRURGICA COM RESSECTOSCOPIO,0409060178,HISTEROSCOPIA CIRURGICA C/ RESSECTOSCOPIO
HISTEROSCOPIA CIRURGICA COM RESSECTOSCOPIO,0415020034,OUTROS PROCEDIMENTOS COM CIRURGIAS SEQUENCIAIS
HISTEROSCOPIA CIRURGICA PARA BIOPSIA E REMOCAO DE C.E.,0409060178,HISTEROSCOPIA CIRURGICA C/ RESSECTOSCOPIO
HISTEROSCOPIA CIRURGICA PARA BIOPSIA E REMOCAO DE C.E.,0415020034,OUTROS PROCEDIMENTOS COM CIRURGIAS SEQUENCIAIS
HISTEROSCOPIA DIAGNOSTICA,0303150033,TRATAMENTO DE DOENCAS INFLAMATORIAS DOS ORGAOS PELVICOS FEMININOS
HISTEROSCOPIA DIAGNOSTICA,0305020056,TRATAMENTO DA DOENÇA RENAL CRÔNICA - DRC
HISTEROSCOPIA DIAGNOSTICA,0409060046,CURETAGEM SEMIOTICA C/ OU S/ DILATACAO DO COLO DO UTERO
HISTEROSCOPIA DIAGNOSTICA,0409060178,HISTEROSCOPIA CIRURGICA C/ RESSECTOSCOPIO
HISTEROSCOPIA DIAGNOSTICA,0415020034,OUTROS PROCEDIMENTOS COM CIRURGIAS SEQUENCIAIS
HISTEROSCOPIA DIAGNOSTICA,0506020045,TRATAMENTO DE INTERCORRÊNCIA PÓS-TRANSPLANTE DE ÓRGÃOS / CÉLULAS-TRONCO HEMATOPOÉTICAS
ILEOCISTOPLASTIA,0415020034,OUTROS PROCEDIMENTOS COM CIRURGIAS SEQUENCIAIS
ILEOSTOMIA,0407020306,JEJUNOSTOMIA / ILEOSTOMIA
ILEOSTOMIA,0409050130,CIRURGIAS COMPLEMENTARES DE REDESIGNAÇÃO SEXUAL
ILEOSTOMIA,0415020034,OUTROS PROCEDIMENTOS COM CIRURGIAS SEQUENCIAIS
ILEOTRANSVERSOANASTOMOSE,0407020187,ENTEROANASTOMOSE (QUALQUER SEGMENTO)
ILEOTRANSVERSOANASTOMOSE,0415020034,OUTROS PROCEDIMENTOS COM CIRURGIAS SEQUENCIAIS
IMPLANTE COCLEAR,0404010571,CIRURGIA DE IMPLANTE COCLEAR UNILATERAL
IMPLANTE COCLEAR,0404010580,CIRURGIA DE IMPLANTE COCLEAR BILATERAL
IMPLANTE COCLEAR,0415010012,TRATAMENTO C/ CIRURGIAS MULTIPLAS
IMPLANTE DE CARDIODESFIBRILADOR MULTI-SITIO TRANSVENOSO,0406010587,IMPLANTE DE CARDIOVERSOR DESFIBRILADOR DE CÃMARA DUPLA TRANSVENOSO
IMPLANTE DE CARDIODESFIBRILADOR MULTI-SITIO TRANSVENOSO,0406010609,IMPLANTE DE CARDIOVERSOR DESFIBRILADOR (CDI) MULTI-SITIO TRANSVENOSO
IMPLANTE DE DESFIBRILADOR,0303060212,TRATAMENTO DE INSUFICIENCIA CARDIACA
IMPLANTE DE DESFIBRILADOR,0406010560,IMPLANTE DE CARDIOVERSOR DESFIBRILADOR DE CÂMARA ÚNICA TRANSVENOSO
IMPLANTE DE DESFIBRILADOR,0406010587,IMPLANTE DE CARDIOVERSOR DESFIBRILADOR DE CÃMARA DUPLA TRANSVENOSO
IMPLANTE DE DESFIBRILADOR,0406011010,TROCA DE ELETRODOS DE DESFIBRILADOR DE CARDIO-DESFIBRILADOR TRANSVENOSO
IMPLANTE DE DESFIBRILADOR,0415020034,OUTROS PROCEDIMENTOS COM CIRURGIAS SEQUENCIAIS
IMPLANTE DE ELETRODO PARA ESTIMULAÇÃO CEREBRAL,0303040165,TRATAMENTO DE CRISES EPILÉTICAS NÃO CONTROLADAS
IMPLANTE DE ELETRODO PARA ESTIMULAÇÃO CEREBRAL,0303040181,TRATAMENTO DE DOENCA DE PARKINSON
IMPLANTE DE ELETRODO PARA ESTIMULAÇÃO CEREBRAL,0403010357,TREPANAÇÃO CRANIANA PARA PUNÇÃO OU BIÓPSIA (COM TÉCNICA COMPLEMENTAR)
IMPLANTE DE ELETRODO PARA ESTIMULAÇÃO CEREBRAL,0403080010,IMPLANTE DE ELETRODO PARA ESTIMULAÇÃO CEREBRAL
IMPLANTE DE ELETRODO PARA ESTIMULAÇÃO CEREBRAL,0415020034,OUTROS PROCEDIMENTOS COM CIRURGIAS SEQUENCIAIS
IMPLANTE DE ELETRODO PARA ESTIMULAÇÃO CEREBRAL,0415020077,PROCEDIMENTOS SEQUENCIAIS EM NEUROCIRURGIA
IMPLANTE DE MARCA PASSO CARDIACO INTRACA,0406010650,IMPLANTE DE MARCAPASSO DE CÂMARA DUPLA TRANSVENOSO
IMPLANTE DE MARCA PASSO CARDIACO INTRACA,0406010676,IMPLANTE DE MARCAPASSO DE CÂMARA ÚNICA TRANSVENOSO
IMPLANTE DE MARCA PASSO CARDIACO INTRACA,0406010684,IMPLANTE DE MARCAPASSO TEMPORÁRIO TRANSVENOSO
IMPLANTE DE MARCA PASSO CARDIACO INTRACA,0406010820,PLÁSTICA VALVAR E/OU TROCA VALVAR MÚLTIPLA
IMPLANTE DE MARCA PASSO CARDIACO INTRACA,0406011044,TROCA DE ELETRODOS DE MARCAPASSO DE CÂMARA ÚNICA
IMPLANTE DE MARCA PASSO CARDIACO TR,0406010684,IMPLANTE DE MARCAPASSO TEMPORÁRIO TRANSVENOSO
IMPLANTE DE MARCA PASSO CARDIACO TR,0406030162,"IMPLANTE PERCUTÂNEO DE VÁLVULA AÓRTICA (TAVI), POR VIA TRANSFEMORAL"
IMPLANTE DE MARCA PASSO DEFIN.,0406010641,IMPLANTE DE MARCAPASSO DE CÂMARA DUPLA EPIMIOCÁRDICO
IMPLANTE DE MARCA PASSO DEFIN.,0406010650,IMPLANTE DE MARCAPASSO DE CÂMARA DUPLA TRANSVENOSO
IMPLANTE DE MARCA PASSO DEFIN.,0406010668,IMPLANTE DE MARCAPASSO DE CÂMARA ÚNICA EPIMIOCÁRDICO
IMPLANTE DE MARCA PASSO DEFIN.,0406010676,IMPLANTE DE MARCAPASSO DE CÂMARA ÚNICA TRANSVENOSO
IMPLANTE DE MARCA PASSO DEFIN.,0406010820,PLÁSTICA VALVAR E/OU TROCA VALVAR MÚLTIPLA
IMPLANTE DE MARCA PASSO DEFIN.,0406011168,TROCA DE GERADOR E DE ELETRODOS DE CARDIO-DESFIBRILADOR
IMPLANTE DE MARCAPASSO CARDÍACO DUPLA CÂMARA,0406010560,IMPLANTE DE CARDIOVERSOR DESFIBRILADOR DE CÂMARA ÚNICA TRANSVENOSO
IMPLANTE DE MARCAPASSO CARDÍACO DUPLA CÂMARA,0406010650,IMPLANTE DE MARCAPASSO DE CÂMARA DUPLA TRANSVENOSO
IMPLANTE DE MARCAPASSO CARDÍACO DUPLA CÂMARA,0406010676,IMPLANTE DE MARCAPASSO DE CÂMARA ÚNICA TRANSVENOSO
IMPLANTE DE MARCAPASSO CARDÍACO DUPLA CÂMARA,0406011036,TROCA DE ELETRODOS DE MARCAPASSO DE CÂMARA DUPLA
IMPLANTE DE MARCAPASSO CARDÍACO DUPLA CÂMARA,0406030162,"IMPLANTE PERCUTÂNEO DE VÁLVULA AÓRTICA (TAVI), POR VIA TRANSFEMORAL"
IMPLANTE DE MARCAPASSO CARDÍACO DUPLA CÂMARA,0415020034,OUTROS PROCEDIMENTOS COM CIRURGIAS SEQUENCIAIS
IMPLANTE DE MARCAPASSO MULTISÍTIO,0303060212,TRATAMENTO DE INSUFICIENCIA CARDIACA
IMPLANTE DE MARCAPASSO MULTISÍTIO,0406010609,IMPLANTE DE CARDIOVERSOR DESFIBRILADOR (CDI) MULTI-SITIO TRANSVENOSO
IMPLANTE DE MARCAPASSO MULTISÍTIO,0406010617,IMPLANTE DE MARCAPASSO CARDÍACO MULTI-SITIO ENDOCAVITÁRIO C/ REVERSÃO P/ EPIMIOCÁRDICO (POR TORACOTOMIA)
IMPLANTE DE MARCAPASSO MULTISÍTIO,0406010633,IMPLANTE DE MARCAPASSO CARDÍACO MULTI-SITIO TRANSVENOSO
IMPLANTE DE MARCAPASSO MULTISÍTIO,0406011036,TROCA DE ELETRODOS DE MARCAPASSO DE CÂMARA DUPLA
IMPLANTE DE MARCAPASSO MULTISÍTIO,0415020034,OUTROS PROCEDIMENTOS COM CIRURGIAS SEQUENCIAIS
IMPLANTE DE PROTESE PENIANA,0409050091,RESTAURAÇÃO DA FUNÇÃO ERÉTIL DO PÊNIS
IMPLANTE DE PROTESE TESTICULAR,0409040185,REPARAÇÃO E OPERAÇÃO PLÁSTICA DO TESTÍCULO
IMPLANTE DE PROTESE TESTICULAR,0409050130,CIRURGIAS COMPLEMENTARES DE REDESIGNAÇÃO SEXUAL
IMPLANTE DE PRÓTESE ANTI-GLAUCOMATOSA,0405050135,IMPLANTE DE PRÓTESE ANTI-GLAUCOMATOSA
IMPLANTE DE PRÓTESE ANTI-GLAUCOMATOSA,0405050321,TRABECULECTOMIA
IMPLANTE DE PRÓTESE ANTI-GLAUCOMATOSA,0415010012,TRATAMENTO C/ CIRURGIAS MULTIPLAS
IMPLANTE DE PRÓTESE ANTI-GLAUCOMATOSA,0415020034,OUTROS PROCEDIMENTOS COM CIRURGIAS SEQUENCIAIS
IMPLANTE DE RESERVATÓRIO VENTRICULAR,0403010098,DERIVAÇÃO VENTRICULAR EXTERNAR-SUBGALEAL EXTERNA
IMPLANTE DE RESERVATÓRIO VENTRICULAR,0403010101,
IMPLANTE LENTE,0415020034,OUTROS PROCEDIMENTOS COM CIRURGIAS SEQUENCIAIS
IMPLANTE PERCUTÂNEO DE VÁLVULA AÓRTICA (TAVI) POR VIA TRANSFEMORAL,0406010692,IMPLANTE DE PRÓTESE VALVAR
IMPLANTE PERCUTÂNEO DE VÁLVULA AÓRTICA (TAVI) POR VIA TRANSFEMORAL,0406030111,VALVULOPLASTIA AÓRTICA PERCUTÂNEA
IMPLANTE PERCUTÂNEO DE VÁLVULA AÓRTICA (TAVI) POR VIA TRANSFEMORAL,0406030162,"IMPLANTE PERCUTÂNEO DE VÁLVULA AÓRTICA (TAVI), POR VIA TRANSFEMORAL"
IMPLANTE PERCUTÂNEO DE VÁLVULA AÓRTICA (TAVI) POR VIA TRANSFEMORAL,0415010012,TRATAMENTO C/ CIRURGIAS MULTIPLAS
IMPLANTE PERCUTÂNEO DE VÁLVULA AÓRTICA (TAVI) POR VIA TRANSFEMORAL,0415020034,OUTROS PROCEDIMENTOS COM CIRURGIAS SEQUENCIAIS
IMPLANTE VALVAR AÓRTICO PERCUTÂNEO,0406030111,VALVULOPLASTIA AÓRTICA PERCUTÂNEA
IMPLANTE VALVAR AÓRTICO PERCUTÂNEO,0406030162,"IMPLANTE PERCUTÂNEO DE VÁLVULA AÓRTICA (TAVI), POR VIA TRANSFEMORAL"
IMPLANTE VALVAR AÓRTICO PERCUTÂNEO,0415020034,OUTROS PROCEDIMENTOS COM CIRURGIAS SEQUENCIAIS
INCISAO E DRENAGEM DE GLANDULA DE BARTHOLIN OU SKENE,0409070190,MARSUPIALIZACAO DE GLÂNDULA DE BARTOLIN
INCISAO E DRENAGEM DE HEMATOMA,0303010037,TRATAMENTO DE OUTRAS DOENÇAS BACTERIANAS
INCISAO E DRENAGEM DE HEMATOMA,0303140151,TRATAMENTO DE PNEUMONIAS OU INFLUENZA (GRIPE)
INCISAO E DRENAGEM DE HEMATOMA,0401020100,EXTIRPAÇÃOE SUPRESSÃO DE LESÃO DE PELE E DE TECIDO CELULAR SUBCUTÂNEO
INCISAO E DRENAGEM DE HEMATOMA,0402010043,TIREOIDECTOMIA TOTAL
INCISAO E DRENAGEM DE HEMATOMA,0404020399,TRATAMENTO CIRÚRGICO DE PARALISIA FACIAL (SUSPENSÃO DE HEMIFACE)
INCISAO E DRENAGEM DE HEMATOMA,0415020050,PROCEDIMENTOS SEQUENCIAIS EM ONCOLOGIA
INFILTRACAO FACIAL C/TOXINA BOTOLINICA,0301060088,DIAGNOSTICO E/OU ATENDIMENTO DE URGENCIA EM CLINICA MEDICA
INFILTRACAO FACIAL C/TOXINA BOTOLINICA,0303010037,TRATAMENTO DE OUTRAS DOENÇAS BACTERIANAS
INFILTRACAO FACIAL C/TOXINA BOTOLINICA,0303110015,TRATAMENTO DAS MALFORMACOES E DEFORMIDADES CONGENITAS DO SISTEMA OSTEOMUSCULAR
INFILTRACAO FACIAL C/TOXINA BOTOLINICA,0303110104,TRATAMENTO DE OUTRAS MALFORMACOES CONGENITAS
INFILTRACAO FACIAL C/TOXINA BOTOLINICA,0303140151,TRATAMENTO DE PNEUMONIAS OU INFLUENZA (GRIPE)
INFILTRACAO SUBCONJUNTIVAL,0303050144,TRATAMENTO CLÍNICO DE INTERCORRÊNCIAS OFTALMOLÓGICAS DE ORIGEM INFECCIOSA
INJECAO INTRAVITRIO,0303010037,TRATAMENTO DE OUTRAS DOENÇAS BACTERIANAS
INJECAO INTRAVITRIO,0304100021,TRATAMENTO CLÍNICO DE PACIENTE ONCOLÓGICO
INJECAO INTRAVITRIO,0305020056,TRATAMENTO DA DOENÇA RENAL CRÔNICA - DRC
INJECAO INTRAVITRIO,0405030142,VITRECTOMIA POSTERIOR
INJECAO INTRAVITRIO,0405030177,VITRECTOMIA POSTERIOR COM INFUSÃO DE PERFLUOCARBONO/ÓLEO DE SILICONE/ENDOLASER
INJECAO INTRAVITRIO,0406010935,REVASCULARIZAÇÃO MIOCÁRDICA C/ USO DE EXTRACÓRPOREA (C/ 2 OU MAIS ENXERTOS)
INJECAO INTRAVITRIO,0406040052,ANGIOPLASTIA INTRALUMINAL DE VASOS DAS EXTREMIDADES (SEM STENT)
INJECAO INTRAVITRIO,0409040010,DRENAGEM DE ABSCESSO DA BOLSA ESCROTAL
INSTALACAO CATETER TENCKHOFF OU LONGA PERM P/DPA/DPAC,0303020040,TRATAMENTO DE ANEMIA HEMOLITICA
INSTALACAO CATETER TENCKHOFF OU LONGA PERM P/DPA/DPAC,0304100021,TRATAMENTO CLÍNICO DE PACIENTE ONCOLÓGICO
INSTALACAO CATETER TENCKHOFF OU LONGA PERM P/DPA/DPAC,0305010174,TRATAMENTO DE INTERCORRÊNCIA EM PACIENTE RENAL CRÔNICO SOB TRATAMENTO DIALÍTICO ( POR DIA)
INSTALACAO CATETER TENCKHOFF OU LONGA PERM P/DPA/DPAC,0305020056,TRATAMENTO DA DOENÇA RENAL CRÔNICA - DRC
INSTALACAO CATETER TENCKHOFF OU LONGA PERM P/DPA/DPAC,0506020045,TRATAMENTO DE INTERCORRÊNCIA PÓS-TRANSPLANTE DE ÓRGÃOS / CÉLULAS-TRONCO HEMATOPOÉTICAS
INSTALACAO CATETER TENCKOFF OU LONGA PERM PARA DPI,0303010037,TRATAMENTO DE OUTRAS DOENÇAS BACTERIANAS
INSTALACAO CATETER TENCKOFF OU LONGA PERM PARA DPI,0305010174,TRATAMENTO DE INTERCORRÊNCIA EM PACIENTE RENAL CRÔNICO SOB TRATAMENTO DIALÍTICO ( POR DIA)
INSTALACAO CATETER TENCKOFF OU LONGA PERM PARA DPI,0305020056,TRATAMENTO DA DOENÇA RENAL CRÔNICA - DRC
INSTALACAO CATETER TENCKOFF OU LONGA PERM PARA DPI,0506020045,TRATAMENTO DE INTERCORRÊNCIA PÓS-TRANSPLANTE DE ÓRGÃOS / CÉLULAS-TRONCO HEMATOPOÉTICAS
INSTALAÇÃO DE CURATIVO POR PRESSÃO NEGATIVA,0303010037,TRATAMENTO DE OUTRAS DOENÇAS BACTERIANAS
INSTALAÇÃO DE CURATIVO POR PRESSÃO NEGATIVA,0303070110,TRATAMENTO DE OUTRAS DOENCAS DO INTESTINO
INSTALAÇÃO DE CURATIVO POR PRESSÃO NEGATIVA,0401020100,EXTIRPAÇÃOE SUPRESSÃO DE LESÃO DE PELE E DE TECIDO CELULAR SUBCUTÂNEO
INSTALAÇÃO DE CURATIVO POR PRESSÃO NEGATIVA,0409010170,INSTALAÇÃO ENDOSCÓPICA DE CATETER DUPLO J
INSTALAÇÃO DE CURATIVO POR PRESSÃO NEGATIVA,0413040178,TRATAMENTO CIRURGICO DE LESOES EXTENSAS C/ PERDA DE SUBSTANCIA CUTANEA
INSTALAÇÃO DE CURATIVO POR PRESSÃO NEGATIVA,0415020034,OUTROS PROCEDIMENTOS COM CIRURGIAS SEQUENCIAIS
INSTALAÇÃO DE CURATIVO POR PRESSÃO NEGATIVA,0415020050,PROCEDIMENTOS SEQUENCIAIS EM ONCOLOGIA
INSTALAÇÃO DE CURATIVO POR PRESSÃO NEGATIVA,0415040035,DEBRIDAMENTO DE ULCERA / DE TECIDOS DESVITALIZADOS
INSTILACAO VESICAL,0303150050,TRATAMENTO DE OUTRAS DOENCAS DO APARELHO URINARIO
JANELA PLEURO-PERICARDICA,0406010757,PERICARDIECTOMIA
JANELA PLEURO-PERICARDICA,0406010765,PERICARDIECTOMIA PARCIAL
JANELA PLEURO-PERICARDICA,0415020034,OUTROS PROCEDIMENTOS COM CIRURGIAS SEQUENCIAIS
JEJUNOSTOMIA,0407020306,JEJUNOSTOMIA / ILEOSTOMIA
JEJUNOSTOMIA,0415010012,TRATAMENTO C/ CIRURGIAS MULTIPLAS
JEJUNOSTOMIA,0415020034,OUTROS PROCEDIMENTOS COM CIRURGIAS SEQUENCIAIS
JEJUNOSTOMIA COM VIDEOLAPAROSCOPIA,0415020034,OUTROS PROCEDIMENTOS COM CIRURGIAS SEQUENCIAIS
LAMINECTOMIA,0201010267,BIOPSIA DE LESAO DE PARTES MOLES (POR AGULHA / CEU ABERTO)
LAMINECTOMIA,0403010276,TRATAMENTO CIRURGICO DE HEMATOMA EXTRADURAL
LAMINECTOMIA,0403030110,MICROCIRURGIA PARA BIOPSIA DE MEDULA ESPINHAL OU RAIZES
LAMINECTOMIA,0408030380,DISCECTOMIA CERVICAL / LOMBAR / LOMBO-SACRA POR VIA POSTERIOR (1 NÍVEL C/ MICROSCÓPIO)
LAMINECTOMIA,0408030534,RESSECÇÃO DE ELEMENTO VERTEBRAL POSTERIOR / POSTERO-LATERAL / DISTAL A C2 (MAIS DE 2 SEGMENTOS)
LAMINECTOMIA,0408030542,RESSECÇÃO DE ELEMENTO VERTEBRAL POSTERIOR / POSTERO-LATERAL DISTAIL A C2 (AT 2 SEGMENTOS)
LAMINECTOMIA,0408030623,REVISÃO DE ARTRODESE / TRATAMENTO CIRÚRGICO DE PSEUDARTROSE DA COLUNA CERVICAL POSTERIOR
LAMINECTOMIA,0408060310,RESSECÇÃO SIMPLES DE TUMOR ÓSSEO / DE PARTES MOLES
LAMINECTOMIA,0415020077,PROCEDIMENTOS SEQUENCIAIS EM NEUROCIRURGIA
LAMINECTOMIA,0416090133,RESSECÇÃO DE TUMOR DE PARTES MOLES EM ONCOLOGIA
LAMINECTOMIA PARA DESCOMPRESSÃO DE LESÃO TRAUMÁTICA VERTEBRAL,0408030534,RESSECÇÃO DE ELEMENTO VERTEBRAL POSTERIOR / POSTERO-LATERAL / DISTAL A C2 (MAIS DE 2 SEGMENTOS)
LAMINECTOMIA PARA DESCOMPRESSÃO DE LESÃO TRAUMÁTICA VERTEBRAL,0415020077,PROCEDIMENTOS SEQUENCIAIS EM NEUROCIRURGIA
LAMINECTOMIA PARA TUMOR EPIDURAL,0403030056,CRANIECTOMIA POR TUMOR OSSEO
LAMINECTOMIA PARA TUMOR EPIDURAL,0403030161,RESSECÇÃO DE TUMOR RAQUIMEDULAR EXTRADURAL
LAMINECTOMIA PARA TUMOR EPIDURAL,0415020077,PROCEDIMENTOS SEQUENCIAIS EM NEUROCIRURGIA
LAMINECTOMIA PARA TUMOR EPIDURAL,0416090079,SACRALECTOMIA (ENDOPELVECTOMIA) EM ONCOLOGIA
LAPAROSCOPIA,0303070110,TRATAMENTO DE OUTRAS DOENCAS DO INTESTINO
LAPAROSCOPIA,0303110074,TRATAMENTO DE MALFORMACOES CONGENITAS DOS ORGAOS GENITAIS
LAPAROSCOPIA,0303150017,TRATAMENTO DE DOENCAS DOS ORGAOS GENITAIS MASCULINOS
LAPAROSCOPIA,0304100021,TRATAMENTO CLÍNICO DE PACIENTE ONCOLÓGICO
LAPAROSCOPIA,0305010174,TRATAMENTO DE INTERCORRÊNCIA EM PACIENTE RENAL CRÔNICO SOB TRATAMENTO DIALÍTICO ( POR DIA)
LAPAROSCOPIA,0407040170,LAPAROTOMIA VIDEOLAPAROSCÓPICA PARA DRENAGEM E/OU BIÓPSIA
LAPAROSCOPIA,0409040134,ORQUIDOPEXIA UNILATERAL
LAPAROSCOPIA,0415020034,OUTROS PROCEDIMENTOS COM CIRURGIAS SEQUENCIAIS
LAPAROSCOPIA,0416040195,QUIMIOEMBOLIZAÇÃO DE CARCINOMA HEPÁTICO
LAPAROSCOPIA,0416040209,LAPAROTOMIA EXPLORADORA COM RESSECÇÃO COMPLETA OU INCOMPLETA DO TUMOR EM ONCOLOGIA
LAPAROSCOPIA,0416040314,GASTRECTOMIA VIDEOLAPAROSCÓPICA EM ONCOLOGIA
LAPAROSCOPIA,0416040330,LAPARATOMIA EXPLORADORA VIDEOLAPAROSCÓPICA EM ONCOLOGIA
LAPAROSCOPIA,0506020045,TRATAMENTO DE INTERCORRÊNCIA PÓS-TRANSPLANTE DE ÓRGÃOS / CÉLULAS-TRONCO HEMATOPOÉTICAS
LAPAROTOMIA EXPLORADORA,0301160023,REABILITAÇÃO EM FALÊNCIA INTESTINAL EM NÍVEL HOSPITALAR
LAPAROTOMIA EXPLORADORA,0303010037,TRATAMENTO DE OUTRAS DOENÇAS BACTERIANAS
LAPAROTOMIA EXPLORADORA,0303070099,
LAPAROTOMIA EXPLORADORA,0401020100,EXTIRPAÇÃOE SUPRESSÃO DE LESÃO DE PELE E DE TECIDO CELULAR SUBCUTÂNEO
LAPAROTOMIA EXPLORADORA,0406010820,PLÁSTICA VALVAR E/OU TROCA VALVAR MÚLTIPLA
LAPAROTOMIA EXPLORADORA,0406020019,ANASTOMOSE ESPLENO-RENAL / OUTRA DERIVAÇÃO CENTRAL
LAPAROTOMIA EXPLORADORA,0406040192,EMBOLIZAÇÃO ARTERIAL DE HEMORRAGIA DIGESTIVA (INCLUI PROCEDIMENTO ENDOSCÓPICO E/OU ESTUDO ANGIOGRÁFICO)
LAPAROTOMIA EXPLORADORA,0407010165,GASTROENTEROANASTOMOSE
LAPAROTOMIA EXPLORADORA,0407010190,GASTRORRAFIA
LAPAROTOMIA EXPLORADORA,0407010211,GASTROSTOMIA
LAPAROTOMIA EXPLORADORA,0407020039,APENDICECTOMIA
LAPAROTOMIA EXPLORADORA,0407020063,COLECTOMIA PARCIAL (HEMICOLECTOMIA)
LAPAROTOMIA EXPLORADORA,0407020101,COLOSTOMIA
LAPAROTOMIA EXPLORADORA,0407020179,ENTERECTOMIA
LAPAROTOMIA EXPLORADORA,0407020187,ENTEROANASTOMOSE (QUALQUER SEGMENTO)
LAPAROTOMIA EXPLORADORA,0407020209,ENTEROTOMIA E/OU ENTERORRAFIA C/ SUTURA / RESSECÇÃO (QUALQUER SEGMENTO)
LAPAROTOMIA EXPLORADORA,0407020306,JEJUNOSTOMIA / ILEOSTOMIA
LAPAROTOMIA EXPLORADORA,0407020322,PLÁSTICA ANAL EXTERNA / ESFINCTEROPLASTIA ANAL
LAPAROTOMIA EXPLORADORA,0407020365,REDUÇÃO CIRÚRGICA DE VOLVO POR LAPAROTOMIA
LAPAROTOMIA EXPLORADORA,0407030140,HEPATORRAFIA
LAPAROTOMIA EXPLORADORA,0407030166,HEPATOTOMIA E DRENAGEM DE ABSCESSO / CISTO
LAPAROTOMIA EXPLORADORA,0407040021,DRENAGEM DE ABSCESSO SUBFRÊNICO
LAPAROTOMIA EXPLORADORA,0407040048,HERNIOPLASTIA DIAFRAGMÁTICA (VIA ABDOMINAL)
LAPAROTOMIA EXPLORADORA,0407040080,HERNIOPLASTIA INCISIONAL
LAPAROTOMIA EXPLORADORA,0407040102,HERNIOPLASTIA INGUINAL / CRURAL (UNILATERAL)
LAPAROTOMIA EXPLORADORA,0407040110,HERNIOPLASTIA RECIDIVANTE
LAPAROTOMIA EXPLORADORA,0407040129,HERNIOPLASTIA UMBILICAL
LAPAROTOMIA EXPLORADORA,0407040161,LAPAROTOMIA EXPLORADORA
LAPAROTOMIA EXPLORADORA,0407040188,LIBERAÇÃO DE ADERÊNCIAS INTESTINAIS
LAPAROTOMIA EXPLORADORA,0407040226,REPARACAO DE OUTRAS HERNIAS
LAPAROTOMIA EXPLORADORA,0407040242,RESSUTURA DE PAREDE ABDOMINAL (POR DEISCENCIA TOTAL / EVISCERAÇÃO)
LAPAROTOMIA EXPLORADORA,0407040250,TRATAMENTO CIRÚRGICO DE PERITONITE
LAPAROTOMIA EXPLORADORA,0409010081,CISTORRAFIA
LAPAROTOMIA EXPLORADORA,0409010219,NEFRECTOMIA TOTAL
LAPAROTOMIA EXPLORADORA,0409010499,TRATAMENTO CIRURGICO DE INCONTINENCIA URINARIA VIA ABDOMINAL
LAPAROTOMIA EXPLORADORA,0409050130,CIRURGIAS COMPLEMENTARES DE REDESIGNAÇÃO SEXUAL
LAPAROTOMIA EXPLORADORA,0409060216,OOFORECTOMIA / OOFOROPLASTIA
LAPAROTOMIA EXPLORADORA,0409060232,SALPINGECTOMIA UNI / BILATERAL
LAPAROTOMIA EXPLORADORA,0411020048,TRATAMENTO CIRURGICO DE GRAVIDEZ ECTOPICA
LAPAROTOMIA EXPLORADORA,0415010012,TRATAMENTO C/ CIRURGIAS MULTIPLAS
LAPAROTOMIA EXPLORADORA,0415020034,OUTROS PROCEDIMENTOS COM CIRURGIAS SEQUENCIAIS
LAPAROTOMIA EXPLORADORA,0415020050,PROCEDIMENTOS SEQUENCIAIS EM ONCOLOGIA
LAPAROTOMIA EXPLORADORA,0415040035,DEBRIDAMENTO DE ULCERA / DE TECIDOS DESVITALIZADOS
LAPAROTOMIA EXPLORADORA,0416040012,ANASTOMOSE BILEO-DIGESTIVA EM ONCOLOGIA
LAPAROTOMIA EXPLORADORA,0416040209,LAPAROTOMIA EXPLORADORA COM RESSECÇÃO COMPLETA OU INCOMPLETA DO TUMOR EM ONCOLOGIA
LAPAROTOMIA EXPLORADORA,0416040250,RESSECÇÃO DE TUMOR RETROPERITONIAL EM ONCOLOGIA
LAPAROTOMIA EXPLORADORA,0416040314,GASTRECTOMIA VIDEOLAPAROSCÓPICA EM ONCOLOGIA
LAPAROTOMIA EXPLORADORA,0416040322,ESOFAGOGASTRECTOMIA VIDEOLAPAROSCÓPICA EM ONCOLOGIA
LAPAROTOMIA EXPLORADORA,0416040330,LAPARATOMIA EXPLORADORA VIDEOLAPAROSCÓPICA EM ONCOLOGIA
LAPAROTOMIA EXPLORADORA,0416050026,COLECTOMIA PARCIAL (HEMICOLECTOMIA) EM ONCOLOGIA
LAPAROTOMIA EXPLORADORA,0416050077,RETOSSIGMOIDECTOMIA ABDOMINAL EM ONCOLOGIA
LAPAROTOMIA EXPLORADORA,0416060021,ANEXECTOMIA UNI / BILATERAL EM ONCOLOGIA
LAPAROTOMIA EXPLORADORA,0416060129,LAPAROTOMIA PARA AVALIAÇÃO DE TUMOR DE OVÁRIO EM ONCOLOGIA
LAPAROTOMIA EXPLORADORA,0505010089,TRANSPLANTE AUTOGENICO DE CELULAS-TRONCO HEMATOPOETICAS DE SANGUE PERIFERICO -
LAPAROTOMIA EXPLORADORA,0505020050,TRANSPLANTE DE FIGADO (ORGAO DE DOADOR FALECIDO)
LAPAROTOMIA EXPLORADORA,0505020068,TRANSPLANTE DE FIGADO (ORGAO DE DOADOR VIVO)
LAPAROTOMIA EXPLORADORA,0505020092,TRANSPLANTE DE RIM (ORGAO DE DOADOR FALECIDO)
LAPAROTOMIA EXPLORADORA,0506020045,TRATAMENTO DE INTERCORRÊNCIA PÓS-TRANSPLANTE DE ÓRGÃOS / CÉLULAS-TRONCO HEMATOPOÉTICAS
LAPAROTOMIA EXPLORADORA,0506020096,TRATAMENTO DE INTERCORRENCIA PÓS TRANSPLANTE DE FIGADO- PÓS TRANSPLANTE CRÍTICO
LARINGECTOMIA COM ESVAZIAMENTO CERVICAL,0415020050,PROCEDIMENTOS SEQUENCIAIS EM ONCOLOGIA
LARINGECTOMIA PARCIAL,0404010172,LARINGECTOMIA PARCIAL
LARINGECTOMIA PARCIAL,0415020034,OUTROS PROCEDIMENTOS COM CIRURGIAS SEQUENCIAIS
LARINGECTOMIA PARCIAL,0415020050,PROCEDIMENTOS SEQUENCIAIS EM ONCOLOGIA
LARINGECTOMIA PARCIAL,0416030254,LARINGECTOMIA PARCIAL EM ONCOLOGIA
LARINGECTOMIA TOTAL,0415020050,PROCEDIMENTOS SEQUENCIAIS EM ONCOLOGIA
LARINGECTOMIA TOTAL,0416030262,LARINGECTOMIA TOTAL EM ONCOLOGIA
LARINGOFISSURA,0303140135,TRATAMENTO DE OUTRAS DOENCAS DO APARELHO RESPIRATORIO
LARINGOFISSURA,0404010458,LARINGOFISSURA PARA COLOCAÇÃO DE MOLDE NOS TRAUMATISMOS DE LARINGE
LARINGOSCOPIA,0209040033,TRAQUEOSCOPIA
LARINGOSCOPIA,0301060070,DIAGNOSTICO E/OU ATENDIMENTO DE URGENCIA EM CLINICA CIRURGICA
LARINGOSCOPIA,0303010037,TRATAMENTO DE OUTRAS DOENÇAS BACTERIANAS
LARINGOSCOPIA,0303040165,TRATAMENTO DE CRISES EPILÉTICAS NÃO CONTROLADAS
LARINGOSCOPIA,0303110015,TRATAMENTO DAS MALFORMACOES E DEFORMIDADES CONGENITAS DO SISTEMA OSTEOMUSCULAR
LARINGOSCOPIA,0303140020,TRATAMENTO DA FIBROSE CISTICA COM MANIFESTACOES PULMONARES
LARINGOSCOPIA,0303140135,TRATAMENTO DE OUTRAS DOENCAS DO APARELHO RESPIRATORIO
LARINGOSCOPIA,0303140143,TRATAMENTO DE OUTRAS INFECCOES AGUDAS DAS VIAS AEREAS INFERIORES
LARINGOSCOPIA,0303140151,TRATAMENTO DE PNEUMONIAS OU INFLUENZA (GRIPE)
LARINGOSCOPIA,0303160039,TRATAMENTO DE OUTROS TRANSTORNOS ORIGINADOS NO PERIODO PERINATAL
LARINGOSCOPIA,0303160047,TRATAMENTO DE TRANSTORNOS HEMORRAGICOS E HEMATOLOGICOS DO FETO E DO RECEM-NASCIDO
LARINGOSCOPIA,0303160055,TRATAMENTO DE TRANSTORNOS RELACIONADOS C/ A DURACAO DA GESTACAO E C/ O CRESCIMENTO FETAL
LARINGOSCOPIA,0303160063,TRATAMENTO DE TRANSTORNOS RESPIRATORIOS E CARDIOVASCULARES ESPECIFICOS DO PERIODO NEONATAL
LARINGOSCOPIA,0403020018,ENXERTO MICROCIRURGICO DE NERVO PERIFERICO (2 OU MAIS NERVOS)
LARINGOSCOPIA,0404010059,DRENAGEM DE ABSCESSO FARINGEO
LARINGOSCOPIA,0404010113,EXÉRESE DE PAPILOMA EM LARINGE
LARINGOSCOPIA,0404010318,RETIRADA DE CORPO ESTRANHO DE OUVIDO / FARINGE / LARINGE / NARIZ
LARINGOSCOPIA,0404010377,TRAQUEOSTOMIA
LARINGOSCOPIA,0404020461,OSTEOTOMIA DA MANDIBULA
LARINGOSCOPIA,0404030050,OSTEOTOMIA DA MANDÍBULA EM PACIENTE COM ANOMALIA CRÂNIO E BUCOMAXILOFACIAL
LARINGOSCOPIA,0404030297,OSTEOTOMIA CRANIOFACIAL COMPLEXA EM PACIENTE COM ANOMALIA CRÂNIO E BUCOMAXILOFACIAL
LARINGOSCOPIA,0407010220,GASTROSTOMIA VIDEOLAPAROSCÓPICA
LARINGOSCOPIA,0412010100,TRAQUEOPLASTIA E/OU LARINGOTRAQUEOPLASTIA
LARINGOSCOPIA,0412040166,TORACOSTOMIA COM DRENAGEM PLEURAL FECHADA
LARINGOSCOPIA,0415020034,OUTROS PROCEDIMENTOS COM CIRURGIAS SEQUENCIAIS
LARINGOSCOPIA,0415020050,PROCEDIMENTOS SEQUENCIAIS EM ONCOLOGIA
LARINGOSCOPIA,0416030297,TRAQUEOSTOMIA TRANSTUMORAL EM ONCOLOGIA
LARINGOSCOPIA,0506020096,TRATAMENTO DE INTERCORRENCIA PÓS TRANSPLANTE DE FIGADO- PÓS TRANSPLANTE CRÍTICO
"LARINGOSCOPIA DIR C/MICROSC P/RET.POLIPO,NOD.OU PAILOMA",0303140135,TRATAMENTO DE OUTRAS DOENCAS DO APARELHO RESPIRATORIO
"LARINGOSCOPIA DIR C/MICROSC P/RET.POLIPO,NOD.OU PAILOMA",0404010113,EXÉRESE DE PAPILOMA EM LARINGE
LIBERACAO DE ADERENCIAS INTESTINAIS,0407040188,LIBERAÇÃO DE ADERÊNCIAS INTESTINAIS
LIBERACAO DE ADERENCIAS INTESTINAIS,0415020034,OUTROS PROCEDIMENTOS COM CIRURGIAS SEQUENCIAIS
LIBERACAO DE TENDAO,0408060441,TENÓLISE
LIBERACAO DE TENDAO,0408060476,TENOPLASTIA OU ENXERTO DE TENDÃO UNICO
LIGADURA DE FISTULA ARTERIO-VENOSA,0305010174,TRATAMENTO DE INTERCORRÊNCIA EM PACIENTE RENAL CRÔNICO SOB TRATAMENTO DIALÍTICO ( POR DIA)
LIGADURA DE FISTULA ARTERIO-VENOSA,0305020056,TRATAMENTO DA DOENÇA RENAL CRÔNICA - DRC
LIGADURA DE FISTULA ARTERIO-VENOSA,0308040015,TRATAMENTO DE COMPLICACOES DE PROCEDIMENTOS CIRURGICOS OU CLINICOS
LIGADURA DE FISTULA ARTERIO-VENOSA,0506020045,TRATAMENTO DE INTERCORRÊNCIA PÓS-TRANSPLANTE DE ÓRGÃOS / CÉLULAS-TRONCO HEMATOPOÉTICAS
LIGADURA TUBARIA,0409060186,LAQUEADURA TUBARIA
LIGADURA TUBARIA,0409060232,SALPINGECTOMIA UNI / BILATERAL
LIGADURA TUBARIA,0415020034,OUTROS PROCEDIMENTOS COM CIRURGIAS SEQUENCIAIS
LIGADURA TUBÁRIA VIDEOLAPAROSCÓPICA,0409060186,LAQUEADURA TUBARIA
LINFADENECTOMIA AXILAR,0406020159,EXERESE DE GANGLIO LINFÁTICO
LINFADENECTOMIA AXILAR,0406020221,LINFADENECTOMIA RADICAL AXILAR UNILATERAL
LINFADENECTOMIA AXILAR,0415020050,PROCEDIMENTOS SEQUENCIAIS EM ONCOLOGIA
LINFADENECTOMIA AXILAR,0416020216,LINFADENECTOMIA AXILAR UNILATERAL EM ONCOLOGIA
LINFADENECTOMIA AXILAR,0416020240,LINFADENECTOMIA SELETIVA GUIADA (LINFONODO SENTINELA) EM ONCOLOGIA
LINFADENECTOMIA AXILAR,0506020045,TRATAMENTO DE INTERCORRÊNCIA PÓS-TRANSPLANTE DE ÓRGÃOS / CÉLULAS-TRONCO HEMATOPOÉTICAS
LINFADENECTOMIA INGUINAL,0406020159,EXERESE DE GANGLIO LINFÁTICO
LINFADENECTOMIA INGUINAL,0416020232,LINFADENECTOMIA INGUINAL UNILATERAL EM ONCOLOGIA
LINFADENECTOMIA INGUINAL,0416020259,LINFADENECTOMIA INGUINO-ILIACA UNILATERAL EM ONCOLOGIA
LINFADENECTOMIA INGUINAL,0416060099,VULVECTOMIA TOTAL AMPLIADA C/ LINFADENECTOMIA EM ONCOLOGIA
LINFADENECTOMIA INGUINAL,0416080030,EXCISÃO E SUTURA DE LESÃO NA PELE COM PLASTICA EM Z OU ROTAÇÃO DE RETALHO EM ONCOLOGIA
LINFADENECTOMIA PELVICA,0415020050,PROCEDIMENTOS SEQUENCIAIS EM ONCOLOGIA
LINFADENECTOMIA PELVICA,0416020020,LINFADENECTOMIA PELVICA EM ONCOLOGIA
LINFADENECTOMIA PELVICA,0416020224,LINFADENECTOMIA RETROPERITONIAL EM ONCOLOGIA
LINFADENECTOMIA PELVICA,0416040209,LAPAROTOMIA EXPLORADORA COM RESSECÇÃO COMPLETA OU INCOMPLETA DO TUMOR EM ONCOLOGIA
LINFADENECTOMIA PELVICA,0416060064,HISTERECTOMIA TOTAL AMPLIADA EM ONCOLOGIA
LINFADENECTOMIA PROFUNDA,0201010267,BIOPSIA DE LESAO DE PARTES MOLES (POR AGULHA / CEU ABERTO)
LINFADENECTOMIA PROFUNDA,0406020159,EXERESE DE GANGLIO LINFÁTICO
LINFADENECTOMIA PROFUNDA,0407040170,LAPAROTOMIA VIDEOLAPAROSCÓPICA PARA DRENAGEM E/OU BIÓPSIA
LINFADENECTOMIA PROFUNDA,0415020034,OUTROS PROCEDIMENTOS COM CIRURGIAS SEQUENCIAIS
LINFADENECTOMIA PROFUNDA,0415020050,PROCEDIMENTOS SEQUENCIAIS EM ONCOLOGIA
LINFADENECTOMIA PROFUNDA,0416020160,LINFADENECTOMIA RADICAL MODIFICADA CERVICAL UNILATERAL EM ONCOLOGIA
LINFADENECTOMIA PROFUNDA,0416020186,LINFADENECTOMIA CERVICAL RECORRENCIAL UNILATERAL EM ONCOLOGIA
LINFADENECTOMIA PROFUNDA,0416020216,LINFADENECTOMIA AXILAR UNILATERAL EM ONCOLOGIA
LINFADENECTOMIA RAD. BILATERAL CERVICAL,0416020160,LINFADENECTOMIA RADICAL MODIFICADA CERVICAL UNILATERAL EM ONCOLOGIA
LINFADENECTOMIA RAD. BILATERAL CERVICAL,0416020178,LINFADENECTOMIA CERVICAL SUPRAOMO-HIOIDEA UNILATERAL EM ONCOLOGIA
LINFADENECTOMIA RAD. BILATERAL CERVICAL,0416020186,LINFADENECTOMIA CERVICAL RECORRENCIAL UNILATERAL EM ONCOLOGIA
LINFADENECTOMIA RAD. BILATERAL INGUINAL,0416020232,LINFADENECTOMIA INGUINAL UNILATERAL EM ONCOLOGIA
LINFADENECTOMIA RADICAL CERVICAL,0406020159,EXERESE DE GANGLIO LINFÁTICO
LINFADENECTOMIA RADICAL CERVICAL,0406020248,LINFADENECTOMIA RADICAL CERVICAL UNILATERAL
LINFADENECTOMIA RADICAL CERVICAL,0415020050,PROCEDIMENTOS SEQUENCIAIS EM ONCOLOGIA
LINFADENECTOMIA RADICAL CERVICAL,0416020151,LINFADENECTOMIA RADICAL CERVICAL UNILATERAL EM ONCOLOGIA
LINFADENECTOMIA RADICAL CERVICAL,0416020160,LINFADENECTOMIA RADICAL MODIFICADA CERVICAL UNILATERAL EM ONCOLOGIA
LINFADENECTOMIA RADICAL CERVICAL,0416020178,LINFADENECTOMIA CERVICAL SUPRAOMO-HIOIDEA UNILATERAL EM ONCOLOGIA
LINFADENECTOMIA RADICAL CERVICAL,0416020186,LINFADENECTOMIA CERVICAL RECORRENCIAL UNILATERAL EM ONCOLOGIA
LINFADENECTOMIA RADICAL CERVICAL,0416080120,EXTIRPAÇÃO MÚLTIPLA DE LESÃO DA PELE OU TECIDO CELULAR SUBCUTÂNEO EM ONCOLOGIA
LINFADENECTOMIA RADICAL UNILATERAL A,0415020050,PROCEDIMENTOS SEQUENCIAIS EM ONCOLOGIA
LINFADENECTOMIA RADICAL UNILATERAL A,0416020160,LINFADENECTOMIA RADICAL MODIFICADA CERVICAL UNILATERAL EM ONCOLOGIA
LINFADENECTOMIA RETROPERITONEAL,0415020050,PROCEDIMENTOS SEQUENCIAIS EM ONCOLOGIA
LINFADENECTOMIA RETROPERITONEAL,0416020020,LINFADENECTOMIA PELVICA EM ONCOLOGIA
LINFADENECTOMIA RETROPERITONEAL,0416020224,LINFADENECTOMIA RETROPERITONIAL EM ONCOLOGIA
LINFADENECTOMIA RETROPERITONEAL,0416060064,HISTERECTOMIA TOTAL AMPLIADA EM ONCOLOGIA
LINFADENECTOMIA SUPERFICIAL,0304100021,TRATAMENTO CLÍNICO DE PACIENTE ONCOLÓGICO
LINFADENECTOMIA SUPERFICIAL,0401020061,EXÉRESE DE CISTO BRANQUIAL
LINFADENECTOMIA SUPERFICIAL,0406020159,EXERESE DE GANGLIO LINFÁTICO
LINFADENECTOMIA SUPERFICIAL,0416020160,LINFADENECTOMIA RADICAL MODIFICADA CERVICAL UNILATERAL EM ONCOLOGIA
LIPOASPIRACAO,0401020100,EXTIRPAÇÃOE SUPRESSÃO DE LESÃO DE PELE E DE TECIDO CELULAR SUBCUTÂNEO
LIPOASPIRACAO,0401020169,TRATAMENTO EM ESTÁGIOS SUBSEQUENTES DE ENXERTIA
LIPOASPIRACAO,0404020321,RINOPLASTIA PARA DEFEITOS PÓS-TRAUMÁTICOS
LIPOASPIRACAO,0413040020,CORREÇÃO DE RETRAÇÃO CICATRICIAL VÁRIOS ESTÁGIOS
LIPOASPIRACAO,0413040046,DERMOLIPECTOMIA ABDOMINAL NAO ESTETICA (PLÁSTICA ABDOMINAL)
LOBECTOMIA,0415020050,PROCEDIMENTOS SEQUENCIAIS EM ONCOLOGIA
LOBECTOMIA DE TIREOIDE,0416030270,TIREOIDECTOMIA TOTAL EM ONCOLOGIA
LOBECTOMIA PULMONAR,0412050048,LOBECTOMIA PULMONAR
LOBECTOMIA PULMONAR,0412050102,"RESSECÇÃO EM CUNHA, TUMORECTOMIA / BIOPSIA DE PULMAO A CEU ABERTO"
LOBECTOMIA PULMONAR,0415020034,OUTROS PROCEDIMENTOS COM CIRURGIAS SEQUENCIAIS
LOBECTOMIA PULMONAR,0415020050,PROCEDIMENTOS SEQUENCIAIS EM ONCOLOGIA
LOBECTOMIA PULMONAR,0416110010,LOBECTOMIA PULMONAR EM ONCOLOGIA
LOBECTOMIA PULMONAR,0416110061,SEGMENTECTOMIA PULMONAR EM ONCOLOGIA
LOBECTOMIA PULMONAR,0506020045,TRATAMENTO DE INTERCORRÊNCIA PÓS-TRANSPLANTE DE ÓRGÃOS / CÉLULAS-TRONCO HEMATOPOÉTICAS
LOMBOSTOMIA (DERIVAÇÃO LOMBAR-EXTERNA),0403010390,DRENAGEM LIQUÓRICA LOMBAR EXTERNA
LOMBOSTOMIA (DERIVAÇÃO LOMBAR-EXTERNA),0406040150,CORREÇÃO ENDOVASCULAR DE ANEURISMA / DISSECÇÃO DA AORTA ABDOMINAL COM ENDOPRÓTESE RETA / CÔNICA
LOMBOSTOMIA (DERIVAÇÃO LOMBAR-EXTERNA),0415020077,PROCEDIMENTOS SEQUENCIAIS EM NEUROCIRURGIA
LOMBOTOMIA EXPLORADORA,0403010390,DRENAGEM LIQUÓRICA LOMBAR EXTERNA
LOMBOTOMIA EXPLORADORA,0409010197,LOMBOTOMIA
LOMBOTOMIA EXPLORADORA,0415020034,OUTROS PROCEDIMENTOS COM CIRURGIAS SEQUENCIAIS
MAMILOPLASTIA,0410010073,PLASTICA MAMÁRIA FEMININA NAO ESTETICA
MAMOPLASTIA ONCOLÓGICA,0415020050,PROCEDIMENTOS SEQUENCIAIS EM ONCOLOGIA
MAMOPLASTIA POS CIRURGIA BARIÁTRICA,0410010073,PLASTICA MAMÁRIA FEMININA NAO ESTETICA
MAMOPLASTIA POS CIRURGIA BARIÁTRICA,0413040089,MAMOPLASTIA PÓS-CIRURGIA BARIÁTRICA
MAMOPLASTIA POS CIRURGIA BARIÁTRICA,0415020018,PROCEDIMENTOS SEQUENCIAIS DE CIRURGIA PLÁSTICA REPARADORA PÓS -CIRURGIA BARIATRICA
MAMOPLASTIA POS CIRURGIA BARIÁTRICA,0415020034,OUTROS PROCEDIMENTOS COM CIRURGIAS SEQUENCIAIS
MAMOPLASTIA REDUTORA,0410010073,PLASTICA MAMÁRIA FEMININA NAO ESTETICA
MAMOPLASTIA REDUTORA,0413040089,MAMOPLASTIA PÓS-CIRURGIA BARIÁTRICA
MAMOPLASTIA REDUTORA,0415020034,OUTROS PROCEDIMENTOS COM CIRURGIAS SEQUENCIAIS
MAMOPLASTIA REDUTORA,0415020050,PROCEDIMENTOS SEQUENCIAIS EM ONCOLOGIA
MANCHESTER,0409060020,COLPOPERINEOPLASTIA ANTERIOR E POSTERIOR C/ AMPUTACAO DE COLO
MANDIBULECTOMIA,0415020050,PROCEDIMENTOS SEQUENCIAIS EM ONCOLOGIA
MANDIBULECTOMIA,0416030300,MANDIBULECTOMIA PARCIAL EM ONCOLOGIA
MANIPULACAO DE CATETER,0303010037,TRATAMENTO DE OUTRAS DOENÇAS BACTERIANAS
MANIPULACAO DE CATETER,0303060212,TRATAMENTO DE INSUFICIENCIA CARDIACA
MANIPULACAO DE QUADRIL,0408040165,RECONSTRUÇÃO OSTEOPLASTICA DO QUADRIL
MANIPULACAO DE QUADRIL,0408040190,REDUÇÃO INCRUENTA DE LUXAÇÃO COXOFEMORAL TRAUMÁTICA / PÓS-ARTROPLASTIA
MANIPULACAO PERCUTANEA DE CALCULO RENAL,0409010235,NEFROLITOTOMIA PERCUTÂNEA
MANIPULACAO PERCUTANEA DE CALCULO RENAL,0409010286,NEFROSTOMIA COM OU SEM DRENAGEM
MANIPULACAO PERCUTANEA DE CALCULO RENAL,0415020034,OUTROS PROCEDIMENTOS COM CIRURGIAS SEQUENCIAIS
MANOMETRIA ESOFAGICA,0303070064,TRATAMENTO DE DOENCAS DO ESOFAGO ESTOMAGO E DUODENO
MANOMETRIA ESOFAGICA,0303090316,TRATAMENTO DAS POLIARTROPATIAS INFLAMATORIAS
MASTECTOMIA,0410010197,MASTECTOMIA SIMPLES BILATERAL SOB PROCESSO TRANSEXUALIZADOR
MASTECTOMIA,0415020034,OUTROS PROCEDIMENTOS COM CIRURGIAS SEQUENCIAIS
MASTECTOMIA,0415020050,PROCEDIMENTOS SEQUENCIAIS EM ONCOLOGIA
MASTECTOMIA,0416120032,MASTECTOMIA SIMPLES EM ONCOLOGIA
MASTECTOMIA RADICAL MODIFICADA,0415020050,PROCEDIMENTOS SEQUENCIAIS EM ONCOLOGIA
MASTECTOMIA RADICAL MODIFICADA,0416120024,MASTECTOMIA RADICAL COM LINFADENECTOMIA AXILAR EM ONCOLOGIA
MASTECTOMIA RADICAL MODIFICADA,0416120032,MASTECTOMIA SIMPLES EM ONCOLOGIA
MASTECTOMIA SIMPLES,0410010197,MASTECTOMIA SIMPLES BILATERAL SOB PROCESSO TRANSEXUALIZADOR
MASTECTOMIA SIMPLES,0415020034,OUTROS PROCEDIMENTOS COM CIRURGIAS SEQUENCIAIS
MASTECTOMIA SIMPLES,0415020050,PROCEDIMENTOS SEQUENCIAIS EM ONCOLOGIA
MASTECTOMIA SIMPLES,0416120024,MASTECTOMIA RADICAL COM LINFADENECTOMIA AXILAR EM ONCOLOGIA
MASTECTOMIA SIMPLES,0416120032,MASTECTOMIA SIMPLES EM ONCOLOGIA
MASTOIDECTOMIA,0404010210,MASTOIDECTOMIA RADICAL
MASTOIDECTOMIA,0404010229,MASTOIDECTOMIA SUBTOTAL
MASTOIDECTOMIA,0415020034,OUTROS PROCEDIMENTOS COM CIRURGIAS SEQUENCIAIS
MASTOIDECTOMIA,0415020050,PROCEDIMENTOS SEQUENCIAIS EM ONCOLOGIA
MASTOIDECTOMIA,0415020077,PROCEDIMENTOS SEQUENCIAIS EM NEUROCIRURGIA
MASTOPEXIA,0410010073,PLASTICA MAMÁRIA FEMININA NAO ESTETICA
MAXILECTOMIA,0415020050,PROCEDIMENTOS SEQUENCIAIS EM ONCOLOGIA
MAXILECTOMIA,0416030173,MAXILECTOMIA PARCIAL EM ONCOLOGIA
MEATOTOMIA,0303010037,TRATAMENTO DE OUTRAS DOENÇAS BACTERIANAS
MEATOTOMIA,0409020079,MEATOTOMIA SIMPLES
MEATOTOMIA,0506020045,TRATAMENTO DE INTERCORRÊNCIA PÓS-TRANSPLANTE DE ÓRGÃOS / CÉLULAS-TRONCO HEMATOPOÉTICAS
MEATOTOMIA SIMPLES,0409020079,MEATOTOMIA SIMPLES
MEDIASTINOSCOPIA,0209040050,VIDEOTORACOSCOPIA
MEDIASTINOSCOPIA,0415020034,OUTROS PROCEDIMENTOS COM CIRURGIAS SEQUENCIAIS
MEDIASTINOSCOPIA COM BIOPSIA,0209040050,VIDEOTORACOSCOPIA
MEDIASTINOSCOPIA COM BIOPSIA,0304100013,TRATAMENTO DE INTERCORRÊNCIAS CLÍNICAS DE PACIENTE ONCOLÓGICO
MEDIASTINOSCOPIA COM BIOPSIA,0406020159,EXERESE DE GANGLIO LINFÁTICO
MEDIASTINOSCOPIA COM BIOPSIA,0416020194,MEDIASTINOSCOPIA/LINFADENECTOMIA MEDIASTINAL EM ONCOLOGIA
MEDIASTINOSCOPIA COM BIOPSIA,0416110053,TORACOTOMIA/MEDIASTINOSTOMIA EXPLORADORA COM RESSECÇÃO COMPLETA OU INCOMPLETA DO TUMOR INTRATORÁCICO EM ONCOLOGIA
MEDIASTINOTOMIA EXPLORADORA,0412020017,MEDIASTINOTOMIA EXPLORADORA PARA-ESTERNAL / POR VIA ANTERIOR
MEDIASTINOTOMIA EXPLORADORA,0412020033,MEDIASTINOTOMIA P/ DRENAGEM
MEDIASTINOTOMIA EXPLORADORA,0412020084,TRATAMENTO DE MEDIASTINITE (QUALQUER VIA)
MEDIASTINOTOMIA EXPLORADORA,0412030080,TRATAMENTO DE COÁGULO RETIDO INTRATORÁCICO (QUALQUER VIA)
MEDIASTINOTOMIA EXPLORADORA,0412040174,TORACOTOMIA EXPLORADORA
MEDIASTINOTOMIA EXPLORADORA,0415020034,OUTROS PROCEDIMENTOS COM CIRURGIAS SEQUENCIAIS
MEDIASTINOTOMIA EXPLORADORA,0415040035,DEBRIDAMENTO DE ULCERA / DE TECIDOS DESVITALIZADOS
MEDIASTINOTOMIA EXPLORADORA,0416020194,MEDIASTINOSCOPIA/LINFADENECTOMIA MEDIASTINAL EM ONCOLOGIA
MEDIASTINOTOMIA EXPLORADORA,0505020041,TRANSPLANTE DE CORACAO
MENISCECTOMIA,0408050896,TRATAMENTO CIRÚRGICO DE ROTURA DO MENISCO COM MENISCECTOMIA PARCIAL / TOTAL
MICROCIRURGIA DE LARINGE,0303090316,TRATAMENTO DAS POLIARTROPATIAS INFLAMATORIAS
MICROCIRURGIA DE LARINGE,0404010113,EXÉRESE DE PAPILOMA EM LARINGE
MICROCIRURGIA DE LARINGE,0404010172,LARINGECTOMIA PARCIAL
MICROCIRURGIA DE LARINGE,0412010100,TRAQUEOPLASTIA E/OU LARINGOTRAQUEOPLASTIA
MICROCIRURGIA DE LARINGE,0416030351,RESSECÇÃO DE LESÃO MALIGNA DE MUCOSA BUCAL EM ONCOLOGIA
MICROCIRURGIA DE NERVO PERIFÉRICO,0403020018,ENXERTO MICROCIRURGICO DE NERVO PERIFERICO (2 OU MAIS NERVOS)
MICROCIRURGIA DE NERVO PERIFÉRICO,0403020026,ENXERTO MICROCIRÚRGICO DE NERVO PERIFÉRICO (ÚNICO NERVO)
MICROCIRURGIA DE NERVO PERIFÉRICO,0403020034,MICROCIRURGIA DE PLEXO BRAQUIAL COM EXPLORAÇÃO E NEUROLISE
MICROCIRURGIA DE NERVO PERIFÉRICO,0403020042,MICROCIRURGIA DE PLEXO BRAQUIAL COM MICROENXERTIA
MICROCIRURGIA DE NERVO PERIFÉRICO,0403020050,MICRONEUROLISE DE NERVO PERIFERICO
MICROCIRURGIA DE NERVO PERIFÉRICO,0403020069,MICRONEURORRAFIA
MICROCIRURGIA DE NERVO PERIFÉRICO,0403020107,TRANSPOSICAO DO NERVO CUBITAL
MICROCIRURGIA DE NERVO PERIFÉRICO,0403020115,TRATAMENTO CIRÚRGICO DE NEUROPATIA COMPRESSIVA COM OU SEM MICROCIRÚRGIA
MICROCIRURGIA DE NERVO PERIFÉRICO,0403020123,TRATAMENTO CIRURGICO DE SINDROME COMPRESSIVA EM TUNEL OSTEO-FIBROSO AO NIVEL DO CARPO
MICROCIRURGIA DE NERVO PERIFÉRICO,0403020131,TRATAMENTO MICROCIRÚRGICO DE TUMOR DE NERVO PERIFÉRICO / NEUROMA
MICROCIRURGIA DE NERVO PERIFÉRICO,0415020034,OUTROS PROCEDIMENTOS COM CIRURGIAS SEQUENCIAIS
MICROCIRURGIA DE NERVO PERIFÉRICO,0415020077,PROCEDIMENTOS SEQUENCIAIS EM NEUROCIRURGIA
MICROCIRURGIA DESCOMPRESSIVA DE NERVOS CRANIANOS,0403010144,RECONSTRUCAO CRANIANA / CRANIO-FACIAL
MICROCIRURGIA DESCOMPRESSIVA DE NERVOS CRANIANOS,0403040027,DESCOMPRESSÃO NEUROVASCULAR DE NERVOS CRANIANOS
MICROCIRURGIA DESCOMPRESSIVA DE NERVOS CRANIANOS,0415020077,PROCEDIMENTOS SEQUENCIAIS EM NEUROCIRURGIA
MICROCIRURGIA ENDO_NASAL,0303010037,TRATAMENTO DE OUTRAS DOENÇAS BACTERIANAS
MICROCIRURGIA ENDO_NASAL,0304080039,INTERNAÇÃO P/ QUIMIOTERAPIA DE LEUCEMIAS AGUDAS / CRÔNICAS AGUDIZADAS
MICROCIRURGIA ENDO_NASAL,0403030021,CRANIOTOMIA PARA BIOPSIA ENCEFALICA (COM TÉCNICA COMPLEMENTAR)
MICROCIRURGIA ENDO_NASAL,0404010032,AMIGDALECTOMIA COM ADENOIDECTOMIA
MICROCIRURGIA ENDO_NASAL,0404010121,"EXÉRESE DE TUMOR DE VIAS AEREAS SUPERIORES, FACE E PESCOÇO"
MICROCIRURGIA ENDO_NASAL,0404010130,EXTIRPAÇÃO DE TUMOR DO CAVUM E FARINGE
MICROCIRURGIA ENDO_NASAL,0404010326,SINUSOTOMIA BILATERAL
MICROCIRURGIA ENDO_NASAL,0404010334,SINUSOTOMIA ESFENOIDAL
MICROCIRURGIA ENDO_NASAL,0404010415,TURBINECTOMIA
MICROCIRURGIA ENDO_NASAL,0404010490,TRATAMENTO CIRÚRGICO DE IMPERFURAÇÃO COANAL (UNI / BILATERAL)
MICROCIRURGIA ENDO_NASAL,0404020275,RESSECÇÃO DE LESÃO MALIGNA E BENIGNA DA REGIÃO CRANIO E BUCOMAXILOFACIAL
MICROCIRURGIA ENDO_NASAL,0404020690,OSTEOTOMIA CRÂNIO-FACIAL
MICROCIRURGIA ENDO_NASAL,0412010100,TRAQUEOPLASTIA E/OU LARINGOTRAQUEOPLASTIA
MICROCIRURGIA ENDO_NASAL,0415020034,OUTROS PROCEDIMENTOS COM CIRURGIAS SEQUENCIAIS
MICROCIRURGIA ENDO_NASAL,0416030173,MAXILECTOMIA PARCIAL EM ONCOLOGIA
MICROCIRURGIA ENDO_NASAL,0416030238,RESSECÇÃO DE TUMOR DE RINOFARINGE EM ONCOLOGIA
MICROCIRURGIA ENDO_NASAL,0506020045,TRATAMENTO DE INTERCORRÊNCIA PÓS-TRANSPLANTE DE ÓRGÃOS / CÉLULAS-TRONCO HEMATOPOÉTICAS
MICROCIRURGIA ENDO_NASAL,0506020096,TRATAMENTO DE INTERCORRENCIA PÓS TRANSPLANTE DE FIGADO- PÓS TRANSPLANTE CRÍTICO
MICROCIRURGIA PARA HERNIA DE DISCO,0408030380,DISCECTOMIA CERVICAL / LOMBAR / LOMBO-SACRA POR VIA POSTERIOR (1 NÍVEL C/ MICROSCÓPIO)
MICROCIRURGIA PARA HERNIA DE DISCO,0408030399,DISCECTOMIA CERVICAL / LOMBAR / LOMBO-SACRA POR VIA POSTERIOR (UM NÍVEL)
MICROCIRURGIA PARA HERNIA DE DISCO,0408030402,DISCECTOMIA CERVICAL / LOMBAR / LOMBO-SACRA POR VIA POSTERIOR (DOIS NÍVEIS)
MICROCIRURGIA PARA HERNIA DE DISCO,0408030542,RESSECÇÃO DE ELEMENTO VERTEBRAL POSTERIOR / POSTERO-LATERAL DISTAIL A C2 (AT 2 SEGMENTOS)
MICROCIRURGIA PARA TUMOR INTRACRANIANO,0403030129,MICROCIRURGIA PARA TUMOR DA BASE DO CRANIO
MICROCIRURGIA PARA TUMOR INTRACRANIANO,0403030145,MICROCIRURGIA PARA TUMOR INTRACRANIANO
MICROCIRURGIA PARA TUMOR INTRACRANIANO,0403030153,MICROCIRURGIA PARA TUMOR INTRACRANIANO (COM TÉCNICA COMPLEMENTAR)
MICROCIRURGIA PARA TUMOR INTRACRANIANO,0415020077,PROCEDIMENTOS SEQUENCIAIS EM NEUROCIRURGIA
MICROCIRURGIA PARA TUMOR MEDULAR,0403030099,MICROCIRURGIA DE TUMOR MEDULAR COM TECNICA COMPLEMENTAR
MICROCIRURGIA PARA TUMOR MEDULAR,0403030102,MICROCIRURGIA DE TUMOR MEDULAR
MICROCIRURGIA PARA TUMOR MEDULAR,0415020077,PROCEDIMENTOS SEQUENCIAIS EM NEUROCIRURGIA
MICROCIRURGIA VASCULAR INTRACRANIANA,0403030030,CRANIOTOMIA PARA RETIRADA DE TUMOR CEREBRAL INCLUSIVO DA FOSSA POSTERIOR
MICROCIRURGIA VASCULAR INTRACRANIANA,0403040019,ANASTOMOSE VASCULAR EXTRA / INTRACRANIANA
MICROCIRURGIA VASCULAR INTRACRANIANA,0403040078,MICROCIRURGIA VASCULAR INTRACRANIANA (COM TÉCNICA COMPLEMENTAR)
MICROCIRURGIA VASCULAR INTRACRANIANA,0415020034,OUTROS PROCEDIMENTOS COM CIRURGIAS SEQUENCIAIS
MICROCIRURGIA VASCULAR INTRACRANIANA,0415020077,PROCEDIMENTOS SEQUENCIAIS EM NEUROCIRURGIA
MIELOTOMIA,0415020077,PROCEDIMENTOS SEQUENCIAIS EM NEUROCIRURGIA
MIOMECTOMIA,0409060194,MIOMECTOMIA
MIOMECTOMIA,0415010012,TRATAMENTO C/ CIRURGIAS MULTIPLAS
MIOMECTOMIA,0415020034,OUTROS PROCEDIMENTOS COM CIRURGIAS SEQUENCIAIS
MIOMECTOMIA VIDEOLAPAROSCOPICA,0409060208,MIOMECTOMIA VIDEOLAPAROSCOPICA
MIOMECTOMIA VIDEOLAPAROSCOPICA,0415020034,OUTROS PROCEDIMENTOS COM CIRURGIAS SEQUENCIAIS
NEFRECTOMIA,0409010219,NEFRECTOMIA TOTAL
NEFRECTOMIA,0415020034,OUTROS PROCEDIMENTOS COM CIRURGIAS SEQUENCIAIS
NEFRECTOMIA,0415020050,PROCEDIMENTOS SEQUENCIAIS EM ONCOLOGIA
NEFRECTOMIA,0416010075,NEFRECTOMIA TOTAL EM ONCOLOGIA
NEFRECTOMIA,0505020092,TRANSPLANTE DE RIM (ORGAO DE DOADOR FALECIDO)
NEFRECTOMIA,0506020045,TRATAMENTO DE INTERCORRÊNCIA PÓS-TRANSPLANTE DE ÓRGÃOS / CÉLULAS-TRONCO HEMATOPOÉTICAS
NEFRECTOMIA PARCIAL,0416010210,NEFRECTOMIA PARCIAL EM ONCOLOGIA
NEFRECTOMIA PARCIAL,0503020028,NEFROURETERECTOMIA UNILATERAL P/ TRANSPLANTE
NEFRECTOMIA PARCIAL VIDEOLAPAROSCÓPICA,0409010200,NEFRECTOMIA PARCIAL
NEFRECTOMIA PARCIAL VIDEOLAPAROSCÓPICA,0416010075,NEFRECTOMIA TOTAL EM ONCOLOGIA
NEFRECTOMIA PARCIAL VIDEOLAPAROSCÓPICA,0416010210,NEFRECTOMIA PARCIAL EM ONCOLOGIA
NEFRECTOMIA RADICAL,0409010200,NEFRECTOMIA PARCIAL
NEFRECTOMIA RADICAL,0409010219,NEFRECTOMIA TOTAL
NEFRECTOMIA RADICAL,0415020050,PROCEDIMENTOS SEQUENCIAIS EM ONCOLOGIA
NEFRECTOMIA RADICAL,0416010075,NEFRECTOMIA TOTAL EM ONCOLOGIA
NEFRECTOMIA RADICAL,0416040225,METASTASECTOMIA HEPÁTICA EM ONCOLOGIA
NEFRECTOMIA VIDEOLAPAROSCOPICA,0409010200,NEFRECTOMIA PARCIAL
NEFRECTOMIA VIDEOLAPAROSCOPICA,0409010219,NEFRECTOMIA TOTAL
NEFRECTOMIA VIDEOLAPAROSCOPICA,0409010308,NEFROURETERECTOMIA TOTAL
NEFRECTOMIA VIDEOLAPAROSCOPICA,0415010012,TRATAMENTO C/ CIRURGIAS MULTIPLAS
NEFRECTOMIA VIDEOLAPAROSCOPICA,0415020034,OUTROS PROCEDIMENTOS COM CIRURGIAS SEQUENCIAIS
NEFRECTOMIA VIDEOLAPAROSCOPICA,0415020050,PROCEDIMENTOS SEQUENCIAIS EM ONCOLOGIA
NEFRECTOMIA VIDEOLAPAROSCOPICA,0416010075,NEFRECTOMIA TOTAL EM ONCOLOGIA
NEFRECTOMIA VIDEOLAPAROSCOPICA,0416010091,NEFROURETERECTOMIA TOTAL EM ONCOLOGIA
NEFRECTOMIA VIDEOLAPAROSCOPICA,0416010210,NEFRECTOMIA PARCIAL EM ONCOLOGIA
NEFRECTOMIA VIDEOLAPAROSCOPICA,0503020028,NEFROURETERECTOMIA UNILATERAL P/ TRANSPLANTE
NEFRECTOMIA VIDEOLAPAROSCOPICA,0506020045,TRATAMENTO DE INTERCORRÊNCIA PÓS-TRANSPLANTE DE ÓRGÃOS / CÉLULAS-TRONCO HEMATOPOÉTICAS
NEFROLITOTOMIA,0409010227,NEFROLITOTOMIA
NEFROLITOTOMIA,0415020034,OUTROS PROCEDIMENTOS COM CIRURGIAS SEQUENCIAIS
NEFROLITOTRIPSIA,0415020034,OUTROS PROCEDIMENTOS COM CIRURGIAS SEQUENCIAIS
NEFROLITOTRIPSIA PERCUTÂNEA UNILATERAL A LASER,0415020034,OUTROS PROCEDIMENTOS COM CIRURGIAS SEQUENCIAIS
NEFROSTOMIA,0303010037,TRATAMENTO DE OUTRAS DOENÇAS BACTERIANAS
NEFROSTOMIA,0409010170,INSTALAÇÃO ENDOSCÓPICA DE CATETER DUPLO J
NEFROSTOMIA,0409010286,NEFROSTOMIA COM OU SEM DRENAGEM
NEFROSTOMIA,0409010294,NEFROSTOMIA PERCUTÂNEA
NEFROSTOMIA,0415020034,OUTROS PROCEDIMENTOS COM CIRURGIAS SEQUENCIAIS
NEFROSTOMIA,0416010113,ORQUIECTOMIA UNILATERAL EM ONCOLOGIA
NEFROSTOMIA,0416010172,RESSECÇÃO ENDOSCÓPICA DE TUMOR VESICAL EM ONCOLOGIA
NEFROSTOMIA,0506020045,TRATAMENTO DE INTERCORRÊNCIA PÓS-TRANSPLANTE DE ÓRGÃOS / CÉLULAS-TRONCO HEMATOPOÉTICAS
NEFROSTOMIA BILATERAL,0409010170,INSTALAÇÃO ENDOSCÓPICA DE CATETER DUPLO J
NEFROSTOMIA BILATERAL,0409010286,NEFROSTOMIA COM OU SEM DRENAGEM
NEFROSTOMIA BILATERAL,0409010294,NEFROSTOMIA PERCUTÂNEA
NEFROSTOMIA BILATERAL,0415020034,OUTROS PROCEDIMENTOS COM CIRURGIAS SEQUENCIAIS
NEFROSTOMIA PERCUTANEA,0409010170,INSTALAÇÃO ENDOSCÓPICA DE CATETER DUPLO J
NEFROSTOMIA PERCUTANEA,0409010286,NEFROSTOMIA COM OU SEM DRENAGEM
NEFROSTOMIA PERCUTANEA,0409010294,NEFROSTOMIA PERCUTÂNEA
NEFROSTOMIA PERCUTANEA,0409010570,URETEROPLASTIA
NEFROSTOMIA PERCUTANEA,0415020034,OUTROS PROCEDIMENTOS COM CIRURGIAS SEQUENCIAIS
NEFROSTOMIA PERCUTANEA,0506020045,TRATAMENTO DE INTERCORRÊNCIA PÓS-TRANSPLANTE DE ÓRGÃOS / CÉLULAS-TRONCO HEMATOPOÉTICAS
NEFROURETECTOMIA UNI PARA TRANSPLANTE,0506020045,TRATAMENTO DE INTERCORRÊNCIA PÓS-TRANSPLANTE DE ÓRGÃOS / CÉLULAS-TRONCO HEMATOPOÉTICAS
NEFROURETERECTOMIA,0416010091,NEFROURETERECTOMIA TOTAL EM ONCOLOGIA
NEFROURETERECTOMIA VIDEOLAPAROSCOPICA,0415020050,PROCEDIMENTOS SEQUENCIAIS EM ONCOLOGIA
NEFROURETERECTOMIA VIDEOLAPAROSCOPICA,0506020045,TRATAMENTO DE INTERCORRÊNCIA PÓS-TRANSPLANTE DE ÓRGÃOS / CÉLULAS-TRONCO HEMATOPOÉTICAS
NEUROLISE,0403020077,NEUROLISE NAO FUNCIONAL DE NERVOS PERIFERICOS
NEUROLISE,0403020107,TRANSPOSICAO DO NERVO CUBITAL
NEUROLISE,0403020115,TRATAMENTO CIRÚRGICO DE NEUROPATIA COMPRESSIVA COM OU SEM MICROCIRÚRGIA
NEUROLISE,0403020131,TRATAMENTO MICROCIRÚRGICO DE TUMOR DE NERVO PERIFÉRICO / NEUROMA
NEUROLISE,0408060549,TRANSPOSIÇÃO / TRANSFERÊNCIA MIOTENDINOSA ÚNICA
NEUROLISE,0415020034,OUTROS PROCEDIMENTOS COM CIRURGIAS SEQUENCIAIS
NEUROLISE,0415020069,PROCEDIMENTOS SEQUENCIAIS EM ORTOPEDIA
NEUROLISE PLEXOBRAQUIAL,0403020034,MICROCIRURGIA DE PLEXO BRAQUIAL COM EXPLORAÇÃO E NEUROLISE
NEUROLISE PLEXOBRAQUIAL,0403020115,TRATAMENTO CIRÚRGICO DE NEUROPATIA COMPRESSIVA COM OU SEM MICROCIRÚRGIA
NEUROLISE PLEXOBRAQUIAL,0408030771,TRATAMENTO CIRÚRGICO DESCOMPRESSIVO AO NÍVEL DO DESFILADEIRO TORACICO
NEUROTOMIAS DIFEREN.TRIGEMEO(BL.NERVOTRIGEMEO),0403020093,NEUROTOMIA SELETIVA DE TRIGEMEO E OUTROS NERVOS CRANIANOS
NEUROTOMIAS DIFEREN.TRIGEMEO(BL.NERVOTRIGEMEO),0403050090,RIZOTOMIA PERCUTANEA COM BALÃO
OCLUSAO PERCUTANEA ENDOVASCULAR DE ARTERIA OU VEIA,0406040273,OCLUSÃO PERCUTÂNEA ENDOVASCULAR DE ARTÉRIA / VEIA
OMENTECTOMIA PARCIAL,0415020050,PROCEDIMENTOS SEQUENCIAIS EM ONCOLOGIA
ONFALOCELE,0407040226,REPARACAO DE OUTRAS HERNIAS
ONFALOCELE,0415020034,OUTROS PROCEDIMENTOS COM CIRURGIAS SEQUENCIAIS
OOFORECTOMIA,0409060216,OOFORECTOMIA / OOFOROPLASTIA
OOFORECTOMIA,0409060232,SALPINGECTOMIA UNI / BILATERAL
OOFORECTOMIA,0415020034,OUTROS PROCEDIMENTOS COM CIRURGIAS SEQUENCIAIS
OOFORECTOMIA,0415020050,PROCEDIMENTOS SEQUENCIAIS EM ONCOLOGIA
OOFORECTOMIA,0416060021,ANEXECTOMIA UNI / BILATERAL EM ONCOLOGIA
OOFORECTOMIA,0416060129,LAPAROTOMIA PARA AVALIAÇÃO DE TUMOR DE OVÁRIO EM ONCOLOGIA
OOFORECTOMIA BILATERAL,0409060216,OOFORECTOMIA / OOFOROPLASTIA
OOFORECTOMIA BILATERAL,0415020034,OUTROS PROCEDIMENTOS COM CIRURGIAS SEQUENCIAIS
OOFORECTOMIA BILATERAL VIDEOLAPAROSCOPICA,0409060216,OOFORECTOMIA / OOFOROPLASTIA
OOFORECTOMIA BILATERAL VIDEOLAPAROSCOPICA,0415020034,OUTROS PROCEDIMENTOS COM CIRURGIAS SEQUENCIAIS
OOFORECTOMIA BILATERAL VIDEOLAPAROSCOPICA,0415020050,PROCEDIMENTOS SEQUENCIAIS EM ONCOLOGIA
OOFORECTOMIA BILATERAL VIDEOLAPAROSCOPICA,0416060021,ANEXECTOMIA UNI / BILATERAL EM ONCOLOGIA
OOFORECTOMIA VIDEOLAPAROSCOPICA,0407040170,LAPAROTOMIA VIDEOLAPAROSCÓPICA PARA DRENAGEM E/OU BIÓPSIA
OOFORECTOMIA VIDEOLAPAROSCOPICA,0409060216,OOFORECTOMIA / OOFOROPLASTIA
OOFORECTOMIA VIDEOLAPAROSCOPICA,0415010012,TRATAMENTO C/ CIRURGIAS MULTIPLAS
OOFORECTOMIA VIDEOLAPAROSCOPICA,0415020034,OUTROS PROCEDIMENTOS COM CIRURGIAS SEQUENCIAIS
OOFORECTOMIA VIDEOLAPAROSCOPICA,0416060013,AMPUTACAO CONICA DO COLO DO UTERO EM ONCOLOGIA
OOFORECTOMIA VIDEOLAPAROSCOPICA,0416060129,LAPAROTOMIA PARA AVALIAÇÃO DE TUMOR DE OVÁRIO EM ONCOLOGIA
OPERACAO DE BURCH,0409070203,OPERACAO DE BURCH
ORBITOTOMIA,0405040059,DESCOMPRESSÃO DE ORBITA
ORBITOTOMIA,0405040148,ORBITOTOMIA
ORBITOTOMIA,0415020034,OUTROS PROCEDIMENTOS COM CIRURGIAS SEQUENCIAIS
ORBITOTOMIA,0416080030,EXCISÃO E SUTURA DE LESÃO NA PELE COM PLASTICA EM Z OU ROTAÇÃO DE RETALHO EM ONCOLOGIA
ORQUIDOPEXIA,0409040126,ORQUIDOPEXIA BILATERAL
ORQUIDOPEXIA,0409040134,ORQUIDOPEXIA UNILATERAL
ORQUIDOPEXIA,0409040223,TRATAMENTO CIRÚRGICO DE TORÇÃO DO TESTÍCULO DO CORDÃO ESPERMÁTICO
ORQUIDOPEXIA,0415010012,TRATAMENTO C/ CIRURGIAS MULTIPLAS
ORQUIDOPEXIA,0415020034,OUTROS PROCEDIMENTOS COM CIRURGIAS SEQUENCIAIS
ORQUIDOPEXIA VIDEOLAPAROSCOPICA,0409040134,ORQUIDOPEXIA UNILATERAL
ORQUIDOPEXIA VIDEOLAPAROSCOPICA,0415010012,TRATAMENTO C/ CIRURGIAS MULTIPLAS
ORQUIECTOMIA,0409040126,ORQUIDOPEXIA BILATERAL
ORQUIECTOMIA,0409040142,ORQUIECTOMIA SUBCAPSULAR BILATERAL
ORQUIECTOMIA,0409040169,ORQUIECTOMIA UNILATERAL
ORQUIECTOMIA,0415020034,OUTROS PROCEDIMENTOS COM CIRURGIAS SEQUENCIAIS
ORQUIECTOMIA,0416010113,ORQUIECTOMIA UNILATERAL EM ONCOLOGIA
ORQUIECTOMIA BILATERAL,0409040142,ORQUIECTOMIA SUBCAPSULAR BILATERAL
ORQUIECTOMIA BILATERAL,0415020034,OUTROS PROCEDIMENTOS COM CIRURGIAS SEQUENCIAIS
ORQUIECTOMIA BILATERAL,0416010113,ORQUIECTOMIA UNILATERAL EM ONCOLOGIA
ORQUIECTOMIA BILATERAL,0506020045,TRATAMENTO DE INTERCORRÊNCIA PÓS-TRANSPLANTE DE ÓRGÃOS / CÉLULAS-TRONCO HEMATOPOÉTICAS
ORTOFALOPLASTIA,0409050075,PLASTICA TOTAL DO PENIS
ORTOFALOPLASTIA,0415020034,OUTROS PROCEDIMENTOS COM CIRURGIAS SEQUENCIAIS
OSTEOSSINTESE CLAVICULA,0408010150,TRATAMENTO CIRÚRGICO DE FRATURA DA CLAVÍCULA
OSTEOSSINTESE DE COTOVELO,0408020369,TRATAMENTO CIRÚRGICO DE FRATURA / LESÃO FISARIA DO CÔNDILO / TRÓCLEA/APOFISE CORONÓIDE DO ULNA / CABEÇA DO RÁDIO
OSTEOSSINTESE DE COTOVELO,0408020415,TRATAMENTO CIRÚRGICO DE FRATURA DE EXTREMIDADES / METÁFISE PROXIMAL DOS OSSOS DO ANTEBRAÇO
OSTEOSSINTESE DE COTOVELO,0408020431,TRATAMENTO CIRÚRGICO DE FRATURA DIAFISARIA ÚNICA DO RÁDIO / DA ULNA
OSTEOSSINTESE DE COTOVELO,0408020547,TRATAMENTO CIRÚRGICO DE LUXAÇÃO OU FRATURA-LUXAÇÃO DO COTOVELO
OSTEOSSINTESE DE FEMUR,0408040017,ARTRODESE COXOFEMORAL
OSTEOSSINTESE DE FEMUR,0408040050,ARTROPLASTIA PARCIAL DE QUADRIL
OSTEOSSINTESE DE FEMUR,0408040289,TRATAMENTO CIRÚRGICO DE FRATURA / LUXAÇÃO COXOFEMORAL C/ FRATURA DA EPÍFISE FEMORAL
OSTEOSSINTESE DE FEMUR,0408050489,TRATAMENTO CIRURGICO DE FRATURA / LESAO FISARIA PROXIMAL (COLO) DO FEMUR (SINTESE)
OSTEOSSINTESE DE FEMUR,0408050519,TRATAMENTO CIRÚRGICO DE FRATURA DA DIÁFISE DO FÊMUR
OSTEOSSINTESE DE FEMUR,0408050586,TRATAMENTO CIRÚRGICO DE FRATURA INTERCONDILEANA / DOS CÔNDILOS DO FÊMUR
OSTEOSSINTESE DE FEMUR,0408050616,TRATAMENTO CIRÚRGICO DE FRATURA SUBTROCANTERIANA
OSTEOSSINTESE DE FEMUR,0408050624,TRATAMENTO CIRÚRGICO DE FRATURA SUPRACONDILEANA DO FÊMUR (METÁFISE DISTAL)
OSTEOSSINTESE DE FEMUR,0408050632,TRATAMENTO CIRÚRGICO DE FRATURA TRANSTROCANTERIANA
OSTEOSSINTESE DE FEMUR,0408050802,TRATAMENTO CIRÚRGICO DE PSEUDARTROSE / RETARDO DE CONSOLIDAÇÃO / PERDA ÓSSEA DA REGIÃO TROCANTERIANA
OSTEOSSINTESE DE FEMUR,0408060590,TRATAMENTO CIRÚRGICO DE FRATURA VICIOSAMENTE CONSOLIDADA DOS OSSOS LONGOS EXCETO DA MÃO E DO PÉ
OSTEOSSINTESE DE FEMUR,0416090109,RESSECÇÃO DE TUMOR ÓSSEO COM SUBSTITUIÇÃO (ENDOPRÓTESE) OU COM RECONSTRUÇÃO E FIXAÇÃO EM ONCOLOGIA
OSTEOSSINTESE DE PATELA,0408050136,RECONSTRUÇÃODE TENDAO PATELAR / TENDAO QUADRICIPITAL
OSTEOSSINTESE DE PATELA,0408050527,TRATAMENTO CIRÚRGICO DE FRATURA DA PATELA POR FIXAÇÃO INTERNA
OSTEOSSINTESE DE PATELA,0408050683,TRATAMENTO CIRÚRGICO DE LUXAÇÃO / FRATURA-LUXAÇÃO AO NÍVEL DO JOELHO
OSTEOSSINTESE DE RADIO,0408020407,TRATAMENTO CIRÚRGICO DE FRATURA DA EXTREMIDADE / METÁFISE DISTAL DOS OSSOS DO ANTEBRAÇO
OSTEOSSINTESE DE RADIO,0408020423,TRATAMENTO CIRÚRGICO DE FRATURA DIAFISARIA DE AMBOS OS OSSOS DO ANTEBRAÇO (C/ SINTESE)
OSTEOSSINTESE DE RADIO,0408020431,TRATAMENTO CIRÚRGICO DE FRATURA DIAFISARIA ÚNICA DO RÁDIO / DA ULNA
OSTEOSSINTESE DE RADIO,0408020504,TRATAMENTO CIRÚRGICO DE LESÃO EVOLUTIVA FISARIA NO MEMBRO SUPERIOR
OSTEOSSINTESE DE RADIO,0506020045,TRATAMENTO DE INTERCORRÊNCIA PÓS-TRANSPLANTE DE ÓRGÃOS / CÉLULAS-TRONCO HEMATOPOÉTICAS
OSTEOSSINTESE DE TIBIA,0408050500,TRATAMENTO CIRÚRGICO DE FRATURA DA DIÁFISE DA TÍBIA
OSTEOSSINTESE DE TIBIA,0408050543,TRATAMENTO CIRÚRGICO DE FRATURA DO PILÃO TIBIAL
OSTEOSSINTESE DE TIBIA,0408050551,TRATAMENTO CIRÚRGICO DE FRATURA DO PLANALTO TIBIAL
OSTEOSSINTESE DE TIBIA,0408050683,TRATAMENTO CIRÚRGICO DE LUXAÇÃO / FRATURA-LUXAÇÃO AO NÍVEL DO JOELHO
OSTEOSSINTESE DE TORNOZELO,0408050497,TRATAMENTO CIRÚRGICO DE FRATURA BIMALEOLAR / TRIMALEOLAR / DA FRATURA-LUXAÇÃO DO TORNOZELO
OSTEOSSINTESE DE TORNOZELO,0408050535,TRATAMENTO CIRÚRGICO DE FRATURA DO CALCÂNEO
OSTEOSSINTESE DE TORNOZELO,0408050543,TRATAMENTO CIRÚRGICO DE FRATURA DO PILÃO TIBIAL
OSTEOSSINTESE DE TORNOZELO,0408050578,TRATAMENTO CIRÚRGICO DE FRATURA DO TORNOZELO UNIMALEOLAR
OSTEOSSINTESE DE TORNOZELO,0408050861,TRATAMENTO CIRÚRGICO DE PSEUDARTROSE / RETARDO DE CONSOLIDAÇÃO / PERDA ÓSSEA DA DIÁFISE TIBIAL
OSTEOSSINTESE DE TORNOZELO,0408050926,TRATAMENTO DAS LESÕES OSTEO-CONDRAIS POR FIXAÇÃO OU MOSAICOPLASTIA JOELHO/TORNOZELO
OSTEOSSINTESE DE TORNOZELO,0408060590,TRATAMENTO CIRÚRGICO DE FRATURA VICIOSAMENTE CONSOLIDADA DOS OSSOS LONGOS EXCETO DA MÃO E DO PÉ
OSTEOSSINTESE DE TORNOZELO,0415020069,PROCEDIMENTOS SEQUENCIAIS EM ORTOPEDIA
OSTEOSSINTESE DO PE,0408050454,TRATAMENTO CIRURGICO DE FRATURA / LESAO FISARIA DE OSSOS DO MEDIO-PE
OSTEOSSINTESE DO PE,0408050535,TRATAMENTO CIRÚRGICO DE FRATURA DO CALCÂNEO
OSTEOSSINTESE DO UMERO,0408010193,TRATAMENTO CIRÙRGICO DE LUXAÇÁO / FRATURA-LUXAÇÃO ESCÁPULO-UMERAL AGUDA
OSTEOSSINTESE DO UMERO,0408020334,TRATAMENTO CIRÚRGICO DE FRATURA / LESÃO FISARIA DA EXTREMIDADE PROXIMAL DO UMERO
OSTEOSSINTESE DO UMERO,0408020393,TRATAMENTO CIRÚGICO DE FRATURA DA DIÁFISE DO ÚMERO
OSTEOSSINTESE DO UMERO,0408050136,RECONSTRUÇÃODE TENDAO PATELAR / TENDAO QUADRICIPITAL
OSTEOSSINTESE DO UMERO,0408060379,RETIRADA DE PLACA E/OU PARAFUSOS
OSTEOSSINTESE DO UMERO,0408060590,TRATAMENTO CIRÚRGICO DE FRATURA VICIOSAMENTE CONSOLIDADA DOS OSSOS LONGOS EXCETO DA MÃO E DO PÉ
OSTEOSSINTESE DO UMERO,0416090109,RESSECÇÃO DE TUMOR ÓSSEO COM SUBSTITUIÇÃO (ENDOPRÓTESE) OU COM RECONSTRUÇÃO E FIXAÇÃO EM ONCOLOGIA
OSTEOSSINTESE OLECRANO,0408020369,TRATAMENTO CIRÚRGICO DE FRATURA / LESÃO FISARIA DO CÔNDILO / TRÓCLEA/APOFISE CORONÓIDE DO ULNA / CABEÇA DO RÁDIO
OSTEOSSINTESE OLECRANO,0408020415,TRATAMENTO CIRÚRGICO DE FRATURA DE EXTREMIDADES / METÁFISE PROXIMAL DOS OSSOS DO ANTEBRAÇO
OSTEOSSINTESE OLECRANO,0408020547,TRATAMENTO CIRÚRGICO DE LUXAÇÃO OU FRATURA-LUXAÇÃO DO COTOVELO
OSTEOSSINTESE OLECRANO,0415030013,TRATAMENTO CIRURGICO EM POLITRAUMATIZADO
OSTEOSSINTESE OLECRANO,0506020045,TRATAMENTO DE INTERCORRÊNCIA PÓS-TRANSPLANTE DE ÓRGÃOS / CÉLULAS-TRONCO HEMATOPOÉTICAS
OSTEOTOMIA ALVEOLAR MANDIBULA,0303170140,TRATAMENTO CLÍNICO PARA CONTENÇÃO DE COMPORTAMENTO DESORGANIZADO E/OU DISRUPTIVO
OSTEOTOMIA ALVEOLAR MANDIBULA,0404020461,OSTEOTOMIA DA MANDIBULA
OSTEOTOMIA ALVEOLAR MAXILA,0404020453,OSTEOTOMIA DA MAXILA
OSTEOTOMIA ALVEOLAR MAXILA,0404020461,OSTEOTOMIA DA MANDIBULA
OSTEOTOMIA ALVEOLAR MAXILA,0415020034,OUTROS PROCEDIMENTOS COM CIRURGIAS SEQUENCIAIS
OSTEOTOMIA AO NIVEL DA PELVE,0408040157,OSTEOTOMIA DA PELVE
OSTEOTOMIA AO NIVEL DA PELVE,0408040165,RECONSTRUÇÃO OSTEOPLASTICA DO QUADRIL
OSTEOTOMIA AO NIVEL DA PELVE,0408060190,OSTEOTOMIA DE OSSOS LONGOS EXCETO DA MÃO E DO PÉ
OSTEOTOMIA AO NIVEL DA PELVE,0415020069,PROCEDIMENTOS SEQUENCIAIS EM ORTOPEDIA
OSTEOTOMIA DE MANDIBULA,0404020453,OSTEOTOMIA DA MAXILA
OSTEOTOMIA DE MANDIBULA,0404020461,OSTEOTOMIA DA MANDIBULA
OSTEOTOMIA DE MANDIBULA,0404020798,OSTEOTOMIA DA MANDÍBULA PARA DISTRAÇÃO OSTEOGÊNICA MANDIBULAR
OSTEOTOMIA DE MANDIBULA,0404030050,OSTEOTOMIA DA MANDÍBULA EM PACIENTE COM ANOMALIA CRÂNIO E BUCOMAXILOFACIAL
OSTEOTOMIA DE MANDIBULA,0404030297,OSTEOTOMIA CRANIOFACIAL COMPLEXA EM PACIENTE COM ANOMALIA CRÂNIO E BUCOMAXILOFACIAL
OSTEOTOMIA DE MANDIBULA,0407030034,COLECISTECTOMIA VIDEOLAPAROSCÓPICA
OSTEOTOMIA DE MANDIBULA,0408060344,RETIRADA DE ESPAÇADORES / OUTROS MATERIAIS
OSTEOTOMIA DE MANDIBULA,0415010012,TRATAMENTO C/ CIRURGIAS MULTIPLAS
OSTEOTOMIA DE MANDIBULA,0415020034,OUTROS PROCEDIMENTOS COM CIRURGIAS SEQUENCIAIS
OSTEOTOMIA DE MANDIBULA,0506020045,TRATAMENTO DE INTERCORRÊNCIA PÓS-TRANSPLANTE DE ÓRGÃOS / CÉLULAS-TRONCO HEMATOPOÉTICAS
OSTEOTOMIA DE MAXILAR,0404020453,OSTEOTOMIA DA MAXILA
OSTEOTOMIA DE MAXILAR,0404020461,OSTEOTOMIA DA MANDIBULA
OSTEOTOMIA DE MAXILAR,0404020771,RESSECÇÃO DE LESÃO DA BOCA
OSTEOTOMIA DE MAXILAR,0404030254,TRATAMENTO CIRÚRGICO DE FÍSTULAS ORONASAIS EM PACIENTE COM ANOMALIA CRÂNIO E BUCOMAXILOFACIAL
OSTEOTOMIA DE MAXILAR,0404030262,PALATOPLASTIA SECUNDÁRIA EM PACIENTE COM ANOMALIA CRÂNIO E BUCOMAXILOFACIAL
OSTEOTOMIA DE MAXILAR,0404030297,OSTEOTOMIA CRANIOFACIAL COMPLEXA EM PACIENTE COM ANOMALIA CRÂNIO E BUCOMAXILOFACIAL
OSTEOTOMIA DE MAXILAR,0407030034,COLECISTECTOMIA VIDEOLAPAROSCÓPICA
OSTEOTOMIA DE MAXILAR,0408060379,RETIRADA DE PLACA E/OU PARAFUSOS
OSTEOTOMIA DE MAXILAR,0415020034,OUTROS PROCEDIMENTOS COM CIRURGIAS SEQUENCIAIS
OSTEOTOMIA DE OSSO(S) DO PE,0408050748,TRATAMENTO CIRÚRGICO DE PÉ PLANO VALGO
OSTEOTOMIA DE OSSO(S) DO PE,0408050764,TRATAMENTO CIRÚRGICO DE PÉ TORTO CONGÊNITO
OSTEOTOMIA DE OSSO(S) DO PE,0408060166,OSTECTOMIA DE OSSOS DA MÃO E/OU DO PÉ
OSTEOTOMIA DE OSSO(S) DO PE,0408060182,OSTEOTOMIA DE OSSOS DA MÃO E/OU DO PÉ
OSTEOTOMIA DE OSSO(S) DO PE,0415020069,PROCEDIMENTOS SEQUENCIAIS EM ORTOPEDIA
OSTEOTOMIA DE PERONEO,0408060190,OSTEOTOMIA DE OSSOS LONGOS EXCETO DA MÃO E DO PÉ
OSTEOTOMIA DE TIBIA COM OU SEM SINT OSSO,0408060174,OSTECTOMIA DE OSSOS LONGOS EXCETO DA MÃO E DO PÉ
OSTEOTOMIA DE TIBIA COM OU SEM SINT OSSO,0408060190,OSTEOTOMIA DE OSSOS LONGOS EXCETO DA MÃO E DO PÉ
OSTEOTOMIA DE TIBIA COM OU SEM SINT OSSO,0408060379,RETIRADA DE PLACA E/OU PARAFUSOS
OSTEOTOMIA DE ULMA,0408060190,OSTEOTOMIA DE OSSOS LONGOS EXCETO DA MÃO E DO PÉ
OSTEOTOMIA DO FEMUR,0408040092,ARTROPLASTIA TOTAL PRIMARIA DO QUADRIL NÃO CIMENTADA / HÍBRIDA
OSTEOTOMIA DO FEMUR,0408040327,TRATAMENTO CIRURGICO DE LUXACAO COXO-FEMORAL CONGENITA
OSTEOTOMIA DO FEMUR,0408050489,TRATAMENTO CIRURGICO DE FRATURA / LESAO FISARIA PROXIMAL (COLO) DO FEMUR (SINTESE)
OSTEOTOMIA DO FEMUR,0408060069,ARTROPLASTIA DE RESSECÇÃO DE MÉDIA / GRANDE ARTICULAÇÃO
OSTEOTOMIA DO FEMUR,0408060190,OSTEOTOMIA DE OSSOS LONGOS EXCETO DA MÃO E DO PÉ
OSTEOTOMIA DO FEMUR,0408060590,TRATAMENTO CIRÚRGICO DE FRATURA VICIOSAMENTE CONSOLIDADA DOS OSSOS LONGOS EXCETO DA MÃO E DO PÉ
OSTEOTOMIA DO FEMUR,0415020069,PROCEDIMENTOS SEQUENCIAIS EM ORTOPEDIA
OSTEOTOMIA DO UMERO,0416090109,RESSECÇÃO DE TUMOR ÓSSEO COM SUBSTITUIÇÃO (ENDOPRÓTESE) OU COM RECONSTRUÇÃO E FIXAÇÃO EM ONCOLOGIA
OSTEOTOMIA TOTAL DA MAXILA,0404020453,OSTEOTOMIA DA MAXILA
OTOPLASTIA BILATERAL,0413040232,TRATAMENTO CIRURGICO NAO ESTÉTICO DA ORELHA
OTOPLASTIA BILATERAL,0415010012,TRATAMENTO C/ CIRURGIAS MULTIPLAS
OTOPLASTIA UNILATERAL,0413040232,TRATAMENTO CIRURGICO NAO ESTÉTICO DA ORELHA
PALATO-LABIOPLASTIA(UNIL.2 ESTAGIO),0404030076,LABIOPLASTIA UNILATERAL EM DOIS TEMPOS
PALATOPLASTIA COM ENXERTO OSSEO,0404030084,ALVEOLOPLASTIA COM ENXERTO ÓSSEO EM PACIENTE COM ANOMALIA CRÂNIOFACIAL
PALATOPLASTIA COMPLETA,0404030076,LABIOPLASTIA UNILATERAL EM DOIS TEMPOS
PALATOPLASTIA COMPLETA,0404030262,PALATOPLASTIA SECUNDÁRIA EM PACIENTE COM ANOMALIA CRÂNIO E BUCOMAXILOFACIAL
PALATOPLASTIA COMPLETA,0415010012,TRATAMENTO C/ CIRURGIAS MULTIPLAS
PALATOPLASTIA COMPLETA,0415020034,OUTROS PROCEDIMENTOS COM CIRURGIAS SEQUENCIAIS
PALATOPLASTIA PARCIAL,0404020038,CORREÇÃO CIRÚRGICA DE FÍSTULA ORO-NASAL / ORO-SINUSAL
PALATOPLASTIA PARCIAL,0404030262,PALATOPLASTIA SECUNDÁRIA EM PACIENTE COM ANOMALIA CRÂNIO E BUCOMAXILOFACIAL
PAN-HISTERECTOMIA,0409060119,HISTERECTOMIA C/ ANEXECTOMIA (UNI / BILATERAL)
PAN-HISTERECTOMIA,0415020034,OUTROS PROCEDIMENTOS COM CIRURGIAS SEQUENCIAIS
PAN-HISTERECTOMIA,0415020050,PROCEDIMENTOS SEQUENCIAIS EM ONCOLOGIA
PAN-HISTERECTOMIA,0416040209,LAPAROTOMIA EXPLORADORA COM RESSECÇÃO COMPLETA OU INCOMPLETA DO TUMOR EM ONCOLOGIA
PAN-HISTERECTOMIA,0416060056,HISTERECTOMIA COM RESSECÇÃO DE ÓRGÃOS CONTÍGUOS EM ONCOLOGIA
PAN-HISTERECTOMIA,0416060064,HISTERECTOMIA TOTAL AMPLIADA EM ONCOLOGIA
PAN-HISTERECTOMIA,0416060110,HISTERECTOMIA COM OU SEM ANEXECTOMIA (UNI / BILATERAL) EM ONCOLOGIA
PAN-HISTERECTOMIA VIDEOLAPAROSCOPICA,0415020034,OUTROS PROCEDIMENTOS COM CIRURGIAS SEQUENCIAIS
PAN-HISTERECTOMIA VIDEOLAPAROSCOPICA,0416060137,HISTERECTOMIA VIDEOLAPAROSCÓPICA CO OU SEM ANEXECTOMIA (UNI/BILATERAL) EM ONCOLOGIA
PANCREATECTOMIA PARCIAL,0407030182,PANCREATECTOMIA PARCIAL
PANCREATECTOMIA PARCIAL,0415020050,PROCEDIMENTOS SEQUENCIAIS EM ONCOLOGIA
PANCREATECTOMIA PARCIAL,0416040330,LAPARATOMIA EXPLORADORA VIDEOLAPAROSCÓPICA EM ONCOLOGIA
PANCREATECTOMIA SUBTOTAL,0416040349,PANCREATECTOMIA PARCIAL VIDEOLAPAROSCÓPICA EM ONCOLOGIA
PANCREATECTOMIA TOTAL,0416040128,DUODENOPANCREATECTOMIA EM ONCOLOGIA
PANCREATECTOMIA VIDEOLAPAROSCÓPICA,0407030190,PANCREATECTOMIA VIDEOLAPAROSCOPICA
PANCREATECTOMIA VIDEOLAPAROSCÓPICA,0415020050,PROCEDIMENTOS SEQUENCIAIS EM ONCOLOGIA
PANCREATECTOMIA VIDEOLAPAROSCÓPICA,0416040349,PANCREATECTOMIA PARCIAL VIDEOLAPAROSCÓPICA EM ONCOLOGIA
PANCREATOTOMIA PARA DRENAGEM,0407030220,PANCREATOTOMIA PARA DRENAGEM
PARACENTESE,0303010037,TRATAMENTO DE OUTRAS DOENÇAS BACTERIANAS
PARACENTESE,0303070072,TRATAMENTO DE DOENCAS DO FIGADO
PARACENTESE,0304100013,TRATAMENTO DE INTERCORRÊNCIAS CLÍNICAS DE PACIENTE ONCOLÓGICO
PARACENTESE,0412040166,TORACOSTOMIA COM DRENAGEM PLEURAL FECHADA
PARACENTESE,0505020050,TRANSPLANTE DE FIGADO (ORGAO DE DOADOR FALECIDO)
PARACENTESE,0506020045,TRATAMENTO DE INTERCORRÊNCIA PÓS-TRANSPLANTE DE ÓRGÃOS / CÉLULAS-TRONCO HEMATOPOÉTICAS
PARACENTESE ABDOMINAL,0304100013,TRATAMENTO DE INTERCORRÊNCIAS CLÍNICAS DE PACIENTE ONCOLÓGICO
PARATIREOIDECTOMIA,0305010174,TRATAMENTO DE INTERCORRÊNCIA EM PACIENTE RENAL CRÔNICO SOB TRATAMENTO DIALÍTICO ( POR DIA)
PARATIREOIDECTOMIA,0402010027,PARATIREOIDECTOMIA
PARATIREOIDECTOMIA,0402010035,TIREOIDECTOMIA PARCIAL
PARATIREOIDECTOMIA,0415020034,OUTROS PROCEDIMENTOS COM CIRURGIAS SEQUENCIAIS
PARATIREOIDECTOMIA,0416030084,PARATIREOIDECTOMIA TOTAL EM ONCOLOGIA
PARATIREOIDECTOMIA,0506020045,TRATAMENTO DE INTERCORRÊNCIA PÓS-TRANSPLANTE DE ÓRGÃOS / CÉLULAS-TRONCO HEMATOPOÉTICAS
PAROTIDECTOMIA,0404010466,PAROTIDECTOMIA PARCIAL OU SUBTOTAL
PAROTIDECTOMIA,0415020050,PROCEDIMENTOS SEQUENCIAIS EM ONCOLOGIA
PAROTIDECTOMIA,0416030092,PAROTIDECTOMIA EM ONCOLOGIA
PAROTIDECTOMIA PARCIAL,0401020100,EXTIRPAÇÃOE SUPRESSÃO DE LESÃO DE PELE E DE TECIDO CELULAR SUBCUTÂNEO
PAROTIDECTOMIA PARCIAL,0404010466,PAROTIDECTOMIA PARCIAL OU SUBTOTAL
PAROTIDECTOMIA PARCIAL,0415020050,PROCEDIMENTOS SEQUENCIAIS EM ONCOLOGIA
PAROTIDECTOMIA PARCIAL,0416030041,RESSECÇÃO DE GLÂNDULA SUBMANDIBULAR EM ONCOLOGIA
PAROTIDECTOMIA PARCIAL,0416030092,PAROTIDECTOMIA EM ONCOLOGIA
PAROTIDECTOMIA TOTAL,0415020050,PROCEDIMENTOS SEQUENCIAIS EM ONCOLOGIA
PAROTIDECTOMIA TOTAL,0416030092,PAROTIDECTOMIA EM ONCOLOGIA
PARTO,0310010039,PARTO NORMAL
PARTO,0310010047,"PARTO NORMAL EM GESTACAO DE ALTO RISCO, PARTO NORMAL EM GESTAÇÃO DE ALTO RISCO"
PARTO,0411020013,CURETAGEM POS-ABORTAMENTO / PUERPERAL
PASSAGEM DE SONDA NASOENTERAL,0303010037,TRATAMENTO DE OUTRAS DOENÇAS BACTERIANAS
PASSAGEM DE SONDA NASOENTERAL,0303070064,TRATAMENTO DE DOENCAS DO ESOFAGO ESTOMAGO E DUODENO
PASSAGEM DE SONDA NASOENTERAL,0303070110,
PASSAGEM DE SONDA NASOENTERAL,0303140151,TRATAMENTO DE PNEUMONIAS OU INFLUENZA (GRIPE)
PASSAGEM DE SONDA NASOENTERAL,0304100013,TRATAMENTO DE INTERCORRÊNCIAS CLÍNICAS DE PACIENTE ONCOLÓGICO
PASSAGEM DE SONDA NASOENTERAL,0304100021,TRATAMENTO CLÍNICO DE PACIENTE ONCOLÓGICO
PASSAGEM DE SONDA NASOENTERAL,0407010165,
PASSAGEM DE SONDA NASOENTERAL,0407030255,COLANGIOPANCREATOGRAFIA RETRÓGRADA ENDOSCÓPICA TERAPÊUTICA
PASSAGEM DE SONDA NASOENTERAL,0409010294,NEFROSTOMIA PERCUTÂNEA
PASSAGEM DE SONDA NASOENTERAL,0416040314,GASTRECTOMIA VIDEOLAPAROSCÓPICA EM ONCOLOGIA
PASSAGEM DE SONDA NASOENTERAL,0506020045,TRATAMENTO DE INTERCORRÊNCIA PÓS-TRANSPLANTE DE ÓRGÃOS / CÉLULAS-TRONCO HEMATOPOÉTICAS
PASSAGEM DE SONDA NASOENTERAL,0506020096,TRATAMENTO DE INTERCORRENCIA PÓS TRANSPLANTE DE FIGADO- PÓS TRANSPLANTE CRÍTICO
PENECTOMIA PARCIAL,0415020050,PROCEDIMENTOS SEQUENCIAIS EM ONCOLOGIA
PENECTOMIA PARCIAL,0416010016,AMPUTAÇÃO DE PÊNIS EM ONCOLOGIA
PENECTOMIA TOTAL,0409050148,REDESIGNAÇÃO SEXUAL NO SEXO MASCULINO
PENECTOMIA TOTAL,0415020050,PROCEDIMENTOS SEQUENCIAIS EM ONCOLOGIA
PENECTOMIA TOTAL,0416010016,AMPUTAÇÃO DE PÊNIS EM ONCOLOGIA
PERICARDIECTOMIA,0406010757,PERICARDIECTOMIA
PERICARDIECTOMIA,0415020034,OUTROS PROCEDIMENTOS COM CIRURGIAS SEQUENCIAIS
PERICARDIOCENTESE,0406010773,PERICARDIOCENTESE
PERINEOPLASTIA,0409060020,COLPOPERINEOPLASTIA ANTERIOR E POSTERIOR C/ AMPUTACAO DE COLO
PERINEOPLASTIA,0409070050,COLPOPERINEOPLASTIA ANTERIOR E POSTERIOR
PERINEOPLASTIA,0409070068,COLPOPERINEOPLASTIA POSTERIOR
PERINEOPLASTIA,0409070084,COLPOPLASTIA ANTERIOR
PERINEOPLASTIA,0415020034,OUTROS PROCEDIMENTOS COM CIRURGIAS SEQUENCIAIS
PERINEOPLASTIA ANTERIOR E POSTERIOR,0409070050,COLPOPERINEOPLASTIA ANTERIOR E POSTERIOR
PERINEOPLASTIA ANTERIOR E POSTERIOR,0415020034,OUTROS PROCEDIMENTOS COM CIRURGIAS SEQUENCIAIS
PHMETRIA,0301160023,REABILITAÇÃO EM FALÊNCIA INTESTINAL EM NÍVEL HOSPITALAR
PHMETRIA,0303010037,TRATAMENTO DE OUTRAS DOENÇAS BACTERIANAS
PHMETRIA,0303030046,TRATAMENTO DE DISTURBIOS METABOLICOS
PHMETRIA,0303110104,TRATAMENTO DE OUTRAS MALFORMACOES CONGENITAS
PHMETRIA,0303140046,TRATAMENTO DAS DOENCAS CRONICAS DAS VIAS AEREAS INFERIORES
PHMETRIA,0303140143,TRATAMENTO DE OUTRAS INFECCOES AGUDAS DAS VIAS AEREAS INFERIORES
PHMETRIA,0303140151,TRATAMENTO DE PNEUMONIAS OU INFLUENZA (GRIPE)
PHMETRIA,0506020096,TRATAMENTO DE INTERCORRENCIA PÓS TRANSPLANTE DE FIGADO- PÓS TRANSPLANTE CRÍTICO
PIELOGRAFIA ASCENDENTE,0303010037,TRATAMENTO DE OUTRAS DOENÇAS BACTERIANAS
PIELOGRAFIA ASCENDENTE,0303150050,TRATAMENTO DE OUTRAS DOENCAS DO APARELHO URINARIO
PIELOGRAFIA ASCENDENTE,0409010170,INSTALAÇÃO ENDOSCÓPICA DE CATETER DUPLO J
PIELOGRAFIA ASCENDENTE,0409010294,NEFROSTOMIA PERCUTÂNEA
PIELOGRAFIA ASCENDENTE,0415020034,OUTROS PROCEDIMENTOS COM CIRURGIAS SEQUENCIAIS
PIELOGRAFIA ASCENDENTE,0506020045,TRATAMENTO DE INTERCORRÊNCIA PÓS-TRANSPLANTE DE ÓRGÃOS / CÉLULAS-TRONCO HEMATOPOÉTICAS
PIELOLITOTOMIA,0409010316,PIELOLITOTOMIA
PIELOLITOTOMIA,0415020034,OUTROS PROCEDIMENTOS COM CIRURGIAS SEQUENCIAIS
PIELOPLASTIA,0409010170,INSTALAÇÃO ENDOSCÓPICA DE CATETER DUPLO J
PIELOPLASTIA,0409010324,PIELOPLASTIA
PIELOPLASTIA,0415020034,OUTROS PROCEDIMENTOS COM CIRURGIAS SEQUENCIAIS
PIELOPLASTIA,0506020045,TRATAMENTO DE INTERCORRÊNCIA PÓS-TRANSPLANTE DE ÓRGÃOS / CÉLULAS-TRONCO HEMATOPOÉTICAS
PILOROPLASTIA,0407010238,PILOROPLASTIA
PILOROPLASTIA,0415020034,OUTROS PROCEDIMENTOS COM CIRURGIAS SEQUENCIAIS
PLASTICA DE BOLSA ESCROTAL,0409040177,PLÁSTICA DA BOLSAESCROTAL
PLASTICA DE BOLSA ESCROTAL,0415020034,OUTROS PROCEDIMENTOS COM CIRURGIAS SEQUENCIAIS
PLASTICA MAMARIA FEMININA NAO ESTETICA,0410010073,PLASTICA MAMÁRIA FEMININA NAO ESTETICA
PLASTICA MAMARIA FEMININA NAO ESTETICA,0410010200,PLÁSTICA MAMÁRIA RECONSTRUTIVA BILATERAL INCLUINDO PRÓTESE MAMÁRIA DE SILICONE BILATERAL NO PROCESSO TRANSEXUALIZADOR
PLASTICA MAMARIA FEMININA NAO ESTETICA,0410010219,RECONSTRUÇÃO MAMÁRIA PÓS-MASTECTOMIA TOTAL
PLASTICA MAMARIA FEMININA NAO ESTETICA,0413040089,MAMOPLASTIA PÓS-CIRURGIA BARIÁTRICA
PLASTICA MAMARIA FEMININA NAO ESTETICA,0415020050,PROCEDIMENTOS SEQUENCIAIS EM ONCOLOGIA
PLASTICA MAMARIA FEMININA NAO ESTETICA,0416080081,RECONSTRUÇÃO COM RETALHO MIOCUTÂNEO (QUALQUER PARTE) EM ONCOLOGIA
PLASTICA MAMARIA MASCULINA(GINECOMASTIA),0410010081,PLASTICA MAMÁRIA MASCULINA
PLASTICA MAMARIA MASCULINA(GINECOMASTIA),0410010197,MASTECTOMIA SIMPLES BILATERAL SOB PROCESSO TRANSEXUALIZADOR
PLEURODESE,0412030110,PLEURODESE
PLEURODESE,0415020050,PROCEDIMENTOS SEQUENCIAIS EM ONCOLOGIA
PLEUROSCOPIA COM BIOPSIA,0201010402,BIOPSIA DE PLEURA (POR ASPIRAÇÃO/AGULHA / PLEUROSCOPIA)
PLEUROSCOPIA COM BIOPSIA,0209040050,VIDEOTORACOSCOPIA
PLEUROSCOPIA COM BIOPSIA,0303010037,TRATAMENTO DE OUTRAS DOENÇAS BACTERIANAS
PLEUROSCOPIA COM BIOPSIA,0303140151,TRATAMENTO DE PNEUMONIAS OU INFLUENZA (GRIPE)
PLEUROSCOPIA COM BIOPSIA,0406010765,PERICARDIECTOMIA PARCIAL
PLEUROSCOPIA COM BIOPSIA,0406040176,CORREÇÃO ENDOVASCULAR DE ANEURISMA / DISSECÇÃO DA AORTA TORÁCICA COM ENDOPRÓTESE RETA OU CÔNICA
PLEUROSCOPIA COM BIOPSIA,0407040021,DRENAGEM DE ABSCESSO SUBFRÊNICO
PLEUROSCOPIA COM BIOPSIA,0412030012,DESCORTICAÇÃO PULMONAR
PLEUROSCOPIA COM BIOPSIA,0412030080,TRATAMENTO DE COÁGULO RETIDO INTRATORÁCICO (QUALQUER VIA)
PLEUROSCOPIA COM BIOPSIA,0412030110,PLEURODESE
PLEUROSCOPIA COM BIOPSIA,0412040166,TORACOSTOMIA COM DRENAGEM PLEURAL FECHADA
PLEUROSCOPIA COM BIOPSIA,0412040174,TORACOTOMIA EXPLORADORA
PLEUROSCOPIA COM BIOPSIA,0415020034,OUTROS PROCEDIMENTOS COM CIRURGIAS SEQUENCIAIS
PLEUROSCOPIA COM BIOPSIA,0415020050,PROCEDIMENTOS SEQUENCIAIS EM ONCOLOGIA
PLEUROSCOPIA COM BIOPSIA,0416110070,RESSECÇAO PULMONAR EM CUNHA EM ONCOLOGIA
PLEUROSCOPIA COM BIOPSIA,0506020070,TRATAMENTO DE INTERCORRÊNCIA PÓS TRANSPLANTE DE PULMÃO UNI/BILATERAL - PÓS TRANSPLANTE CRÍTICO
PLEUROSCOPIA COM BIOPSIA,0506020100,TRATAMENTO DE INTERCORRENCIA PÓS TRANSPLANTE ALOGÊNICO DE CÉLULAS-TRONCO HEMATOPOÉTICAS- PÓS TRANSPLANTE CRÍTICO
PLEUROSCOPIA COM PLEURODESE,0209040050,VIDEOTORACOSCOPIA
PLEUROSCOPIA COM PLEURODESE,0303140119,TRATAMENTO DE OUTRAS DOENCAS DA PLEURA
PLEUROSCOPIA COM PLEURODESE,0412030110,PLEURODESE
PLEUROSCOPIA COM PLEURODESE,0412040166,TORACOSTOMIA COM DRENAGEM PLEURAL FECHADA
PLEUROSCOPIA COM PLEURODESE,0412040174,TORACOTOMIA EXPLORADORA
PLEUROSCOPIA COM PLEURODESE,0415020034,OUTROS PROCEDIMENTOS COM CIRURGIAS SEQUENCIAIS
PLEUROSTOMIA,0412030098,PLEUROSTOMIA
PLEUROSTOMIA,0412030101,DRENAGEM TUBULAR PLEURAL ABERTA (PLEUROSTOMIA)
PLEUROSTOMIA,0412040166,TORACOSTOMIA COM DRENAGEM PLEURAL FECHADA
PLEUROSTOMIA,0415020034,OUTROS PROCEDIMENTOS COM CIRURGIAS SEQUENCIAIS
PLEUROTOMIA COM DRENAGEM FECHADA,0412040166,TORACOSTOMIA COM DRENAGEM PLEURAL FECHADA
PLICATURA DIAFRAGMATICA (EVENTRACAO),0407040048,HERNIOPLASTIA DIAFRAGMÁTICA (VIA ABDOMINAL)
PLICATURA DIAFRAGMATICA (EVENTRACAO),0407040056,HERNIOPLASTIA DIAFRAGMÁTICA (VIA TORÁCICA)
PNEUMONECTOMIA,0415020034,OUTROS PROCEDIMENTOS COM CIRURGIAS SEQUENCIAIS
POLIPECTOMIA,0303070110,TRATAMENTO DE OUTRAS DOENCAS DO INTESTINO
POLIPECTOMIA,0407040161,LAPAROTOMIA EXPLORADORA
POLIPECTOMIA NASAL,0404010415,TURBINECTOMIA
PORTO ENTEROSTOMIA,0407020187,ENTEROANASTOMOSE (QUALQUER SEGMENTO)
PORTO ENTEROSTOMIA,0407030018,ANASTOMOSE BILEO-DIGESTIVA
PORTO ENTEROSTOMIA,0415010012,TRATAMENTO C/ CIRURGIAS MULTIPLAS
POSTECTOMIA - CIRCUNCISAO,0409050083,POSTECTOMIA
POSTECTOMIA - CIRCUNCISAO,0415010012,TRATAMENTO C/ CIRURGIAS MULTIPLAS
POSTECTOMIA - CIRCUNCISAO,0415020034,OUTROS PROCEDIMENTOS COM CIRURGIAS SEQUENCIAIS
POSTOPLASTIA,0303010037,TRATAMENTO DE OUTRAS DOENÇAS BACTERIANAS
POSTOPLASTIA,0303150017,TRATAMENTO DE DOENCAS DOS ORGAOS GENITAIS MASCULINOS
POSTOPLASTIA,0305020048,TRATAMENTO DE INSUFICIÊNCIA RENAL AGUDA
POSTOPLASTIA,0409050083,POSTECTOMIA
PROCTOCOLECTOMIA,0415020034,OUTROS PROCEDIMENTOS COM CIRURGIAS SEQUENCIAIS
PROCTOPEXIA ABDOMINAL POR PROCEDENCIA RE,0407020349,PROCTOPEXIA ABDOMINAL POR PROCIDÊNCIA DO RETO
PROCTOPLASTIA E PROTORRAFIA POR VIA PERI,0407020357,PROCTOPLASTIA E PROCTORRAFIA POR VIA PERINEAL
PROMONTOFIXACAO,0407020349,PROCTOPEXIA ABDOMINAL POR PROCIDÊNCIA DO RETO
PROMONTOFIXACAO,0407040242,RESSUTURA DE PAREDE ABDOMINAL (POR DEISCENCIA TOTAL / EVISCERAÇÃO)
PROMONTOFIXACAO,0409070050,COLPOPERINEOPLASTIA ANTERIOR E POSTERIOR
PROMONTOFIXACAO,0415020034,OUTROS PROCEDIMENTOS COM CIRURGIAS SEQUENCIAIS
PROSTATAVESICULECTOMIA,0415020050,PROCEDIMENTOS SEQUENCIAIS EM ONCOLOGIA
PROSTATECTOMIA,0409030023,PROSTATECTOMIA SUPRAPÚBICA
PROSTATECTOMIA,0415020034,OUTROS PROCEDIMENTOS COM CIRURGIAS SEQUENCIAIS
PROSTATECTOMIA,0506020045,TRATAMENTO DE INTERCORRÊNCIA PÓS-TRANSPLANTE DE ÓRGÃOS / CÉLULAS-TRONCO HEMATOPOÉTICAS
PROSTATECTOMIA RADICAL,0304100021,TRATAMENTO CLÍNICO DE PACIENTE ONCOLÓGICO
PROSTATECTOMIA RADICAL,0409030023,PROSTATECTOMIA SUPRAPÚBICA
PROSTATECTOMIA RADICAL,0415020034,OUTROS PROCEDIMENTOS COM CIRURGIAS SEQUENCIAIS
PROSTATECTOMIA RADICAL,0415020050,PROCEDIMENTOS SEQUENCIAIS EM ONCOLOGIA
PROSTATECTOMIA RADICAL,0416010130,PROSTATOVESICULECTOMIA RADICAL EM ONCOLOGIA
PROSTATECTOMIA RADICAL VIDEOLAPAROSCÓPICA,0415020034,OUTROS PROCEDIMENTOS COM CIRURGIAS SEQUENCIAIS
PROSTATECTOMIA RADICAL VIDEOLAPAROSCÓPICA,0415020050,PROCEDIMENTOS SEQUENCIAIS EM ONCOLOGIA
PROSTATECTOMIA RADICAL VIDEOLAPAROSCÓPICA,0416010121,PROSTATECTOMIA EM ONCOLOGIA
PROSTATECTOMIA RADICAL VIDEOLAPAROSCÓPICA,0416010130,PROSTATOVESICULECTOMIA RADICAL EM ONCOLOGIA
PROTESE PARCIAL DO QUADRIL,0408040050,ARTROPLASTIA PARCIAL DE QUADRIL
PROTESE PARCIAL DO QUADRIL,0408040092,ARTROPLASTIA TOTAL PRIMARIA DO QUADRIL NÃO CIMENTADA / HÍBRIDA
PROTESE PARCIAL DO QUADRIL,0415020069,PROCEDIMENTOS SEQUENCIAIS EM ORTOPEDIA
PROTESE PARCIAL DO QUADRIL,0415040035,DEBRIDAMENTO DE ULCERA / DE TECIDOS DESVITALIZADOS
PUNCAO BIOPSIA DE COLUNA,0201010127,BIOPSIA DE CORPO VERTEBRAL A CEU ABERTO
PUNCAO BIOPSIA DE COLUNA,0304100021,TRATAMENTO CLÍNICO DE PACIENTE ONCOLÓGICO
PUNCAO BIOPSIA DE OSSOS,0201010321,BIOPSIA DE OSSO / CARTILAGEM DE MEMBRO INFERIOR (POR AGULHA / CEU ABERTO)
PUNCAO BIOPSIA DE OSSOS,0201010330,BIOPSIA DE OSSO / CARTILAGEM DE MEMBRO SUPERIOR (POR AGULHA / CEU ABERTO)
PUNCAO BIOPSIA DE OSSOS,0303010037,TRATAMENTO DE OUTRAS DOENÇAS BACTERIANAS
PUNCAO BIOPSIA DE OSSOS,0303180013,TRATAMENTO DE AFECÇÕES ASSOCIADAS AO HIV/AIDS
PUNCAO BIOPSIA DE OSSOS,0304100021,TRATAMENTO CLÍNICO DE PACIENTE ONCOLÓGICO
PUNCAO BIOPSIA DE OSSOS,0305020013,TRATAMENTO DA PIELONEFRITE
PUNCAO BIOPSIA RENAL,0303010037,TRATAMENTO DE OUTRAS DOENÇAS BACTERIANAS
PUNCAO BIOPSIA RENAL,0303020083,TRATAMENTO DE OUTRAS DOENÇAS DO SANGUE E DOS ÓRGÃOS HEMATOPOIÉTICOS
PUNCAO BIOPSIA RENAL,0303150025,TRATAMENTO DE DOENCAS GLOMERULARES
PUNCAO BIOPSIA RENAL,0305010174,TRATAMENTO DE INTERCORRÊNCIA EM PACIENTE RENAL CRÔNICO SOB TRATAMENTO DIALÍTICO ( POR DIA)
PUNCAO BIOPSIA RENAL,0305020048,TRATAMENTO DE INSUFICIÊNCIA RENAL AGUDA
PUNCAO BIOPSIA RENAL,0305020056,TRATAMENTO DA DOENÇA RENAL CRÔNICA - DRC
PUNCAO BIOPSIA RENAL,0406040303,TRATAMENTO DE HEMATURIA OU SANGRAMENTO GENITAL POR EMBOLIZAÇÃO (INCLUI ESTUDO ANGIOGRÁFICO E/OU ENDOSCÓPICO)
PUNCAO BIOPSIA RENAL,0415040035,DEBRIDAMENTO DE ULCERA / DE TECIDOS DESVITALIZADOS
PUNCAO LOMBAR,0303010037,TRATAMENTO DE OUTRAS DOENÇAS BACTERIANAS
PUNCAO LOMBAR,0303020083,TRATAMENTO DE OUTRAS DOENÇAS DO SANGUE E DOS ÓRGÃOS HEMATOPOIÉTICOS
PUNCAO LOMBAR,0304080039,INTERNAÇÃO P/ QUIMIOTERAPIA DE LEUCEMIAS AGUDAS / CRÔNICAS AGUDIZADAS
PUNCAO LOMBAR,0304100013,TRATAMENTO DE INTERCORRÊNCIAS CLÍNICAS DE PACIENTE ONCOLÓGICO
PUNCAO LOMBAR,0304100021,TRATAMENTO CLÍNICO DE PACIENTE ONCOLÓGICO
PUNCAO LOMBAR,0310010047,PARTO NORMAL EM GESTACAO DE ALTO RISCO
PUNCAO LOMBAR,0403030021,CRANIOTOMIA PARA BIOPSIA ENCEFALICA (COM TÉCNICA COMPLEMENTAR)
PUNCAO LOMBAR,0406040273,OCLUSÃO PERCUTÂNEA ENDOVASCULAR DE ARTÉRIA / VEIA
PUNCAO LOMBAR,0412040166,TORACOSTOMIA COM DRENAGEM PLEURAL FECHADA
PUNCAO LOMBAR,0506020100,TRATAMENTO DE INTERCORRENCIA PÓS TRANSPLANTE ALOGÊNICO DE CÉLULAS-TRONCO HEMATOPOÉTICAS- PÓS TRANSPLANTE CRÍTICO
PUNCAO LOMBAR (INTRA-TECAL),0303010037,TRATAMENTO DE OUTRAS DOENÇAS BACTERIANAS
PUNCAO LOMBAR (INTRA-TECAL),0304080039,INTERNAÇÃO P/ QUIMIOTERAPIA DE LEUCEMIAS AGUDAS / CRÔNICAS AGUDIZADAS
PUNCAO LOMBAR (INTRA-TECAL),0304100021,TRATAMENTO CLÍNICO DE PACIENTE ONCOLÓGICO
PUNCAO LOMBAR (INTRA-TECAL),0406020078,IMPLANTAÇÃO DE CATETER DE LONGA PERMANÊNCIA SEMI OU TOTALMENTE IMPLANTAVEL (PROCEDIMENTO PRINCIPAL)
PUNCAO LOMBAR (INTRA-TECAL),0412040166,TORACOSTOMIA COM DRENAGEM PLEURAL FECHADA
PUNCAO LOMBAR (INTRA-TECAL),0506020010,INTERCORRENCIA POS TRANSPLANTE ALOGÊNICO DE CELULAS-TRONCO HEMATOPOÉTICAS - NAO APARENTADO (HOSPITAL DIA)
PUNCAO LOMBAR (INTRA-TECAL),0506020037,TRATAMENTO DE INTERCORRENCIA POS-TRANSPLANTE ALOGENICO DE CELULAS-TRONCO HEMATOPOETICAS DE APARENTADO (HOSPITAL DIA)
PUNCAO LOMBAR (INTRA-TECAL),0506020045,TRATAMENTO DE INTERCORRÊNCIA PÓS-TRANSPLANTE DE ÓRGÃOS / CÉLULAS-TRONCO HEMATOPOÉTICAS
PUNCAO LOMBAR (INTRA-TECAL),0506020096,TRATAMENTO DE INTERCORRENCIA PÓS TRANSPLANTE DE FIGADO- PÓS TRANSPLANTE CRÍTICO
PUNCAO ORIENTADA COM ECOGRAFIA,0301160023,REABILITAÇÃO EM FALÊNCIA INTESTINAL EM NÍVEL HOSPITALAR
PUNCAO ORIENTADA COM ECOGRAFIA,0303010037,TRATAMENTO DE OUTRAS DOENÇAS BACTERIANAS
PUNCAO ORIENTADA COM ECOGRAFIA,0303070072,TRATAMENTO DE DOENCAS DO FIGADO
PUNCAO ORIENTADA COM ECOGRAFIA,0303070110,TRATAMENTO DE OUTRAS DOENCAS DO INTESTINO
PUNCAO ORIENTADA COM ECOGRAFIA,0303110040,TRATAMENTO DE MALFORMACOES CONGENITAS DO APARELHO CIRCULATORIO
PUNCAO ORIENTADA COM ECOGRAFIA,0303140046,TRATAMENTO DAS DOENCAS CRONICAS DAS VIAS AEREAS INFERIORES
PUNCAO ORIENTADA COM ECOGRAFIA,0304100013,TRATAMENTO DE INTERCORRÊNCIAS CLÍNICAS DE PACIENTE ONCOLÓGICO
PUNCAO ORIENTADA COM ECOGRAFIA,0304100021,TRATAMENTO CLÍNICO DE PACIENTE ONCOLÓGICO
PUNCAO ORIENTADA COM ECOGRAFIA,0305010174,TRATAMENTO DE INTERCORRÊNCIA EM PACIENTE RENAL CRÔNICO SOB TRATAMENTO DIALÍTICO ( POR DIA)
PUNCAO ORIENTADA COM ECOGRAFIA,0406020078,IMPLANTAÇÃO DE CATETER DE LONGA PERMANÊNCIA SEMI OU TOTALMENTE IMPLANTAVEL (PROCEDIMENTO PRINCIPAL)
PUNCAO ORIENTADA COM ECOGRAFIA,0406040206,EMBOLIZAÇÃO DE MALFORMAÇÃO VASCULAR ARTÉRIO-VENOSA (INCLUI ESTUDO ANGIOGRÁFICO)
PUNCAO ORIENTADA COM ECOGRAFIA,0406040214,EMBOLIZAÇÃO DE MALFORMAÇÃO VASCULAR POR PUNÇÃO DIRETA (INCLUI DROGAS EMBOLIZANTES)
PUNCAO ORIENTADA COM ECOGRAFIA,0407040021,DRENAGEM DE ABSCESSO SUBFRÊNICO
PUNCAO ORIENTADA COM ECOGRAFIA,0409010170,INSTALAÇÃO ENDOSCÓPICA DE CATETER DUPLO J
PUNCAO ORIENTADA COM ECOGRAFIA,0409010219,NEFRECTOMIA TOTAL
PUNCAO ORIENTADA COM ECOGRAFIA,0409010286,NEFROSTOMIA COM OU SEM DRENAGEM
PUNCAO ORIENTADA COM ECOGRAFIA,0409010294,NEFROSTOMIA PERCUTÂNEA
PUNCAO ORIENTADA COM ECOGRAFIA,0409030040,RESSECÇÃO ENDOSCÓPICA DE PRÓSTATA
PUNCAO ORIENTADA COM ECOGRAFIA,0415020034,OUTROS PROCEDIMENTOS COM CIRURGIAS SEQUENCIAIS
PUNCAO ORIENTADA COM ECOGRAFIA,0416040187,TRATAMENTO DE CARCINOMA HEPÁTICO POR RADIOFREQUÊNCIA
PUNCAO ORIENTADA COM ECOGRAFIA,0416040195,QUIMIOEMBOLIZAÇÃO DE CARCINOMA HEPÁTICO
PUNCAO ORIENTADA COM ECOGRAFIA,0506020045,TRATAMENTO DE INTERCORRÊNCIA PÓS-TRANSPLANTE DE ÓRGÃOS / CÉLULAS-TRONCO HEMATOPOÉTICAS
PUNCAO ORIENTADA COM ECOGRAFIA,0506020096,TRATAMENTO DE INTERCORRENCIA PÓS TRANSPLANTE DE FIGADO- PÓS TRANSPLANTE CRÍTICO
PUNCAO OU ASPIRACAO VESICAL,0409010090,CISTOSTOMIA
PUNCAO VENOSA,0303010037,TRATAMENTO DE OUTRAS DOENÇAS BACTERIANAS
RECOLOCACAO DE ELETRODO,0406010587,IMPLANTE DE CARDIOVERSOR DESFIBRILADOR DE CÃMARA DUPLA TRANSVENOSO
RECOLOCACAO DE ELETRODO,0406010650,IMPLANTE DE MARCAPASSO DE CÂMARA DUPLA TRANSVENOSO
RECOLOCACAO DE ELETRODO,0406010854,REPOSICIONAMENTO DE ELETRODOS DE CARDIOVERSOR DESFIBRILADOR
RECOLOCACAO DE ELETRODO,0406010862,REPOSICIONAMENTO DE ELETRODOS DE MARCAPASSO
RECOLOCACAO DE ELETRODO,0406010870,REPOSICIONAMENTO DE ELETRODOS DE MARCAPASSO MULTI-SITIO
RECOLOCACAO DE ELETRODO,0406011010,TROCA DE ELETRODOS DE DESFIBRILADOR DE CARDIO-DESFIBRILADOR TRANSVENOSO
RECOLOCACAO DE ELETRODO,0406011028,TROCA DE ELETRODOS DE DESFIBRILADOR NO CARDIO-DESFIBRILADOR MULTI-SITIO
RECOLOCACAO DE ELETRODO,0406011036,TROCA DE ELETRODOS DE MARCAPASSO DE CÂMARA DUPLA
RECOLOCACAO DE ELETRODO,0406011079,TROCA DE ELETRODOS DE MARCAPASSO NO CARDIO-DESFIBRILADOR MULTI-SITIO
RECOLOCACAO DE ELETRODO,0406011109,TROCA DE GERADOR DE CARDIO-DESFIBRILADOR DE CÂMARA ÚNICA / DUPLA
RECOLOCACAO DE ELETRODO,0406011176,TROCA DE GERADOR E DE ELETRODOS DE CARDIO-DESFIBRILADOR MULTISITIO
RECOLOCACAO DE ELETRODO,0415020034,OUTROS PROCEDIMENTOS COM CIRURGIAS SEQUENCIAIS
RECONSTITUICAO DE CAVIDADE,0405040156,RECONSTITUIÇÃO DE CAVIDADE ORBITÁRIA
RECONSTRUCAO DE CAMARA ANTERIOR,0405050232,RECONSTRUÇÃO DE CAMARA ANTERIOR DO OLHO
RECONSTRUCAO DE LOBULO DA ORELHA,0413040143,RECONSTRUCAO TOTAL DE ORELHA (MULTIPLOS ESTAGIOS)
RECONSTRUCAO DE SULCO GENGIVO LABIAL,0404020470,RECONSTRUÇÃO DO SULCO GENGIVO-LABIAL
RECONSTRUCAO DO POLO SUPERIOR DA ORELHA,0413040127,RECONSTRUCAO DE POLO SUPERIOR DA ORELHA
RECONSTRUCAO LIGAMENTAR,0408050160,RECONSTRUÇÃOLIGAMENTAR INTRA-ARTICULAR DO JOELHO (CRUZADO ANTERIOR)
RECONSTRUCAO LIGAMENTAR,0408050667,TRATAMENTO CIRÚRGICO DE LESÃO AGUDA CAPSULO-LIGAMENTAR MEMBRO INFERIOR (JOELHO / TORNOZELO)
RECONSTRUCAO LIGAMENTAR,0415020069,PROCEDIMENTOS SEQUENCIAIS EM ORTOPEDIA
RECONSTRUCAO MAMARIA,0410010073,PLASTICA MAMÁRIA FEMININA NAO ESTETICA
RECONSTRUCAO MAMARIA,0410010090,PLASTICA MAMÁRIA RECONSTRUTIVA PÓS MASTECTOMIA C/ IMPLANTE DE PRÓTESE
RECONSTRUCAO MAMARIA,0410010200,PLÁSTICA MAMÁRIA RECONSTRUTIVA BILATERAL INCLUINDO PRÓTESE MAMÁRIA DE SILICONE BILATERAL NO PROCESSO TRANSEXUALIZADOR
RECONSTRUCAO MAMARIA,0410010219,RECONSTRUÇÃO MAMÁRIA PÓS-MASTECTOMIA TOTAL
RECONSTRUCAO MAMARIA,0415020050,PROCEDIMENTOS SEQUENCIAIS EM ONCOLOGIA
RECONSTRUCAO MAMARIA,0416080081,RECONSTRUÇÃO COM RETALHO MIOCUTÂNEO (QUALQUER PARTE) EM ONCOLOGIA
RECONSTRUCAO PARCIAL CAVIDADE ORBITARIA,0404020429,TRATAMENTO CIRÚRGICO DO SOALHO DA ÓRBITA
RECONSTRUCAO PARCIAL CAVIDADE ORBITARIA,0405040059,DESCOMPRESSÃO DE ORBITA
RECONSTRUCAO PARCIAL CAVIDADE ORBITARIA,0405040156,RECONSTITUIÇÃO DE CAVIDADE ORBITÁRIA
RECONSTRUCAO PARCIAL CAVIDADE ORBITARIA,0405040164,RECONSTITUIÇÃO DE PAREDE DA ORBITA
RECONSTRUCAO PARCIAL CAVIDADE ORBITARIA,0415020034,OUTROS PROCEDIMENTOS COM CIRURGIAS SEQUENCIAIS
RECONSTRUCAO PARCIAL CAVIDADE ORBITARIA,0415020042,PROCEDIMENTOS SEQUENCIAIS EM ANOMALIA CRÂNIO E BUCOMAXILOFACIAL
RECONSTRUCAO PARCIAL DE LABIO,0404030262,PALATOPLASTIA SECUNDÁRIA EM PACIENTE COM ANOMALIA CRÂNIO E BUCOMAXILOFACIAL
RECONSTRUCAO PARCIAL DE LABIO,0415020034,OUTROS PROCEDIMENTOS COM CIRURGIAS SEQUENCIAIS
RECONSTRUCAO PARCIAL DE PALPEBRA,0308040015,TRATAMENTO DE COMPLICACOES DE PROCEDIMENTOS CIRURGICOS OU CLINICOS
RECONSTRUCAO TOTAL DA ORELHA(MULT.ESTAGIOS),0413040143,RECONSTRUCAO TOTAL DE ORELHA (MULTIPLOS ESTAGIOS)
RECONSTRUCAO TOTAL DE PALPEBRAS,0401020100,EXTIRPAÇÃOE SUPRESSÃO DE LESÃO DE PELE E DE TECIDO CELULAR SUBCUTÂNEO
RECONSTRUCAO TOTAL DE PALPEBRAS,0405010010,CORRECAO CIRURGICA DE ENTROPIO E ECTROPIO
RECONSTRUCAO TOTAL DE PALPEBRAS,0405010133,RECONSTITUIÇÃO TOTAL DE PALPEBRA
RECONSTRUCAO TOTAL DO NARIZ,0404020240,RECONSTRUÇÃO TOTAL OU PARCIAL DE NARIZ
RECONSTRUCAO TOTAL DO NARIZ,0415020034,OUTROS PROCEDIMENTOS COM CIRURGIAS SEQUENCIAIS
RECONSTRUCAO TOTAL DO NARIZ,0416030173,MAXILECTOMIA PARCIAL EM ONCOLOGIA
RECONSTRUCAO TOTAL DO NARIZ,0416080120,EXTIRPAÇÃO MÚLTIPLA DE LESÃO DA PELE OU TECIDO CELULAR SUBCUTÂNEO EM ONCOLOGIA
RECONSTRUÇÃO DA BIFURCAÇÃO AORTO ILIACA COM ANGIOPLASTIA E STENTS,0406040028,"ANGIOPLASTIA INTRALUMINAL DE AORTA, VEIA CAVA / VASOS ILÍACOS (COM STENT)"
RECONSTRUÇÃO DA BIFURCAÇÃO AORTO ILIACA COM ANGIOPLASTIA E STENTS,0406040281,RECONSTRUÇÃO DA BIFURCAÇÃO AORTO-ILÍACA COM ANGIOPLASTIA E STENTS
RECONSTRUÇÃO DA BIFURCAÇÃO AORTO ILIACA COM ANGIOPLASTIA E STENTS,0415020034,OUTROS PROCEDIMENTOS COM CIRURGIAS SEQUENCIAIS
RECONSTRUÇÃO OSTEOPLASTICA DO QUADRIL,0408040165,RECONSTRUÇÃO OSTEOPLASTICA DO QUADRIL
RECONSTRUÇÃO OSTEOPLASTICA DO QUADRIL,0415020077,PROCEDIMENTOS SEQUENCIAIS EM NEUROCIRURGIA
REDUCAO CIRURGICA DE DIAFISE DA TIBIA COM FIXACAO,0408050500,TRATAMENTO CIRÚRGICO DE FRATURA DA DIÁFISE DA TÍBIA
REDUCAO CIRURGICA DE FRATURA DE DIAFISE UMERO,0408020393,TRATAMENTO CIRÚGICO DE FRATURA DA DIÁFISE DO ÚMERO
REDUCAO CIRURGICA DE FRATURA DE DIAFISE UMERO,0506020045,TRATAMENTO DE INTERCORRÊNCIA PÓS-TRANSPLANTE DE ÓRGÃOS / CÉLULAS-TRONCO HEMATOPOÉTICAS
REDUCAO CIRURGICA DE FRATURA DIAF DO FEMUR,0408050489,TRATAMENTO CIRURGICO DE FRATURA / LESAO FISARIA PROXIMAL (COLO) DO FEMUR (SINTESE)
REDUCAO CIRURGICA DE FRATURA DIAF DO FEMUR,0416090109,RESSECÇÃO DE TUMOR ÓSSEO COM SUBSTITUIÇÃO (ENDOPRÓTESE) OU COM RECONSTRUÇÃO E FIXAÇÃO EM ONCOLOGIA
REDUCAO CIRURGICA DE FRATURA DO COLO DO FEMUR,0408050489,TRATAMENTO CIRURGICO DE FRATURA / LESAO FISARIA PROXIMAL (COLO) DO FEMUR (SINTESE)
REDUCAO CIRURGICA DE FRATURA DO CUBITO COM FIXACAO,0408020431,TRATAMENTO CIRÚRGICO DE FRATURA DIAFISARIA ÚNICA DO RÁDIO / DA ULNA
REDUCAO CIRURGICA DE FRATURA DO RADIO COM FIXACAO,0408020369,TRATAMENTO CIRÚRGICO DE FRATURA / LESÃO FISARIA DO CÔNDILO / TRÓCLEA/APOFISE CORONÓIDE DO ULNA / CABEÇA DO RÁDIO
REDUCAO CIRURGICA DE FRATURA DO RADIO COM FIXACAO,0408020407,TRATAMENTO CIRÚRGICO DE FRATURA DA EXTREMIDADE / METÁFISE DISTAL DOS OSSOS DO ANTEBRAÇO
REDUCAO CIRURGICA DE FRATURA DO RADIO COM FIXACAO,0408020423,TRATAMENTO CIRÚRGICO DE FRATURA DIAFISARIA DE AMBOS OS OSSOS DO ANTEBRAÇO (C/ SINTESE)
REDUCAO CIRURGICA DE FRATURA DO RADIO COM FIXACAO,0408020431,TRATAMENTO CIRÚRGICO DE FRATURA DIAFISARIA ÚNICA DO RÁDIO / DA ULNA
REDUCAO CIRURGICA DE FRATURA DO RADIO COM FIXACAO,0408020440,TRATAMENTO CIRÚRGICO DE FRATURA LESÃO FISARIA DOS OSSOS DO ANTEBRAÇO
REDUCAO CIRURGICA DE FRATURA DO RADIO COM FIXACAO,0408020547,TRATAMENTO CIRÚRGICO DE LUXAÇÃO OU FRATURA-LUXAÇÃO DO COTOVELO
REDUCAO CIRURGICA DE FRATURA EXTREMIDADE SUP UMERO C/ FIX,0408020334,TRATAMENTO CIRÚRGICO DE FRATURA / LESÃO FISARIA DA EXTREMIDADE PROXIMAL DO UMERO
REDUCAO CIRURGICA DE FRATURA FALANGES COM FIXACAO,0408020342,TRATAMENTO CIRÚRGICO DE FRATURA / LESÃO FISARIA DAS FALANGES DA MÃO (COM FIXAÇÃO)
REDUCAO CIRURGICA DE FRATURA FALANGES COM FIXACAO,0408020377,TRATAMENTO CIRÚRGICO DE FRATURA / LESÃO FISARIA DOS METACARPIANOS
REDUCAO CIRURGICA DE FRATURA FALANGES COM FIXACAO,0408020555,TRATAMENTO CIRÚRGICO DE PSEUDARTROSE / RETARDO DE CONSOLIDAÇÃO / PERDA ÓSSEA DA MÃO
REDUCAO CIRURGICA DE FRATURA METACARPIANOS C/FIXACAO,0408020377,TRATAMENTO CIRÚRGICO DE FRATURA / LESÃO FISARIA DOS METACARPIANOS
REDUCAO CIRURGICA DE FRATURA METACARPIANOS C/FIXACAO,0408020520,TRATAMENTO CIRÚRGICO DE LUXAÇÃO / FRATURA-LUXACAO DOS OSSOS DO CARPO
REDUCAO CIRURGICA DE FRATURA METATARSIANO(S) CO,0408050462,TRATAMENTO CIRURGICO DE FRATURA / LESAO FISARIA DOS METATARSIANOS
REDUCAO CIRURGICA DE FRATURA-LUXACAO DO TORNOZELO,0408050497,TRATAMENTO CIRÚRGICO DE FRATURA BIMALEOLAR / TRIMALEOLAR / DA FRATURA-LUXAÇÃO DO TORNOZELO
REDUCAO CIRURGICA DE FRATURA-LUXACAO DO TORNOZELO,0408050535,TRATAMENTO CIRÚRGICO DE FRATURA DO CALCÂNEO
REDUCAO CIRURGICA DE LUXACAO ACROMIO-CLAVICULAR,0408010185,TRATAMENTO CIRURGICO DE LUXACAO / FRATURA-LUXACAO ACROMIO-CLAVICULAR
REDUCAO CIRURGICA DE LUXACAO ACROMIO-CLAVICULAR,0408010215,TRATAMENTO CIRÚRGICO DE LUXAÇÃO RECIDIVANTE / HABITUAL DE ARTICULAÇÃO ESCAPULO-UMERAL
REDUCAO CIRURGICA DE LUXACAO COXO-FEMURAL (CONGENITA),0408040181,REDUÇÃO INCRUENTA DE LUXAÇÃO CONGÊNITA COXOFEMORAL
REDUCAO CIRURGICA DE LUXACAO COXO-FEMURAL (CONGENITA),0408040343,TRATAMENTO CIRURGICO DE LUXACAO ESPONTANEA / PROGRESSIVA / PARALITICA DO QUADRIL
REDUCAO CIRURGICA DE LUXACAO COXO-FEMURAL (CONGENITA),0415020069,PROCEDIMENTOS SEQUENCIAIS EM ORTOPEDIA
REDUCAO CIRURGICA DE LUXACAO DA COXO-FEMURAL (TRA,0408040335,TRATAMENTO CIRURGICO DE LUXACAO COXO-FEMORAL TRAUMATICA / POS-ARTROPLASTIA
REDUCAO CIRURGICA DE LUXACAO DE FALANGES,0408060638,TRATAMENTO CIRÚRGICO DE LUXAÇÃO / FRATURA-LUXAÇÃO METATARSO INTER-FALANGEANA
REDUCAO CIRURGICA DE LUXACAO DO(S) METATARSIANOS,0408050713,TRATAMENTO CIRÚRGICO DE LUXAÇÃO / FRATURA-LUXAÇÃO TARSO-METATARSICA
REDUCAO DE VOLVO POR LAPAROTOMIA,0415020034,OUTROS PROCEDIMENTOS COM CIRURGIAS SEQUENCIAIS
REDUCAO INCRUENTA DE FRATURAS DO(S) OSSO(S),0408020172,REDUÇÃO INCRUENTA DE FRATURA / LESÃO FISARIA NO PUNHO
REIMPLANTE VESICO-URETRAL,0409010537,URETEROCISTONEOSTOMIA
REIMPLANTE VESICO-URETRAL,0415010012,TRATAMENTO C/ CIRURGIAS MULTIPLAS
REIMPLANTE VESICO-URETRAL,0415020034,OUTROS PROCEDIMENTOS COM CIRURGIAS SEQUENCIAIS
REIMPLANTE VESICO-URETRAL,0416060110,HISTERECTOMIA COM OU SEM ANEXECTOMIA (UNI / BILATERAL) EM ONCOLOGIA
REIMPLANTE VESICO-URETRAL,0506020045,TRATAMENTO DE INTERCORRÊNCIA PÓS-TRANSPLANTE DE ÓRGÃOS / CÉLULAS-TRONCO HEMATOPOÉTICAS
REINTERVENCAO CIRURGIA CARDIACA,0406011206,TROCA VALVAR C/ REVASCULARIZAÇÃO MIOCÁRDICA
REINTERVENCAO DE AMIDALECTOMIA,0308040015,TRATAMENTO DE COMPLICACOES DE PROCEDIMENTOS CIRURGICOS OU CLINICOS
REINTERVENCAO DE AMIDALECTOMIA,0401020100,EXTIRPAÇÃOE SUPRESSÃO DE LESÃO DE PELE E DE TECIDO CELULAR SUBCUTÂNEO
REINTERVENCAO DE ANEURISMECTOMIA OU DE PSEUDOANEURISMA,0406020531,TRATAMENTO CIRÚRGICO DE LESÕES VASCULARES TRAUMÁTICAS DE MEMBRO SUPERIOR UNILATERAL
REINTERVENCAO DE BYPASS,0401020100,EXTIRPAÇÃOE SUPRESSÃO DE LESÃO DE PELE E DE TECIDO CELULAR SUBCUTÂNEO
REINTERVENCAO DE BYPASS,0406020124,EMBOLECTOMIA ARTERIAL
REINTERVENCAO DE BYPASS,0406020345,PONTE FEMORO-FEMURAL CRUZADA
REINTERVENCAO DE BYPASS,0406020400,RETIRADA DE PRÓTESE INFECTADA EM POSIÇÃO NÃO AÓRTICA
REINTERVENCAO DE BYPASS,0415020034,OUTROS PROCEDIMENTOS COM CIRURGIAS SEQUENCIAIS
REINTERVENCAO DE BYPASS,0506020045,TRATAMENTO DE INTERCORRÊNCIA PÓS-TRANSPLANTE DE ÓRGÃOS / CÉLULAS-TRONCO HEMATOPOÉTICAS
REINTERVENCAO DE LAPAROTOMIA,0407020101,COLOSTOMIA
REINTERVENCAO DE LAPAROTOMIA,0407020306,JEJUNOSTOMIA / ILEOSTOMIA
REINTERVENÇÃO DE FISTULA ARTERIO-VENOSA,0303010037,TRATAMENTO DE OUTRAS DOENÇAS BACTERIANAS
REINTERVENÇÃO DE FISTULA ARTERIO-VENOSA,0305010174,TRATAMENTO DE INTERCORRÊNCIA EM PACIENTE RENAL CRÔNICO SOB TRATAMENTO DIALÍTICO ( POR DIA)
REINTERVENÇÃO DE FISTULA ARTERIO-VENOSA,0305020056,TRATAMENTO DA DOENÇA RENAL CRÔNICA - DRC
REINTERVENÇÃO DE FISTULA ARTERIO-VENOSA,0406020531,TRATAMENTO CIRÚRGICO DE LESÕES VASCULARES TRAUMÁTICAS DE MEMBRO SUPERIOR UNILATERAL
REINTERVENÇÃO DE FISTULA ARTERIO-VENOSA,0406020590,TROMBECTOMIA DO SISTEMA VENOSO
REINTERVENÇÃO DE FISTULA ARTERIO-VENOSA,0406040044,"ANGIOPLASTIA INTRALUMINAL DE AORTA, VEIA CAVA / VASOS ILÍACOS (SEM STENT)"
REINTERVENÇÃO DE FISTULA ARTERIO-VENOSA,0415020034,OUTROS PROCEDIMENTOS COM CIRURGIAS SEQUENCIAIS
REINTERVENÇÃO DE FISTULA ARTERIO-VENOSA,0506020045,TRATAMENTO DE INTERCORRÊNCIA PÓS-TRANSPLANTE DE ÓRGÃOS / CÉLULAS-TRONCO HEMATOPOÉTICAS
REINTERVENÇÃO DE FISTULA ARTERIO-VENOSA,0506020053,TRATAMENTO DE INTERCORRÊNCIA PÓS-TRANSPLANTE DE RIM - PÓS TRANSPLANTE CRÍTICO
REMOCAO DE TUMOR DA FACE,0416080120,EXTIRPAÇÃO MÚLTIPLA DE LESÃO DA PELE OU TECIDO CELULAR SUBCUTÂNEO EM ONCOLOGIA
REMOCAO MANUAL DE FECALOMA,0303070110,TRATAMENTO DE OUTRAS DOENCAS DO INTESTINO
REMOCAO MANUAL DE FECALOMA,0407020063,COLECTOMIA PARCIAL (HEMICOLECTOMIA)
REMOCAO MANUAL DE FECALOMA,0407020217,ESFINCTEROTOMIA INTERNA E TRATAMENTO DE FISSURA ANAL
REMOCAO MANUAL DE FECALOMA,0407020381,REMOÇÃO CIRÚRGICA DE FECALOMA
REMOÇÃO DE ÓLEO DE SILICONE INTRA-VÍTREO,0305020056,TRATAMENTO DA DOENÇA RENAL CRÔNICA - DRC
RESSECAO MULTIPLAS SEGMENTO TUBO DIGESTIVO,0415020034,OUTROS PROCEDIMENTOS COM CIRURGIAS SEQUENCIAIS
RESSECCAO APOFISE ESTILOIDE COTOVELO,0401020053,EXCISÃO E SUTURA DE LESAO NA PELE C/ PLÁSTICA EM Z OU ROTAÇÃO DE RETALHO
RESSECCAO DE CISTO HEPATICO VIDEOLAPAROSCOPICA,0407030131,HEPATECTOMIA PARCIAL
RESSECCAO DE CISTO HEPATICO VIDEOLAPAROSCOPICA,0415010012,TRATAMENTO C/ CIRURGIAS MULTIPLAS
RESSECCAO DE CISTO HEPATICO VIDEOLAPAROSCOPICA,0415020034,OUTROS PROCEDIMENTOS COM CIRURGIAS SEQUENCIAIS
RESSECCAO DE CISTO HEPATICO VIDEOLAPAROSCOPICA,0416040209,LAPAROTOMIA EXPLORADORA COM RESSECÇÃO COMPLETA OU INCOMPLETA DO TUMOR EM ONCOLOGIA
RESSECCAO DE CISTO HIDATICO DE FIGADO,0407030131,HEPATECTOMIA PARCIAL
RESSECCAO DE CISTO HIDATICO DE FIGADO,0407030166,HEPATOTOMIA E DRENAGEM DE ABSCESSO / CISTO
RESSECCAO DE LESAO MALIGNA ABDOMINAL,0415020050,PROCEDIMENTOS SEQUENCIAIS EM ONCOLOGIA
RESSECCAO DE LESAO MALIGNA ABDOMINAL,0416040209,LAPAROTOMIA EXPLORADORA COM RESSECÇÃO COMPLETA OU INCOMPLETA DO TUMOR EM ONCOLOGIA
RESSECCAO DE NEO MALIGNA RETROPERITONEAL,0415020050,PROCEDIMENTOS SEQUENCIAIS EM ONCOLOGIA
RESSECCAO DE NEO MALIGNA RETROPERITONEAL,0416040144,RESSECÇÃO DE TUMOR RETROPERITONIAL COM RESSECÇÃO DE ÓRGÃOS CONTÍGUOS EM ONCOLOGIA
RESSECCAO DE NEO MALIGNA RETROPERITONEAL,0416040250,RESSECÇÃO DE TUMOR RETROPERITONIAL EM ONCOLOGIA
RESSECCAO DE OSSO(S) DO CARPO,0408060166,OSTECTOMIA DE OSSOS DA MÃO E/OU DO PÉ
RESSECCAO DE OSSO(S) DO PE,0408060662,TRATAMENTO CIRÚRGICO DE POLIDACTILIA ARTICULADA
RESSECCAO DE PSEUDO-ANEURISMA,0406020531,TRATAMENTO CIRÚRGICO DE LESÕES VASCULARES TRAUMÁTICAS DE MEMBRO SUPERIOR UNILATERAL
RESSECCAO DE PSEUDO-ANEURISMA,0406040150,CORREÇÃO ENDOVASCULAR DE ANEURISMA / DISSECÇÃO DA AORTA ABDOMINAL COM ENDOPRÓTESE RETA / CÔNICA
RESSECCAO DE PSEUDO-ANEURISMA,0406040338,TRATAMENTO ENDOVASCULAR DO PSEUDOANEURISMA
RESSECCAO DE PSEUDO-ANEURISMA,0415020034,OUTROS PROCEDIMENTOS COM CIRURGIAS SEQUENCIAIS
RESSECCAO DE SINEQUIAS,0404010318,RETIRADA DE CORPO ESTRANHO DE OUVIDO / FARINGE / LARINGE / NARIZ
RESSECCAO DE TUMOR DA PLEURA,0416110045,TORACECTOMIA SIMPLES EM ONCOLOGIA
RESSECCAO DE TUMOR DE TRAQUEIA,0415020034,OUTROS PROCEDIMENTOS COM CIRURGIAS SEQUENCIAIS
RESSECCAO DE TUMOR OSSEO COM ENXERTIA,0401020053,EXCISÃO E SUTURA DE LESAO NA PELE C/ PLÁSTICA EM Z OU ROTAÇÃO DE RETALHO
RESSECCAO DE TUMOR OSSEO COM ENXERTIA,0406040338,TRATAMENTO ENDOVASCULAR DO PSEUDOANEURISMA
RESSECCAO DE TUMOR OSSEO COM ENXERTIA,0408060255,RESSECÇÃO DE TUMOR E RECONSTRUÇÃO C/ TRANSPORTE ÓSSEO
RESSECCAO DE TUMOR OSSEO COM ENXERTIA,0408060271,RESSECÇÃO DE TUMOR ÓSSEO E RECONSTRUÇÃO C/ ENXERTO
RESSECCAO DE TUMOR OSSEO COM ENXERTIA,0408060298,RESSECÇÃO DE TUMOR ÓSSEO E RECONSTRUÇÃO POR DESLIZAMENTO
RESSECCAO DE TUMOR OSSEO COM ENXERTIA,0408060310,RESSECÇÃO SIMPLES DE TUMOR ÓSSEO / DE PARTES MOLES
RESSECCAO DE TUMOR OSSEO COM ENXERTIA,0416090010,AMPUTAÇÃO / DESARTICULAÇÃO DE MEMBROS INFERIORES EM ONCOLOGIA
RESSECCAO DE TUMOR OSSEO COM ENXERTIA,0416090109,RESSECÇÃO DE TUMOR ÓSSEO COM SUBSTITUIÇÃO (ENDOPRÓTESE) OU COM RECONSTRUÇÃO E FIXAÇÃO EM ONCOLOGIA
RESSECCAO DE TUMOR OSSEO COM ENXERTIA,0416090133,RESSECÇÃO DE TUMOR DE PARTES MOLES EM ONCOLOGIA
RESSECCAO DE TUMOR OSSEO COM SUBSTIT,0408060263,RESSECÇÃO DE TUMOR ÓSSEO C/ SUBSTITUIÇÃO (ENDOPRÓTESE)
RESSECCAO DE TUMOR OSSEO COM SUBSTIT,0416090036,HEMIPELVECTOMIA EM ONCOLOGIA
RESSECCAO DE TUMOR OSSEO COM SUBSTIT,0416090079,SACRALECTOMIA (ENDOPELVECTOMIA) EM ONCOLOGIA
RESSECCAO DE TUMOR OSSEO COM SUBSTIT,0416090109,RESSECÇÃO DE TUMOR ÓSSEO COM SUBSTITUIÇÃO (ENDOPRÓTESE) OU COM RECONSTRUÇÃO E FIXAÇÃO EM ONCOLOGIA
RESSECCAO DE TUMOR SUBMAXILAR,0404020771,RESSECÇÃO DE LESÃO DA BOCA
RESSECCAO DUCTOS TERMINAIS,0410010073,PLASTICA MAMÁRIA FEMININA NAO ESTETICA
RESSECCAO DUCTOS TERMINAIS,0410010111,SETORECTOMIA / QUADRANTECTOMIA
RESSECCAO EM CUNHA,0412050102,"RESSECÇÃO EM CUNHA, TUMORECTOMIA / BIOPSIA DE PULMAO A CEU ABERTO"
RESSECCAO EM CUNHA,0415020034,OUTROS PROCEDIMENTOS COM CIRURGIAS SEQUENCIAIS
RESSECCAO EM CUNHA,0416020194,MEDIASTINOSCOPIA/LINFADENECTOMIA MEDIASTINAL EM ONCOLOGIA
RESSECCAO EM CUNHA,0416110061,SEGMENTECTOMIA PULMONAR EM ONCOLOGIA
RESSECCAO EM CUNHA,0416110070,RESSECÇAO PULMONAR EM CUNHA EM ONCOLOGIA
RESSECCAO EM CUNHA DE FIGADO,0415020034,OUTROS PROCEDIMENTOS COM CIRURGIAS SEQUENCIAIS
RESSECCAO PULMONAR EM CUNHA,0412050013,BULECTOMIA UNI OU BILATERAL
RESSECCAO PULMONAR EM CUNHA,0416110070,RESSECÇAO PULMONAR EM CUNHA EM ONCOLOGIA
RESSECCAO PULMONAR EM CUNHA,0506020070,TRATAMENTO DE INTERCORRÊNCIA PÓS TRANSPLANTE DE PULMÃO UNI/BILATERAL - PÓS TRANSPLANTE CRÍTICO
RESSECCAO SIMPLES DE TUMOR OSSEO,0408060131,EXPLORAÇÃO ARTICULAR C/ OU S/ SINOVECTOMIA DE PEQUENAS ARTICULAÇÕES
RESSECCAO SIMPLES DE TUMOR OSSEO,0408060174,OSTECTOMIA DE OSSOS LONGOS EXCETO DA MÃO E DO PÉ
RESSECCAO SIMPLES DE TUMOR OSSEO,0408060271,RESSECÇÃO DE TUMOR ÓSSEO E RECONSTRUÇÃO C/ ENXERTO
RESSECCAO SIMPLES DE TUMOR OSSEO,0408060310,RESSECÇÃO SIMPLES DE TUMOR ÓSSEO / DE PARTES MOLES
RESSECCAO SIMPLES DE TUMOR OSSEO,0416090133,RESSECÇÃO DE TUMOR DE PARTES MOLES EM ONCOLOGIA
RESSECCAO TRANS-URETRAL DE COLO VESICAL,0303150050,TRATAMENTO DE OUTRAS DOENCAS DO APARELHO URINARIO
RESSECCAO TRANS-URETRAL DE COLO VESICAL,0409010383,RESSECCAO ENDOSCOPICA DE LESÃO VESICAL
RESSECCAO TRANS-URETRAL DE COLO VESICAL,0416010024,CISTECTOMIA COM DERIVACAO EM 1SÓ TEMPO EM ONCOLOGIA
RESSECCAO TRANS-URETRAL DE COLO VESICAL,0416010172,RESSECÇÃO ENDOSCÓPICA DE TUMOR VESICAL EM ONCOLOGIA
RESSECCAO TRANS-URETRAL DE PROSTATA,0303150050,TRATAMENTO DE OUTRAS DOENCAS DO APARELHO URINARIO
RESSECCAO TRANS-URETRAL DE PROSTATA,0409030040,RESSECÇÃO ENDOSCÓPICA DE PRÓSTATA
RESSECCAO TRANS-URETRAL DE PROSTATA,0415010012,TRATAMENTO C/ CIRURGIAS MULTIPLAS
RESSECCAO TRANS-URETRAL DE PROSTATA,0415020034,OUTROS PROCEDIMENTOS COM CIRURGIAS SEQUENCIAIS
RESSECCAO TRANS-URETRAL DE PROSTATA,0415020050,PROCEDIMENTOS SEQUENCIAIS EM ONCOLOGIA
RESSECCAO TRANS-URETRAL DE PROSTATA,0416010121,PROSTATECTOMIA EM ONCOLOGIA
RESSECCAO TRANS-URETRAL DE PROSTATA,0506020045,TRATAMENTO DE INTERCORRÊNCIA PÓS-TRANSPLANTE DE ÓRGÃOS / CÉLULAS-TRONCO HEMATOPOÉTICAS
RESSECCAO TRANS-URETRAL DE TUMOR VESICAL,0303010037,TRATAMENTO DE OUTRAS DOENÇAS BACTERIANAS
RESSECCAO TRANS-URETRAL DE TUMOR VESICAL,0303060115,TRATAMENTO DE DOENCA REUMATICA C/ COMPROMETIMENTO CARDIACO
RESSECCAO TRANS-URETRAL DE TUMOR VESICAL,0409010383,RESSECCAO ENDOSCOPICA DE LESÃO VESICAL
RESSECCAO TRANS-URETRAL DE TUMOR VESICAL,0409030040,RESSECÇÃO ENDOSCÓPICA DE PRÓSTATA
RESSECCAO TRANS-URETRAL DE TUMOR VESICAL,0416010172,RESSECÇÃO ENDOSCÓPICA DE TUMOR VESICAL EM ONCOLOGIA
RESSECCAO TRANS-URETRAL DE TUMOR VESICAL,0506020045,TRATAMENTO DE INTERCORRÊNCIA PÓS-TRANSPLANTE DE ÓRGÃOS / CÉLULAS-TRONCO HEMATOPOÉTICAS
RESSECCAO TRANS-URETRAL ESFINCTER EXTERNO,0409020168,URETROSTOMIA PERINEAL / CUTÂNEA / EXTERNA
RESSECCAO TRANS-URETRAL URETEROCELE,0409010510,TRATAMENTO CIRÚRGICO DE URETEROCELE
RESSECCAO TRANSURETERAL DE TUMOR URETERAL COM LASER,0416010172,RESSECÇÃO ENDOSCÓPICA DE TUMOR VESICAL EM ONCOLOGIA
RESSECCAO TRANSURETERAL DE TUMOR VESICAL,0303150050,TRATAMENTO DE OUTRAS DOENCAS DO APARELHO URINARIO
RESSECCAO TRANSURETERAL DE TUMOR VESICAL,0409010383,RESSECCAO ENDOSCOPICA DE LESÃO VESICAL
RESSECCAO TRANSURETERAL DE TUMOR VESICAL,0415020034,OUTROS PROCEDIMENTOS COM CIRURGIAS SEQUENCIAIS
RESSECCAO TRANSURETERAL DE TUMOR VESICAL,0416010164,RESSECCAO DE TUMORES MÁLTIPLOS E SIMULTANEOS DO TRATO URINARIO EM ONCOLOGIA
RESSECCAO TRANSURETERAL DE TUMOR VESICAL,0416010172,RESSECÇÃO ENDOSCÓPICA DE TUMOR VESICAL EM ONCOLOGIA
RESSECCAO TRANSURETRAL DE COLO VESICAL COM LASER,0416010172,RESSECÇÃO ENDOSCÓPICA DE TUMOR VESICAL EM ONCOLOGIA
RESSECCAO TRANSURETRAL DE PROSTATA COM LASER,0409030023,PROSTATECTOMIA SUPRAPÚBICA
RESSECCAO TRANSURETRAL DE PROSTATA COM LASER,0409030040,RESSECÇÃO ENDOSCÓPICA DE PRÓSTATA
RESSECCAO TRANSURETRAL DE PROSTATA COM LASER,0415020034,OUTROS PROCEDIMENTOS COM CIRURGIAS SEQUENCIAIS
RESSECCAO TRANSURETRAL DE TUMOR URETRAL COM LASER,0415020034,OUTROS PROCEDIMENTOS COM CIRURGIAS SEQUENCIAIS
RESSECCAO TRANSURETRAL DE TUMOR URETRAL COM LASER,0416010172,RESSECÇÃO ENDOSCÓPICA DE TUMOR VESICAL EM ONCOLOGIA
RESSECÇÃO DE TUMOR E RECONSTRUÇÃO C/ RETALHO MICROCIRURGICO,0408060190,OSTEOTOMIA DE OSSOS LONGOS EXCETO DA MÃO E DO PÉ
RESSECÇÃO DE TUMOR E RECONSTRUÇÃO C/ RETALHO MICROCIRURGICO,0408060239,RESSECÇÃO DE TUMOR E RECONSTRUÇÃO C/ RETALHO MICROCIRÚRGICO
RESSECÇÃO DE TUMOR E RECONSTRUÇÃO C/ RETALHO MICROCIRURGICO,0408060310,RESSECÇÃO SIMPLES DE TUMOR ÓSSEO / DE PARTES MOLES
RESSECÇÃO DE TUMOR E RECONSTRUÇÃO C/ RETALHO MICROCIRURGICO,0415020050,PROCEDIMENTOS SEQUENCIAIS EM ONCOLOGIA
RESSECÇÃO DE TUMOR E RECONSTRUÇÃO C/ RETALHO MICROCIRURGICO,0416090109,RESSECÇÃO DE TUMOR ÓSSEO COM SUBSTITUIÇÃO (ENDOPRÓTESE) OU COM RECONSTRUÇÃO E FIXAÇÃO EM ONCOLOGIA
RESSECÇÃO DE TUMOR E RECONSTRUÇÃO C/ RETALHO NÃO MICROCIRURGICO (EXCETO MÃO E PÉ),0408060247,RESSECÇÃO DE TUMOR E RECONSTRUÇÃO C/ RETALHO NÃO MICROCIRÚRGICO (EXCETO MÃO E PÉ)
RESSECÇÃO DE TUMOR E RECONSTRUÇÃO C/ RETALHO NÃO MICROCIRURGICO (EXCETO MÃO E PÉ),0408060310,RESSECÇÃO SIMPLES DE TUMOR ÓSSEO / DE PARTES MOLES
RESSECÇÃO DE TUMOR E RECONSTRUÇÃO C/ RETALHO NÃO MICROCIRURGICO (EXCETO MÃO E PÉ),0416080014,EXCISÂO E ENXERTO DE PELE EM ONCOLOGIA
RESSECÇÃO DE TUMOR E RECONSTRUÇÃO C/ RETALHO NÃO MICROCIRURGICO (EXCETO MÃO E PÉ),0416080120,EXTIRPAÇÃO MÚLTIPLA DE LESÃO DA PELE OU TECIDO CELULAR SUBCUTÂNEO EM ONCOLOGIA
RESSECÇÃO DE TUMOR E RECONSTRUÇÃO C/ RETALHO NÃO MICROCIRURGICO (EXCETO MÃO E PÉ),0416090109,RESSECÇÃO DE TUMOR ÓSSEO COM SUBSTITUIÇÃO (ENDOPRÓTESE) OU COM RECONSTRUÇÃO E FIXAÇÃO EM ONCOLOGIA
RESSECÇÃO DE TUMOR E RECONSTRUÇÃO C/ RETALHO NÃO MICROCIRURGICO (EXCETO MÃO E PÉ),0416090133,RESSECÇÃO DE TUMOR DE PARTES MOLES EM ONCOLOGIA
RESSECÇÃO DE TUMOR E RECONSTRUÇÃO C/ TRANSPORTE OSSEO,0416090109,RESSECÇÃO DE TUMOR ÓSSEO COM SUBSTITUIÇÃO (ENDOPRÓTESE) OU COM RECONSTRUÇÃO E FIXAÇÃO EM ONCOLOGIA
RESSECÇÃO DE TUMOR INTRACARDIACO,0406010900,RESSECÇÃO DE TUMOR INTRACARDÍACO
RESSECÇÃO DE TUMOR INTRACARDIACO,0415020034,OUTROS PROCEDIMENTOS COM CIRURGIAS SEQUENCIAIS
RESSECÇÃO DE TUMOR OSSEO E RECONSTRUÇÃO C/ RETALHO NÃO MICROCIRURGICO ( APENAS NA MÃO E PÉ),0401020053,EXCISÃO E SUTURA DE LESAO NA PELE C/ PLÁSTICA EM Z OU ROTAÇÃO DE RETALHO
RESSECÇÃO DE TUMOR OSSEO E RECONSTRUÇÃO C/ RETALHO NÃO MICROCIRURGICO ( APENAS NA MÃO E PÉ),0408060280,RESSECÇÃO DE TUMOR ÓSSEO E RECONSTRUÇÃO C/ RETALHO NÃO MICROCIRÚRGICO (APENAS MÃO E PÉ)
RESSECÇÃO DE TUMOR OSSEO E RECONSTRUÇÃO C/ RETALHO NÃO MICROCIRURGICO ( APENAS NA MÃO E PÉ),0416090109,RESSECÇÃO DE TUMOR ÓSSEO COM SUBSTITUIÇÃO (ENDOPRÓTESE) OU COM RECONSTRUÇÃO E FIXAÇÃO EM ONCOLOGIA
RESSECÇÃO DE TUMOR OSSEO E RECONSTRUÇÃO C/ RETALHO NÃO MICROCIRURGICO ( APENAS NA MÃO E PÉ),0416090133,RESSECÇÃO DE TUMOR DE PARTES MOLES EM ONCOLOGIA
RESSECÇÃO DE TUMORES SACRO-COCCÍGEOS,0415020034,OUTROS PROCEDIMENTOS COM CIRURGIAS SEQUENCIAIS
RESSECÇÃO DE VIA BILIAR EXTRA-HEPÁTICA,0416040241,RESSECÇÃO AMPLIADA DE VIA BILIAR EXTRA-HEPÁTICA EM ONCOLOGIA
RESSUTURA DE ESTERNO,0412040190,"TRATAMENTO CIRURGICO DE FRATURA, NECROSE OU INFECÇÃO DO ESTERNO"
RESSUTURA DE ESTERNO,0506020045,TRATAMENTO DE INTERCORRÊNCIA PÓS-TRANSPLANTE DE ÓRGÃOS / CÉLULAS-TRONCO HEMATOPOÉTICAS
RESSUTURA DE PAREDE ABDOMINAL (EVISCERACAO),0407040080,HERNIOPLASTIA INCISIONAL
RESSUTURA DE PAREDE ABDOMINAL (EVISCERACAO),0407040242,RESSUTURA DE PAREDE ABDOMINAL (POR DEISCENCIA TOTAL / EVISCERAÇÃO)
RESSUTURA DE PAREDE ABDOMINAL (EVISCERACAO),0415020034,OUTROS PROCEDIMENTOS COM CIRURGIAS SEQUENCIAIS
RESSUTURA DE PAREDE ABDOMINAL (EVISCERACAO),0416040349,PANCREATECTOMIA PARCIAL VIDEOLAPAROSCÓPICA EM ONCOLOGIA
RESSUTURA DE PAREDE ABDOMINAL (EVISCERACAO),0505020050,TRANSPLANTE DE FIGADO (ORGAO DE DOADOR FALECIDO)
RETALHO MIOCUTANEO,0403010195,TRATAMENTO CIRURGICO DE ABSCESSO INTRACRANIANO
RETALHO MIOCUTANEO,0413040038,DERMOLIPECTOMIA (1 OU 2 MEMBROS INFERIORES)
RETALHO MIOCUTANEO,0413040151,TRANSFERÊNCIA INTERMEDIÁRIA DE RETALHO
RETALHO MIOCUTANEO,0413040178,TRATAMENTO CIRURGICO DE LESOES EXTENSAS C/ PERDA DE SUBSTANCIA CUTANEA
RETALHO MIOCUTANEO,0415020050,PROCEDIMENTOS SEQUENCIAIS EM ONCOLOGIA
RETALHO MIOCUTANEO,0415040035,DEBRIDAMENTO DE ULCERA / DE TECIDOS DESVITALIZADOS
RETALHO MIOCUTANEO,0416030173,MAXILECTOMIA PARCIAL EM ONCOLOGIA
RETALHO MIOCUTANEO,0416080081,RECONSTRUÇÃO COM RETALHO MIOCUTÂNEO (QUALQUER PARTE) EM ONCOLOGIA
RETALHO MIOCUTANEO,0416080090,RECONSTRUÇÃO POR MICROCIRURGIA (QUALQUER PARTE) EM ONCOLOGIA
RETALHO PALATO FARINGE,0404020771,RESSECÇÃO DE LESÃO DA BOCA
RETINOPEXIA,0405030070,RETINOPEXIA COM INTROFLEXÃO ESCLERAL
RETINOPEXIA,0415020034,OUTROS PROCEDIMENTOS COM CIRURGIAS SEQUENCIAIS
RETIRADA CATETER TENCKHOFF OU SIMILIAR LONGA PERM.,0301160023,REABILITAÇÃO EM FALÊNCIA INTESTINAL EM NÍVEL HOSPITALAR
RETIRADA CATETER TENCKHOFF OU SIMILIAR LONGA PERM.,0303010037,TRATAMENTO DE OUTRAS DOENÇAS BACTERIANAS
RETIRADA CATETER TENCKHOFF OU SIMILIAR LONGA PERM.,0303020040,TRATAMENTO DE ANEMIA HEMOLITICA
RETIRADA CATETER TENCKHOFF OU SIMILIAR LONGA PERM.,0305010174,TRATAMENTO DE INTERCORRÊNCIA EM PACIENTE RENAL CRÔNICO SOB TRATAMENTO DIALÍTICO ( POR DIA)
RETIRADA CATETER TENCKHOFF OU SIMILIAR LONGA PERM.,0305020048,TRATAMENTO DE INSUFICIÊNCIA RENAL AGUDA
RETIRADA CATETER TENCKHOFF OU SIMILIAR LONGA PERM.,0409010065,CISTOLITOTOMIA E/OU RETIRADA DE CORPO ESTRANHO DA BEXIGA
RETIRADA CATETER TENCKHOFF OU SIMILIAR LONGA PERM.,0506020037,TRATAMENTO DE INTERCORRENCIA POS-TRANSPLANTE ALOGENICO DE CELULAS-TRONCO HEMATOPOETICAS DE APARENTADO (HOSPITAL DIA)
RETIRADA CATETER TENCKHOFF OU SIMILIAR LONGA PERM.,0506020045,TRATAMENTO DE INTERCORRÊNCIA PÓS-TRANSPLANTE DE ÓRGÃOS / CÉLULAS-TRONCO HEMATOPOÉTICAS
RETIRADA DE CATETER,0301160023,REABILITAÇÃO EM FALÊNCIA INTESTINAL EM NÍVEL HOSPITALAR
RETIRADA DE CATETER,0303010037,TRATAMENTO DE OUTRAS DOENÇAS BACTERIANAS
RETIRADA DE CATETER,0303010169,TRATAMENTO DE MICOSES (B35 A B49)
RETIRADA DE CATETER,0303040300,TRATAMENTO DO ACIDENTE VASCULAR CEREBRAL ISQUÊMICO AGUDO COM USO DE TROMBOLÍTICO
RETIRADA DE CATETER,0303070102,TRATAMENTO DE OUTRAS DOENCAS DO APARELHO DIGESTIVO
RETIRADA DE CATETER,0303140020,TRATAMENTO DA FIBROSE CISTICA COM MANIFESTACOES PULMONARES
RETIRADA DE CATETER,0304100013,TRATAMENTO DE INTERCORRÊNCIAS CLÍNICAS DE PACIENTE ONCOLÓGICO
RETIRADA DE CATETER,0304100021,TRATAMENTO CLÍNICO DE PACIENTE ONCOLÓGICO
RETIRADA DE CATETER,0305010174,TRATAMENTO DE INTERCORRÊNCIA EM PACIENTE RENAL CRÔNICO SOB TRATAMENTO DIALÍTICO ( POR DIA)
RETIRADA DE CATETER,0305020013,TRATAMENTO DA PIELONEFRITE
RETIRADA DE CATETER,0305020056,TRATAMENTO DA DOENÇA RENAL CRÔNICA - DRC
RETIRADA DE CATETER,0403010160,RETIRADA DE DERIVAÇÃO VENTRICULAR PARA PERITONEO / ÁTRIO / PLEURA / RAQUE
RETIRADA DE CATETER,0406030103,RETIRADA DE CORPO ESTRANHO DE SISTEMA CARDIOVASCULAR POR TÉCNICAS HEMODINÂMICAS
RETIRADA DE CATETER,0406040044,"ANGIOPLASTIA INTRALUMINAL DE AORTA, VEIA CAVA / VASOS ILÍACOS (SEM STENT)"
RETIRADA DE CATETER,0406040303,TRATAMENTO DE HEMATURIA OU SANGRAMENTO GENITAL POR EMBOLIZAÇÃO (INCLUI ESTUDO ANGIOGRÁFICO E/OU ENDOSCÓPICO)
RETIRADA DE CATETER,0407040161,LAPAROTOMIA EXPLORADORA
RETIRADA DE CATETER,0408030542,RESSECÇÃO DE ELEMENTO VERTEBRAL POSTERIOR / POSTERO-LATERAL DISTAIL A C2 (AT 2 SEGMENTOS)
RETIRADA DE CATETER,0505010062,TRANSPLANTE ALOGÊNICO DE CÉLULAS-TRONCO HEMATOPOÉTICAS DE SANGUE PERIFÉRICO - NÃO APARENTADO
RETIRADA DE CATETER,0505010089,TRANSPLANTE AUTOGENICO DE CELULAS-TRONCO HEMATOPOETICAS DE SANGUE PERIFERICO -
RETIRADA DE CATETER,0505020092,TRANSPLANTE DE RIM (ORGAO DE DOADOR FALECIDO)
RETIRADA DE CATETER,0506020010,INTERCORRENCIA POS TRANSPLANTE ALOGÊNICO DE CELULAS-TRONCO HEMATOPOÉTICAS - NAO APARENTADO (HOSPITAL DIA)
RETIRADA DE CATETER,0506020037,TRATAMENTO DE INTERCORRENCIA POS-TRANSPLANTE ALOGENICO DE CELULAS-TRONCO HEMATOPOETICAS DE APARENTADO (HOSPITAL DIA)
RETIRADA DE CATETER,0506020045,TRATAMENTO DE INTERCORRÊNCIA PÓS-TRANSPLANTE DE ÓRGÃOS / CÉLULAS-TRONCO HEMATOPOÉTICAS
RETIRADA DE CATETER,0506020096,TRATAMENTO DE INTERCORRENCIA PÓS TRANSPLANTE DE FIGADO- PÓS TRANSPLANTE CRÍTICO
RETIRADA DE CORNEA PARA TRANSPLANTE,0503010014,AÇÕES RELACIONADAS A DOAÇÃO DE ÓRGÃOS E TECIDOS PARA TRANSPLANTE
RETIRADA DE CORPO ESTRANHO EM SISTEMA CARDIOVASCULAR POR TÉCNICAS HEMODINÂMICAS,0406020124,EMBOLECTOMIA ARTERIAL
RETIRADA DE CORPO ESTRANHO EM SISTEMA CARDIOVASCULAR POR TÉCNICAS HEMODINÂMICAS,0406030103,RETIRADA DE CORPO ESTRANHO DE SISTEMA CARDIOVASCULAR POR TÉCNICAS HEMODINÂMICAS
RETIRADA DE CORPO ESTRANHO EM SISTEMA CARDIOVASCULAR POR TÉCNICAS HEMODINÂMICAS,0409010170,INSTALAÇÃO ENDOSCÓPICA DE CATETER DUPLO J
RETIRADA DE CORPO ESTRANHO EM SISTEMA CARDIOVASCULAR POR TÉCNICAS HEMODINÂMICAS,0415040035,DEBRIDAMENTO DE ULCERA / DE TECIDOS DESVITALIZADOS
RETIRADA DE CORPO ESTRANHO EM SISTEMA CARDIOVASCULAR POR TÉCNICAS HEMODINÂMICAS,0505020041,TRANSPLANTE DE CORACAO
RETIRADA DE CORPO ESTRANHO EM SISTEMA CARDIOVASCULAR POR TÉCNICAS HEMODINÂMICAS,0506020061,TRATAMENTO DE INTERCORRENCIA PÓS TRANSPLANTE DE CORAÇÃO- PÓS TRANSPLANTE CRÍTICO
RETIRADA DE DRENO,0408030534,RESSECÇÃO DE ELEMENTO VERTEBRAL POSTERIOR / POSTERO-LATERAL / DISTAL A C2 (MAIS DE 2 SEGMENTOS)
RETIRADA DE DRENO,0415020077,PROCEDIMENTOS SEQUENCIAIS EM NEUROCIRURGIA
RETIRADA DE MARCAPASSO,0406010919,RETIRADA DE SISTEMA DE ESTIMULAÇÃO CARDÍACA ARTIFICIAL
RETIRADA DE MARCAPASSO,0506020045,TRATAMENTO DE INTERCORRÊNCIA PÓS-TRANSPLANTE DE ÓRGÃOS / CÉLULAS-TRONCO HEMATOPOÉTICAS
RETIRADA DE MULTIPLOS ORGAOS,0303040149,TRATAMENTO DE ACIDENTE VASCULAR CEREBRAL - AVC (ISQUEMICO OU HEMORRAGICO AGUDO)
RETIRADA DE MULTIPLOS ORGAOS,0403010098,DERIVAÇÃO VENTRICULAR EXTERNAR-SUBGALEAL EXTERNA
RETIRADA DE MULTIPLOS ORGAOS,0503010014,AÇÕES RELACIONADAS A DOAÇÃO DE ÓRGÃOS E TECIDOS PARA TRANSPLANTE
RETIRADA DE PROTESE MAMARIA,0410010073,PLASTICA MAMÁRIA FEMININA NAO ESTETICA
RETIRADA DE PROTESE MAMARIA,0410010146,RETIRADA DE PRÓTESE MAMÁRIA BILATERAL EM CASOS DE COMPLICAÇÃO DA PRÓTESE MAMÁRIA IMPLANTADA
RETIRADA DE PROTESE MAMARIA,0410010154,"RETIRADA DE PRÓTESE MAMÁRIA UNILATERAL EM CASOS DE COMPLICAÇÃO DE IMPLANTAÇÃO DA PRÓTESE, COM IMPLANTAÇÃO DE NOVA PRÓTESE, NO MESMO ATO CIRÚRGICO"
RETOSSIGMOIDECTOMIA ABDOMINAL,0407020403,RETOSSIGMOIDECTOMIA ABDOMINAL
RETOSSIGMOIDECTOMIA ABDOMINAL,0415020034,OUTROS PROCEDIMENTOS COM CIRURGIAS SEQUENCIAIS
RETOSSIGMOIDECTOMIA ABDOMINAL,0415020050,PROCEDIMENTOS SEQUENCIAIS EM ONCOLOGIA
RETOSSIGMOIDECTOMIA ABDOMINAL,0416050018,AMPUTAÇÃO ABDOMINO-PERINEAL DE RETO EM ONCOLOGIA
RETOSSIGMOIDECTOMIA ABDOMINAL,0416050077,RETOSSIGMOIDECTOMIA ABDOMINAL EM ONCOLOGIA
RETOSSIGMOIDECTOMIA ABDOMINAL VIDEOLAPAROSCÓPICA,0415020050,PROCEDIMENTOS SEQUENCIAIS EM ONCOLOGIA
RETOSSIGMOIDECTOMIA ABDOMINAL VIDEOLAPAROSCÓPICA,0416050026,COLECTOMIA PARCIAL (HEMICOLECTOMIA) EM ONCOLOGIA
RETOSSIGMOIDECTOMIA ABDOMINAL VIDEOLAPAROSCÓPICA,0416050077,RETOSSIGMOIDECTOMIA ABDOMINAL EM ONCOLOGIA
RETOSSIGMOIDECTOMIA ABDOMINAL VIDEOLAPAROSCÓPICA,0416050123,COLECTOMIA VIDEOLAPAROSCÓPICA EM ONCOLOGIA
RETOSSIGMOIDECTOMIA ABDOMINO-PERINEAL,0415020034,OUTROS PROCEDIMENTOS COM CIRURGIAS SEQUENCIAIS
RETOSSIGMOIDECTOMIA ABDOMINO-PERINEAL,0416050018,AMPUTAÇÃO ABDOMINO-PERINEAL DE RETO EM ONCOLOGIA
RETOSSIGMOIDOSCOPIA,0303010037,TRATAMENTO DE OUTRAS DOENÇAS BACTERIANAS
RETOSSIGMOIDOSCOPIA,0303010061,TRATAMENTO DE DOENÇAS INFECCIOSAS INTESTINAIS
RETOSSIGMOIDOSCOPIA,0303060298,TRATAMENTO DE TROMBOSE VENOSA PROFUNDA
RETOSSIGMOIDOSCOPIA,0303070072,TRATAMENTO DE DOENCAS DO FIGADO
RETOSSIGMOIDOSCOPIA,0303070099,TRATAMENTO DE ENTERITES E COLITES NAO INFECCIOSAS
RETOSSIGMOIDOSCOPIA,0303070102,TRATAMENTO DE OUTRAS DOENCAS DO APARELHO DIGESTIVO
RETOSSIGMOIDOSCOPIA,0303070110,TRATAMENTO DE OUTRAS DOENCAS DO INTESTINO
RETOSSIGMOIDOSCOPIA,0303170131,TRATAMENTO CLÍNICO EM SAÚDE MENTAL EM SITUAÇÃO DE RISCO ELEVADO DE SUICÍDIO.
RETOSSIGMOIDOSCOPIA,0303180072,TRATAMENTO DE HIV / AIDS
RETOSSIGMOIDOSCOPIA,0304100013,TRATAMENTO DE INTERCORRÊNCIAS CLÍNICAS DE PACIENTE ONCOLÓGICO
RETOSSIGMOIDOSCOPIA,0304100021,TRATAMENTO CLÍNICO DE PACIENTE ONCOLÓGICO
RETOSSIGMOIDOSCOPIA,0305020056,TRATAMENTO DA DOENÇA RENAL CRÔNICA - DRC
RETOSSIGMOIDOSCOPIA,0406020043,ANEURISMECTOMIA DE AORTA ABDOMINAL INFRA-RENAL
RETOSSIGMOIDOSCOPIA,0407020071,COLECTOMIA TOTAL
RETOSSIGMOIDOSCOPIA,0407020101,COLOSTOMIA
RETOSSIGMOIDOSCOPIA,0409010170,INSTALAÇÃO ENDOSCÓPICA DE CATETER DUPLO J
RETOSSIGMOIDOSCOPIA,0415020034,OUTROS PROCEDIMENTOS COM CIRURGIAS SEQUENCIAIS
RETOSSIGMOIDOSCOPIA,0415020050,PROCEDIMENTOS SEQUENCIAIS EM ONCOLOGIA
RETOSSIGMOIDOSCOPIA,0416050018,AMPUTAÇÃO ABDOMINO-PERINEAL DE RETO EM ONCOLOGIA
RETOSSIGMOIDOSCOPIA,0505020092,TRANSPLANTE DE RIM (ORGAO DE DOADOR FALECIDO)
RETOSSIGMOIDOSCOPIA,0506020045,TRATAMENTO DE INTERCORRÊNCIA PÓS-TRANSPLANTE DE ÓRGÃOS / CÉLULAS-TRONCO HEMATOPOÉTICAS
RETOSSIGMOIDOSCOPIA,0506020100,TRATAMENTO DE INTERCORRENCIA PÓS TRANSPLANTE ALOGÊNICO DE CÉLULAS-TRONCO HEMATOPOÉTICAS- PÓS TRANSPLANTE CRÍTICO
RETOSSIGMOIDOSCOPIA FLEXIVEL,0303010037,TRATAMENTO DE OUTRAS DOENÇAS BACTERIANAS
RETOSSIGMOIDOSCOPIA FLEXIVEL,0303030046,TRATAMENTO DE DISTURBIOS METABOLICOS
RETOSSIGMOIDOSCOPIA FLEXIVEL,0303040149,TRATAMENTO DE ACIDENTE VASCULAR CEREBRAL - AVC (ISQUEMICO OU HEMORRAGICO AGUDO)
RETOSSIGMOIDOSCOPIA FLEXIVEL,0303070110,TRATAMENTO DE OUTRAS DOENCAS DO INTESTINO
RETOSSIGMOIDOSCOPIA FLEXIVEL,0304100013,TRATAMENTO DE INTERCORRÊNCIAS CLÍNICAS DE PACIENTE ONCOLÓGICO
RETOSSIGMOIDOSCOPIA FLEXIVEL,0304100021,TRATAMENTO CLÍNICO DE PACIENTE ONCOLÓGICO
RETOSSIGMOIDOSCOPIA FLEXIVEL,0305020056,TRATAMENTO DA DOENÇA RENAL CRÔNICA - DRC
RETOSSIGMOIDOSCOPIA FLEXIVEL,0406020043,ANEURISMECTOMIA DE AORTA ABDOMINAL INFRA-RENAL
RETOSSIGMOIDOSCOPIA FLEXIVEL,0407020063,COLECTOMIA PARCIAL (HEMICOLECTOMIA)
RETOSSIGMOIDOSCOPIA FLEXIVEL,0407020101,COLOSTOMIA
RETOSSIGMOIDOSCOPIA FLEXIVEL,0407020225,EXCISÃO DE LESÃO / TUMOR ANU-RETAL
RETOSSIGMOIDOSCOPIA FLEXIVEL,0407040013,DRENAGEM DE ABSCESSO PÉLVICO
RETOSSIGMOIDOSCOPIA FLEXIVEL,0407040161,LAPAROTOMIA EXPLORADORA
RETOSSIGMOIDOSCOPIA FLEXIVEL,0415020034,OUTROS PROCEDIMENTOS COM CIRURGIAS SEQUENCIAIS
RETOSSIGMOIDOSCOPIA FLEXIVEL,0415020050,PROCEDIMENTOS SEQUENCIAIS EM ONCOLOGIA
RETOSSIGMOIDOSCOPIA FLEXIVEL,0415020077,PROCEDIMENTOS SEQUENCIAIS EM NEUROCIRURGIA
RETOSSIGMOIDOSCOPIA FLEXIVEL,0416050050,EXCISÃO LOCAL DE TUMOR DO RETO EM ONCOLOGIA
RETOSSIGMOIDOSCOPIA FLEXIVEL,0416050077,RETOSSIGMOIDECTOMIA ABDOMINAL EM ONCOLOGIA
RETRACAO CICATR. DEDOS S/COMPR.TENDINOSO,0413040208,TRATAMENTO CIRURGICO DE RETRACAO CICATRICIAL DOS DEDOS DA MAO/PE S/ COMPROMETIMENTO TENDINOSO
RETRACAO CICATRICIAL-CORRECAO UM ESTAGIO,0413040178,TRATAMENTO CIRURGICO DE LESOES EXTENSAS C/ PERDA DE SUBSTANCIA CUTANEA
REVASCULARIZACAO MIOCARDIO C/ CEC,0406010692,IMPLANTE DE PRÓTESE VALVAR
REVASCULARIZACAO MIOCARDIO C/ CEC,0406010927,REVASCULARIZAÇÃO MIOCÁRDICA COM USO DE EXTRACÓRPOREA
REVASCULARIZACAO MIOCARDIO C/ CEC,0406010935,REVASCULARIZAÇÃO MIOCÁRDICA C/ USO DE EXTRACÓRPOREA (C/ 2 OU MAIS ENXERTOS)
REVASCULARIZACAO MIOCARDIO C/ CEC,0406011206,TROCA VALVAR C/ REVASCULARIZAÇÃO MIOCÁRDICA
REVASCULARIZACAO MIOCARDIO C/ CEC,0415020034,OUTROS PROCEDIMENTOS COM CIRURGIAS SEQUENCIAIS
REVISAO COTO AMPUTADO DE PERNA,0303010037,TRATAMENTO DE OUTRAS DOENÇAS BACTERIANAS
REVISAO COTO AMPUTADO DE PERNA,0408050012,AMPUTACAO / DESARTICULACAO DE MEMBROS INFERIORES
REVISAO COTO AMPUTADO DE PERNA,0408050330,REVISÃO CIRURGICA DE COTO DE AMPUTAÇÃO EM MEMBRO INFERIOR (EXCETO DEDOS DO PÉ)
REVISAO COTO AMPUTADO DE PERNA,0415040035,DEBRIDAMENTO DE ULCERA / DE TECIDOS DESVITALIZADOS
REVISAO DE ARTROPLASTIA,0408040076,ARTROPLASTIA DE REVISÃO OU RECONSTRUÇÃO DO QUADRIL
REVISAO DE ARTROPLASTIA,0408040335,TRATAMENTO CIRURGICO DE LUXACAO COXO-FEMORAL TRAUMATICA / POS-ARTROPLASTIA
REVISAO DE ARTROPLASTIA,0408050055,ARTROPLASTIA TOTAL DE JOELHO - REVISÃO / RECONSTRUÇÃO
REVISAO DE ARTROPLASTIA,0408050063,ARTROPLASTIA TOTAL PRIMÁRIA DO JOELHO
REVISAO DE ARTROPLASTIA,0408060069,ARTROPLASTIA DE RESSECÇÃO DE MÉDIA / GRANDE ARTICULAÇÃO
REVISAO DE ARTROPLASTIA,0408060387,RETIRADA DE PRÓTESE DE SUBSTITUIÇÃO DE GRANDES ARTICULAÇÕES (OMBRO / COTOVELO / QUADRIL / JOELHO)
REVISAO DE ARTROPLASTIA,0408060620,TRATAMENTO CIRÚRGICO DE INFECÇÃO PÓS-ARTROPLASTIA (GRANDES ARTICULAÇÕES)
REVISAO DE ARTROPLASTIA,0415020069,PROCEDIMENTOS SEQUENCIAIS EM ORTOPEDIA
REVISAO DE ARTROPLASTIA,0415020077,PROCEDIMENTOS SEQUENCIAIS EM NEUROCIRURGIA
REVISAO DE ARTROPLASTIA,0506020045,TRATAMENTO DE INTERCORRÊNCIA PÓS-TRANSPLANTE DE ÓRGÃOS / CÉLULAS-TRONCO HEMATOPOÉTICAS
REVISAO DE CAVIDADE RADICAL + MEATOPLASTIA OD,0415020034,OUTROS PROCEDIMENTOS COM CIRURGIAS SEQUENCIAIS
REVISAO DE COTO AMPUTADO,0303010037,TRATAMENTO DE OUTRAS DOENÇAS BACTERIANAS
REVISAO DE COTO AMPUTADO,0401020100,EXTIRPAÇÃOE SUPRESSÃO DE LESÃO DE PELE E DE TECIDO CELULAR SUBCUTÂNEO
REVISAO DE COTO AMPUTADO,0408050012,AMPUTACAO / DESARTICULACAO DE MEMBROS INFERIORES
REVISAO DE COTO AMPUTADO,0408060190,OSTEOTOMIA DE OSSOS LONGOS EXCETO DA MÃO E DO PÉ
REVISAO DE COTO AMPUTADO,0415040035,DEBRIDAMENTO DE ULCERA / DE TECIDOS DESVITALIZADOS
REVISAO DE COTO AMPUTADO,0416090010,AMPUTAÇÃO / DESARTICULAÇÃO DE MEMBROS INFERIORES EM ONCOLOGIA
REVISAO DE HEMOSTASIA,0305020056,TRATAMENTO DA DOENÇA RENAL CRÔNICA - DRC
REVISAO DE HEMOSTASIA,0401020100,EXTIRPAÇÃOE SUPRESSÃO DE LESÃO DE PELE E DE TECIDO CELULAR SUBCUTÂNEO
REVISAO DE HEMOSTASIA,0404010016,ADENOIDECTOMIA
REVISAO DE HEMOSTASIA,0416010202,SUPRARRENALECTOMIA EM ONCOLOGIA
REVISAO DE HEMOSTASIA,0416060137,HISTERECTOMIA VIDEOLAPAROSCÓPICA CO OU SEM ANEXECTOMIA (UNI/BILATERAL) EM ONCOLOGIA
REVISAO DE IMPLANTE DE MARCA PASSO,0406010862,REPOSICIONAMENTO DE ELETRODOS DE MARCAPASSO
REVISAO DE IMPLANTE DE MARCA PASSO,0406010919,RETIRADA DE SISTEMA DE ESTIMULAÇÃO CARDÍACA ARTIFICIAL
REVISAO DE IMPLANTE DE MARCA PASSO,0415020034,OUTROS PROCEDIMENTOS COM CIRURGIAS SEQUENCIAIS
REVISAO DE OUVIDO MEDIO,0303010037,TRATAMENTO DE OUTRAS DOENÇAS BACTERIANAS
REVISAO DE PORTOCATH,0303010037,TRATAMENTO DE OUTRAS DOENÇAS BACTERIANAS
REVISAO DE PORTOCATH,0303040025,INTERNAÇÃO P/ O TRATAMENTO MEDICAMENTOSO DA OSTEOGENESIS IMPERFECTA
REVISAO DE PORTOCATH,0303180013,TRATAMENTO DE AFECÇÕES ASSOCIADAS AO HIV/AIDS
REVISAO DE PORTOCATH,0304080039,INTERNAÇÃO P/ QUIMIOTERAPIA DE LEUCEMIAS AGUDAS / CRÔNICAS AGUDIZADAS
REVISAO DE PORTOCATH,0304100013,TRATAMENTO DE INTERCORRÊNCIAS CLÍNICAS DE PACIENTE ONCOLÓGICO
REVISAO DE PORTOCATH,0304100021,TRATAMENTO CLÍNICO DE PACIENTE ONCOLÓGICO
REVISAO DE PORTOCATH,0406020078,IMPLANTAÇÃO DE CATETER DE LONGA PERMANÊNCIA SEMI OU TOTALMENTE IMPLANTAVEL (PROCEDIMENTO PRINCIPAL)
REVISAO DE PORTOCATH,0407040188,LIBERAÇÃO DE ADERÊNCIAS INTESTINAIS
REVISAO DE PORTOCATH,0506020045,TRATAMENTO DE INTERCORRÊNCIA PÓS-TRANSPLANTE DE ÓRGÃOS / CÉLULAS-TRONCO HEMATOPOÉTICAS
REVISAO DE TRANSPLANTE RENAL,0505020092,TRANSPLANTE DE RIM (ORGAO DE DOADOR FALECIDO)
REVISAO DE TRANSPLANTE RENAL,0505020106,TRANSPLANTE DE RIM (ORGAO DE DOADOR VIVO)
REVISAO DE TRANSPLANTE RENAL,0506020045,TRATAMENTO DE INTERCORRÊNCIA PÓS-TRANSPLANTE DE ÓRGÃOS / CÉLULAS-TRONCO HEMATOPOÉTICAS
REVISAO DE TRAQUEOSTOMIA,0209040033,TRAQUEOSCOPIA
REVISAO DE TRAQUEOSTOMIA,0303010037,TRATAMENTO DE OUTRAS DOENÇAS BACTERIANAS
REVISAO DE TRAQUEOSTOMIA,0303070064,TRATAMENTO DE DOENCAS DO ESOFAGO ESTOMAGO E DUODENO
REVISAO DE TRAQUEOSTOMIA,0303110104,TRATAMENTO DE OUTRAS MALFORMACOES CONGENITAS
REVISAO DE TRAQUEOSTOMIA,0303140046,TRATAMENTO DAS DOENCAS CRONICAS DAS VIAS AEREAS INFERIORES
REVISAO DE TRAQUEOSTOMIA,0303140100,TRATAMENTO DE INFECCOES AGUDAS DAS VIAS AEREAS SUPERIORES
REVISAO DE TRAQUEOSTOMIA,0303140135,TRATAMENTO DE OUTRAS DOENCAS DO APARELHO RESPIRATORIO
REVISAO DE TRAQUEOSTOMIA,0303140143,TRATAMENTO DE OUTRAS INFECCOES AGUDAS DAS VIAS AEREAS INFERIORES
REVISAO DE TRAQUEOSTOMIA,0303140151,TRATAMENTO DE PNEUMONIAS OU INFLUENZA (GRIPE)
REVISAO DE TRAQUEOSTOMIA,0403010160,RETIRADA DE DERIVAÇÃO VENTRICULAR PARA PERITONEO / ÁTRIO / PLEURA / RAQUE
REVISAO DE TRAQUEOSTOMIA,0404010318,RETIRADA DE CORPO ESTRANHO DE OUVIDO / FARINGE / LARINGE / NARIZ
REVISAO DE TRAQUEOSTOMIA,0404010377,TRAQUEOSTOMIA
REVISAO DE TRAQUEOSTOMIA,0415010012,TRATAMENTO C/ CIRURGIAS MULTIPLAS
REVISÃO DE DERIVAÇÃO VENTRÍCULO-PERITONEAL,0403010101,DERIVAÇÃO VENTRICULAR PARA PERITÔNEO / ÁTRIO / PLEURA / RAQUE
REVISÃO DE DERIVAÇÃO VENTRÍCULO-PERITONEAL,0403010160,RETIRADA DE DERIVAÇÃO VENTRICULAR PARA PERITONEO / ÁTRIO / PLEURA / RAQUE
REVISÃO DE DERIVAÇÃO VENTRÍCULO-PERITONEAL,0403010187,REVISÃO DE DERIVAÇÃO VENTRICULAR PARA PERITÔNEO / ÁTRIO / PLEURA / RAQUE
REVISÃO DE DERIVAÇÃO VENTRÍCULO-PERITONEAL,0506020045,TRATAMENTO DE INTERCORRÊNCIA PÓS-TRANSPLANTE DE ÓRGÃOS / CÉLULAS-TRONCO HEMATOPOÉTICAS
RINOPLASTIA P/ DEFEITOS POS-TRAUMATICO,0404020240,RECONSTRUÇÃO TOTAL OU PARCIAL DE NARIZ
RINOPLASTIA RECUPERADORA NAO ESTETICA,0404010482,SEPTOPLASTIA PARA CORREÇÃO DE DESVIO
RINOPLASTIA RECUPERADORA NAO ESTETICA,0404020240,RECONSTRUÇÃO TOTAL OU PARCIAL DE NARIZ
RINOPLASTIA RECUPERADORA NAO ESTETICA,0404020321,RINOPLASTIA PARA DEFEITOS PÓS-TRAUMÁTICOS
RINOPLASTIA RECUPERADORA NAO ESTETICA,0404030076,LABIOPLASTIA UNILATERAL EM DOIS TEMPOS
RINOPLASTIA RECUPERADORA NAO ESTETICA,0415020034,OUTROS PROCEDIMENTOS COM CIRURGIAS SEQUENCIAIS
RINOSEPTOPLASTIA,0303060131,TRATAMENTO DE EDEMA AGUDO DE PULMAO
RINOSEPTOPLASTIA,0404010482,SEPTOPLASTIA PARA CORREÇÃO DE DESVIO
RINOSEPTOPLASTIA,0404010520,SEPTOPLASTIA REPARADORA NÂO ESTÉTICA
RINOSEPTOPLASTIA,0404020321,RINOPLASTIA PARA DEFEITOS PÓS-TRAUMÁTICOS
RINOSEPTOPLASTIA,0415010012,TRATAMENTO C/ CIRURGIAS MULTIPLAS
RINOSEPTOPLASTIA,0415020034,OUTROS PROCEDIMENTOS COM CIRURGIAS SEQUENCIAIS
RITIDOPLASTIA + VIDEO + LASER,0401020100,EXTIRPAÇÃOE SUPRESSÃO DE LESÃO DE PELE E DE TECIDO CELULAR SUBCUTÂNEO
RITIDOPLASTIA CERVICOFACIAL CONVENCIONAL,0404020399,TRATAMENTO CIRÚRGICO DE PARALISIA FACIAL (SUSPENSÃO DE HEMIFACE)
ROTACAO DE RETALHO,0401020037,ENXERTO LIVRE DE PELE TOTAL
ROTACAO DE RETALHO,0401020053,EXCISÃO E SUTURA DE LESAO NA PELE C/ PLÁSTICA EM Z OU ROTAÇÃO DE RETALHO
ROTACAO DE RETALHO,0403020018,ENXERTO MICROCIRURGICO DE NERVO PERIFERICO (2 OU MAIS NERVOS)
ROTACAO DE RETALHO,0408060069,ARTROPLASTIA DE RESSECÇÃO DE MÉDIA / GRANDE ARTICULAÇÃO
ROTACAO DE RETALHO,0409050130,CIRURGIAS COMPLEMENTARES DE REDESIGNAÇÃO SEXUAL
ROTACAO DE RETALHO,0413040020,CORREÇÃO DE RETRAÇÃO CICATRICIAL VÁRIOS ESTÁGIOS
ROTACAO DE RETALHO,0413040097,PREPARO DE RETALHO
ROTACAO DE RETALHO,0413040178,TRATAMENTO CIRURGICO DE LESOES EXTENSAS C/ PERDA DE SUBSTANCIA CUTANEA
ROTACAO DE RETALHO,0415010012,TRATAMENTO C/ CIRURGIAS MULTIPLAS
ROTACAO DE RETALHO,0415020034,OUTROS PROCEDIMENTOS COM CIRURGIAS SEQUENCIAIS
ROTACAO DE RETALHO,0415020050,PROCEDIMENTOS SEQUENCIAIS EM ONCOLOGIA
ROTACAO DE RETALHO,0415040035,DEBRIDAMENTO DE ULCERA / DE TECIDOS DESVITALIZADOS
ROTACAO DE RETALHO,0416080030,EXCISÃO E SUTURA DE LESÃO NA PELE COM PLASTICA EM Z OU ROTAÇÃO DE RETALHO EM ONCOLOGIA
ROTACAO DE RETALHO,0416080081,RECONSTRUÇÃO COM RETALHO MIOCUTÂNEO (QUALQUER PARTE) EM ONCOLOGIA
SAFENECTOMIA EXTERNA RADICAL (UM MEMBRO),0406020574,TRATAMENTO CIRÚRGICO DE VARIZES (UNILATERAL)
SAFENECTOMIA EXTERNA RADICAL(DOIS MEMBROS),0406020566,TRATAMENTO CIRURGICO DE VARIZES (BILATERAL)
"SAFENECTOMIA EXTERNA, INTERNA RADICAL 1 MEMBRO",0406020574,TRATAMENTO CIRÚRGICO DE VARIZES (UNILATERAL)
"SAFENECTOMIA EXTERNA, INTERNA RADICAL 2 MEMBROS",0406020566,TRATAMENTO CIRURGICO DE VARIZES (BILATERAL)
"SAFENECTOMIA EXTERNA, INTERNA RADICAL 2 MEMBROS",0406020574,TRATAMENTO CIRÚRGICO DE VARIZES (UNILATERAL)
SAFENECTOMIA INTERNA RADICAL (UM MEMBRO),0406020574,TRATAMENTO CIRÚRGICO DE VARIZES (UNILATERAL)
SAFENECTOMIA INTERNA RADICAL(DOIS MEMBROS),0406020566,TRATAMENTO CIRURGICO DE VARIZES (BILATERAL)
SALPINGECTOMIA BILATERAL,0415020034,OUTROS PROCEDIMENTOS COM CIRURGIAS SEQUENCIAIS
SALPINGECTOMIA BILATERAL,0415020050,PROCEDIMENTOS SEQUENCIAIS EM ONCOLOGIA
SALPINGECTOMIA BILATERAL VIDEOLAPAROSCOPICA,0409060240,SALPINGECTOMIA VIDEOLAPAROSCOPICA
SALPINGECTOMIA BILATERAL VIDEOLAPAROSCOPICA,0415020034,OUTROS PROCEDIMENTOS COM CIRURGIAS SEQUENCIAIS
SALPINGECTOMIA UNILATERAL,0409060232,SALPINGECTOMIA UNI / BILATERAL
SALPINGECTOMIA UNILATERAL,0409060240,SALPINGECTOMIA VIDEOLAPAROSCOPICA
SALPINGECTOMIA UNILATERAL,0411020048,TRATAMENTO CIRURGICO DE GRAVIDEZ ECTOPICA
SALPINGECTOMIA UNILATERAL,0415020034,OUTROS PROCEDIMENTOS COM CIRURGIAS SEQUENCIAIS
SALPINGECTOMIA VIDEOLAPAROSCOPICA,0409060240,SALPINGECTOMIA VIDEOLAPAROSCOPICA
SALPINGECTOMIA VIDEOLAPAROSCOPICA,0411020048,TRATAMENTO CIRURGICO DE GRAVIDEZ ECTOPICA
SALPINGECTOMIA VIDEOLAPAROSCOPICA,0415020034,OUTROS PROCEDIMENTOS COM CIRURGIAS SEQUENCIAIS
SALPINGO-OOFOROFIXACAO,0304100021,TRATAMENTO CLÍNICO DE PACIENTE ONCOLÓGICO
SALPINGOPLASTIA,0409060216,OOFORECTOMIA / OOFOROPLASTIA
SALPINGOPLASTIA,0409060267,SALPINGOPLASTIA VIDEOLAPAROSCOPICA
SEGMENTECTOMIA PULMONAR,0412050102,"RESSECÇÃO EM CUNHA, TUMORECTOMIA / BIOPSIA DE PULMAO A CEU ABERTO"
SEGMENTECTOMIA PULMONAR,0415020034,OUTROS PROCEDIMENTOS COM CIRURGIAS SEQUENCIAIS
SEGMENTECTOMIA PULMONAR,0415020050,PROCEDIMENTOS SEQUENCIAIS EM ONCOLOGIA
SEGMENTECTOMIA PULMONAR,0416110061,SEGMENTECTOMIA PULMONAR EM ONCOLOGIA
SEGMENTECTOMIA PULMONAR,0416110070,RESSECÇAO PULMONAR EM CUNHA EM ONCOLOGIA
SEPTOPLASTIA,0404010415,TURBINECTOMIA
SEPTOPLASTIA,0404010482,SEPTOPLASTIA PARA CORREÇÃO DE DESVIO
SEPTOPLASTIA,0415010012,TRATAMENTO C/ CIRURGIAS MULTIPLAS
SEPTOPLASTIA,0415020034,OUTROS PROCEDIMENTOS COM CIRURGIAS SEQUENCIAIS
SEPTOPLASTIA,0416030238,RESSECÇÃO DE TUMOR DE RINOFARINGE EM ONCOLOGIA
SETORECTOMIA,0406020159,EXERESE DE GANGLIO LINFÁTICO
SETORECTOMIA,0410010073,PLASTICA MAMÁRIA FEMININA NAO ESTETICA
SETORECTOMIA,0410010111,SETORECTOMIA / QUADRANTECTOMIA
SETORECTOMIA,0413040178,TRATAMENTO CIRURGICO DE LESOES EXTENSAS C/ PERDA DE SUBSTANCIA CUTANEA
SETORECTOMIA,0415020034,OUTROS PROCEDIMENTOS COM CIRURGIAS SEQUENCIAIS
SETORECTOMIA,0415020050,PROCEDIMENTOS SEQUENCIAIS EM ONCOLOGIA
SETORECTOMIA,0416120059,SEGMENTECTOMIA/QUADRANTECTOMIA/SETORECTOMIA DE MAMA EM ONCOLOGIA
SETORECTOMIA C/ ESVAZIAMENTO  AXILAR,0415020050,PROCEDIMENTOS SEQUENCIAIS EM ONCOLOGIA
SETORECTOMIA C/ ESVAZIAMENTO  AXILAR,0416020216,LINFADENECTOMIA AXILAR UNILATERAL EM ONCOLOGIA
SETORECTOMIA C/LINFADENECTOMIA,0415020050,PROCEDIMENTOS SEQUENCIAIS EM ONCOLOGIA
SHUNT INTRAHEPATICO PORTO SISTEMICO (TIPS) COM STENT NÃO RECOBERTO,0406040265,IMPLANTAÇÃO DE SHUNT INTRA-HEPÁTICO PORTO-SISTÊMICO (TIPS) COM STENT NÃO RECOBERTO
SHUNT INTRAHEPATICO PORTO SISTEMICO (TIPS) COM STENT NÃO RECOBERTO,0415020034,OUTROS PROCEDIMENTOS COM CIRURGIAS SEQUENCIAIS
SIGMOIDECTOMIA,0407020063,COLECTOMIA PARCIAL (HEMICOLECTOMIA)
SIGMOIDECTOMIA,0415020034,OUTROS PROCEDIMENTOS COM CIRURGIAS SEQUENCIAIS
SIMPATECTOMIA TORACICA,0403050138,SIMPATECTOMIA TORACICA A CÉU ABERTO
SIMPATECTOMIA TORACICA,0403050146,SIMPATECTOMIA TORÁCICA VIDEOCIRÚRGICA
SINDACTILIA UNILATERAL,0408060700,TRATAMENTO CIRÚRGICO DE SINDACTILIA SIMPLES (DOIS DEDOS)
SINOVECTOMIA SUB-TOTAL DO JOELHO,0408060123,EXPLORAÇÃO ARTICULAR C/ OU S/ SINOVECTOMIA DE MÉDIAS / GRANDES ARTICULAÇÕES
SINUSOTOMIA,0304100021,TRATAMENTO CLÍNICO DE PACIENTE ONCOLÓGICO
SINUSOTOMIA,0404010121,"EXÉRESE DE TUMOR DE VIAS AEREAS SUPERIORES, FACE E PESCOÇO"
SINUSOTOMIA,0404010512,SINUSOTOMIA TRANSMAXILAR
SINUSOTOMIA,0415020034,OUTROS PROCEDIMENTOS COM CIRURGIAS SEQUENCIAIS
SINUSOTOMIA,0416030238,RESSECÇÃO DE TUMOR DE RINOFARINGE EM ONCOLOGIA
SINUSOTOMIA MAXILAR,0404010415,TURBINECTOMIA
SINUSOTOMIA MAXILAR,0404010512,SINUSOTOMIA TRANSMAXILAR
SINUSOTOMIA MAXILAR,0415020034,OUTROS PROCEDIMENTOS COM CIRURGIAS SEQUENCIAIS
SINUSOTOMIA MAXILAR,0506020070,TRATAMENTO DE INTERCORRÊNCIA PÓS TRANSPLANTE DE PULMÃO UNI/BILATERAL - PÓS TRANSPLANTE CRÍTICO
SONDAGEM,0303010037,TRATAMENTO DE OUTRAS DOENÇAS BACTERIANAS
SONDAGEM,0304100021,TRATAMENTO CLÍNICO DE PACIENTE ONCOLÓGICO
SONDAGEM,0409030040,RESSECÇÃO ENDOSCÓPICA DE PRÓSTATA
TENODESE DO LONGO BICEPS NA GOT BICIPTAL,0408010142,REPARO DE ROTURA DO MANGUITO ROTADOR (INCLUI PROCEDIMENTOS DESCOMPRESSIVOS)
TENOLISE,0408060441,TENÓLISE
TENOPLASTIA OU ENXERTO TENDAO NIVEL MAO,0403020042,MICROCIRURGIA DE PLEXO BRAQUIAL COM MICROENXERTIA
TENOPLASTIA OU ENXERTO TENDAO NIVEL MAO,0408020326,TRATAMENTO CIRÚRGICO DE DEDO EM GATILHO
TENOPLASTIA OU ENXERTO TENDAO OUTRAS REG,0408060018,ALONGAMENTO / ENCURTAMENTO MIOTENDINOSO
TENOPLASTIA OU ENXERTO TENDAO OUTRAS REG,0408060476,TENOPLASTIA OU ENXERTO DE TENDÃO UNICO
TENOPLASTIA OU ENXERTO TENDAO OUTRAS REG,0415020069,PROCEDIMENTOS SEQUENCIAIS EM ORTOPEDIA
TENOTOMIA,0408010142,REPARO DE ROTURA DO MANGUITO ROTADOR (INCLUI PROCEDIMENTOS DESCOMPRESSIVOS)
TENOTOMIA,0408050349,REVISÃO CIRÚRGICA DO PE TORTO CONGENITO
TENOTOMIA,0408060018,ALONGAMENTO / ENCURTAMENTO MIOTENDINOSO
TENOTOMIA,0408060468,TENOMIOTOMIA / DESINSERÇÃO
TENOTOMIA,0408060581,TRATAMENTO CIRÚRGICO DE DEFORMIDADE ARTICULAR POR RETRACAO TENO-CAPSULO-LIGAMENTAR
TERCEIROVENTRICULOSTOMIA,0403010128,MICROCIRURGIA CEREBRAL ENDOSCOPICA
TERCEIROVENTRICULOSTOMIA,0415020077,PROCEDIMENTOS SEQUENCIAIS EM NEUROCIRURGIA
TIMECTOMIA,0412020068,TIMECTOMIA
TIMECTOMIA,0416110088,TIMECTOMIA EM ONCOLOGIA
TIMPANOPLASTIA,0404010350,TIMPANOPLASTIA (UNI / BILATERAL)
TIMPANOPLASTIA,0415020034,OUTROS PROCEDIMENTOS COM CIRURGIAS SEQUENCIAIS
TIMPANOPLASTIA COM MASTOIDE,0404010210,MASTOIDECTOMIA RADICAL
TIMPANOPLASTIA COM MASTOIDE,0404010350,TIMPANOPLASTIA (UNI / BILATERAL)
TIMPANOPLASTIA COM MASTOIDE,0415020034,OUTROS PROCEDIMENTOS COM CIRURGIAS SEQUENCIAIS
TIMPANOPLASTIA COM MASTOIDE,0415020077,PROCEDIMENTOS SEQUENCIAIS EM NEUROCIRURGIA
TIMPANOTOMIA EXPLORADORA,0404010350,TIMPANOPLASTIA (UNI / BILATERAL)
TIMPANOTOMIA EXPLORADORA,0415020034,OUTROS PROCEDIMENTOS COM CIRURGIAS SEQUENCIAIS
TIMPANOTOMIA PARA TUBO DE VENTILACAO,0303140070,TRATAMENTO DE DOENÇA DO OUVIDO EXTERNO MÉDIO E DA MASTÓIDE
TIMPANOTOMIA PARA TUBO DE VENTILACAO,0404010237,MICROCIRURGIA OTOLOGICA
TIMPANOTOMIA PARA TUBO DE VENTILACAO,0404010350,TIMPANOPLASTIA (UNI / BILATERAL)
TIMPANOTOMIA PARA TUBO DE VENTILACAO,0415020034,OUTROS PROCEDIMENTOS COM CIRURGIAS SEQUENCIAIS
TIREOIDECTOMIA,0402010035,TIREOIDECTOMIA PARCIAL
TIREOIDECTOMIA,0402010043,TIREOIDECTOMIA TOTAL
TIREOIDECTOMIA,0416030270,TIREOIDECTOMIA TOTAL EM ONCOLOGIA
TIREOIDECTOMIA PARCIAL,0402010035,TIREOIDECTOMIA PARCIAL
TIREOIDECTOMIA PARCIAL,0415020034,OUTROS PROCEDIMENTOS COM CIRURGIAS SEQUENCIAIS
TIREOIDECTOMIA PARCIAL,0416030084,PARATIREOIDECTOMIA TOTAL EM ONCOLOGIA
TIREOIDECTOMIA PARCIAL,0416030270,TIREOIDECTOMIA TOTAL EM ONCOLOGIA
TIREOIDECTOMIA TOTAL,0402010035,TIREOIDECTOMIA PARCIAL
TIREOIDECTOMIA TOTAL,0402010043,TIREOIDECTOMIA TOTAL
TIREOIDECTOMIA TOTAL,0408050012,
TIREOIDECTOMIA TOTAL,0415010012,TRATAMENTO C/ CIRURGIAS MULTIPLAS
TIREOIDECTOMIA TOTAL,0415020050,PROCEDIMENTOS SEQUENCIAIS EM ONCOLOGIA
TIREOIDECTOMIA TOTAL,0416030270,TIREOIDECTOMIA TOTAL EM ONCOLOGIA
TIREOIDECTOMIA TOTAL C/ESVAZAMENTO GANGLIONAR,0402010051,TIREOIDECTOMIA TOTAL COM ESVAZIAMENTO GANGLIONAR
TIREOIDECTOMIA TOTAL C/ESVAZAMENTO GANGLIONAR,0415020050,PROCEDIMENTOS SEQUENCIAIS EM ONCOLOGIA
TIREOPLASTIA,0404020275,RESSECÇÃO DE LESÃO MALIGNA E BENIGNA DA REGIÃO CRANIO E BUCOMAXILOFACIAL
TORACECTOMIA C/RECONSTRUCAO PARIETAL,0415020050,PROCEDIMENTOS SEQUENCIAIS EM ONCOLOGIA
TORACECTOMIA C/RECONSTRUCAO PARIETAL,0416110037,TORATECTOMIA EM ONCOLOGIA
TORACECTOMIA C/RECONSTRUCAO PARIETAL,0416110045,TORACECTOMIA SIMPLES EM ONCOLOGIA
TORACOCENTESE,0303010037,TRATAMENTO DE OUTRAS DOENÇAS BACTERIANAS
TORACOCENTESE,0303010215,TRATAMENTO DE TUBERCULOSE (A15 A A19)
TORACOCENTESE,0303020032,TRATAMENTO DE ANEMIA APLASTICA E OUTRAS ANEMIAS
TORACOCENTESE,0303030054,TRATAMENTO DE TRANSTORNOS DA GLÂNDULA TIREOIDE
TORACOCENTESE,0303040068,TRATAMENTO CONSERVADOR DA DOR REBELDE DE ORIGEM CENTRAL OU NEOPLÁSICA
TORACOCENTESE,0303060140,TRATAMENTO DE EMBOLIA PULMONAR
TORACOCENTESE,0303060212,TRATAMENTO DE INSUFICIENCIA CARDIACA
TORACOCENTESE,0303070072,TRATAMENTO DE DOENCAS DO FIGADO
TORACOCENTESE,0303140119,TRATAMENTO DE OUTRAS DOENCAS DA PLEURA
TORACOCENTESE,0303140151,TRATAMENTO DE PNEUMONIAS OU INFLUENZA (GRIPE)
TORACOCENTESE,0303170166,TRATAMENTO CLÍNICO DE TRANSTORNOS MENTAIS E COMPORTAMENTAIS DEVIDO AO USO DE ÁLCOOL
TORACOCENTESE,0303180013,TRATAMENTO DE AFECÇÕES ASSOCIADAS AO HIV/AIDS
TORACOCENTESE,0304080020,INTERNAÇÃO P/ QUIMIOTERAPIA DE ADMINISTRAÇÃO CONTÍNUA
TORACOCENTESE,0304100013,TRATAMENTO DE INTERCORRÊNCIAS CLÍNICAS DE PACIENTE ONCOLÓGICO
TORACOCENTESE,0304100021,TRATAMENTO CLÍNICO DE PACIENTE ONCOLÓGICO
TORACOCENTESE,0305010174,TRATAMENTO DE INTERCORRÊNCIA EM PACIENTE RENAL CRÔNICO SOB TRATAMENTO DIALÍTICO ( POR DIA)
TORACOCENTESE,0406010510,DRENAGEM C/ BIOPSIA DE PERICÁRDIO
TORACOCENTESE,0406030022,ANGIOPLASTIA CORONARIANA C/ IMPLANTE DE DOIS STENTS
TORACOCENTESE,0407020101,COLOSTOMIA
TORACOCENTESE,0407030131,HEPATECTOMIA PARCIAL
TORACOCENTESE,0407030255,COLANGIOPANCREATOGRAFIA RETRÓGRADA ENDOSCÓPICA TERAPÊUTICA
TORACOCENTESE,0407040242,RESSUTURA DE PAREDE ABDOMINAL (POR DEISCENCIA TOTAL / EVISCERAÇÃO)
TORACOCENTESE,0412030110,PLEURODESE
TORACOCENTESE,0412040166,TORACOSTOMIA COM DRENAGEM PLEURAL FECHADA
TORACOCENTESE,0415020034,OUTROS PROCEDIMENTOS COM CIRURGIAS SEQUENCIAIS
TORACOCENTESE,0416040101,HEPATECTOMIA PARCIAL EM ONCOLOGIA
TORACOCENTESE,0416040179,ALCOOLIZAÇÃO PERCUTÂNEA DE CARCINOMA HEPÁTICO
TORACOCENTESE,0416090109,RESSECÇÃO DE TUMOR ÓSSEO COM SUBSTITUIÇÃO (ENDOPRÓTESE) OU COM RECONSTRUÇÃO E FIXAÇÃO EM ONCOLOGIA
TORACOCENTESE,0506020045,TRATAMENTO DE INTERCORRÊNCIA PÓS-TRANSPLANTE DE ÓRGÃOS / CÉLULAS-TRONCO HEMATOPOÉTICAS
TORACOCENTESE,0506020070,TRATAMENTO DE INTERCORRÊNCIA PÓS TRANSPLANTE DE PULMÃO UNI/BILATERAL - PÓS TRANSPLANTE CRÍTICO
TORACOCENTESE,0506020096,TRATAMENTO DE INTERCORRENCIA PÓS TRANSPLANTE DE FIGADO- PÓS TRANSPLANTE CRÍTICO
TORACOPLASTIA,0412040158,TORACOPLASTIA (QUALQUER TÉCNICA)
TORACOPLASTIA,0412040182,TRATAMENTO CIRÚRGICO DE DEFEITOS CONGÊNITOS DO TÓRAX
TORACOTOMIA COM DRENAGEM ABERTA,0415020034,OUTROS PROCEDIMENTOS COM CIRURGIAS SEQUENCIAIS
TORACOTOMIA COM DRENAGEM FECHADA,0412040166,TORACOSTOMIA COM DRENAGEM PLEURAL FECHADA
TORACOTOMIA COM DRENAGEM PLEURAC,0415020034,OUTROS PROCEDIMENTOS COM CIRURGIAS SEQUENCIAIS
TORACOTOMIA EXPLORADORA,0209040050,VIDEOTORACOSCOPIA
TORACOTOMIA EXPLORADORA,0406010854,REPOSICIONAMENTO DE ELETRODOS DE CARDIOVERSOR DESFIBRILADOR
TORACOTOMIA EXPLORADORA,0412010135,TRATAMENTO CIRURGICO DE FÍSTULA BRONCOPLEURAL COM AMPUTAÇÃO DE COTO BRÔNQUICO
TORACOTOMIA EXPLORADORA,0412020017,MEDIASTINOTOMIA EXPLORADORA PARA-ESTERNAL / POR VIA ANTERIOR
TORACOTOMIA EXPLORADORA,0412020025,MEDIASTINOTOMIA EXTRAPLEURAL POR VIA POSTERIOR
TORACOTOMIA EXPLORADORA,0412020033,MEDIASTINOTOMIA P/ DRENAGEM
TORACOTOMIA EXPLORADORA,0412020068,TIMECTOMIA
TORACOTOMIA EXPLORADORA,0412030012,DESCORTICAÇÃO PULMONAR
TORACOTOMIA EXPLORADORA,0412030110,PLEURODESE
TORACOTOMIA EXPLORADORA,0412040166,TORACOSTOMIA COM DRENAGEM PLEURAL FECHADA
TORACOTOMIA EXPLORADORA,0412040174,TORACOTOMIA EXPLORADORA
TORACOTOMIA EXPLORADORA,0412050048,LOBECTOMIA PULMONAR
TORACOTOMIA EXPLORADORA,0412050072,PNEUMONECTOMIA DE TOTALIZACAO
TORACOTOMIA EXPLORADORA,0412050102,"RESSECÇÃO EM CUNHA, TUMORECTOMIA / BIOPSIA DE PULMAO A CEU ABERTO"
TORACOTOMIA EXPLORADORA,0412050110,RESSECÇÃO PULMONAR ASSOCIADA A BRONCOPLASTIA/ ARTERIOPLASTIA
TORACOTOMIA EXPLORADORA,0415020034,OUTROS PROCEDIMENTOS COM CIRURGIAS SEQUENCIAIS
TORACOTOMIA EXPLORADORA,0416110045,TORACECTOMIA SIMPLES EM ONCOLOGIA
TORACOTOMIA EXPLORADORA,0416110053,TORACOTOMIA/MEDIASTINOSTOMIA EXPLORADORA COM RESSECÇÃO COMPLETA OU INCOMPLETA DO TUMOR INTRATORÁCICO EM ONCOLOGIA
TORACOTOMIA EXPLORADORA,0416110061,SEGMENTECTOMIA PULMONAR EM ONCOLOGIA
TORACOTOMIA EXPLORADORA,0416110070,RESSECÇAO PULMONAR EM CUNHA EM ONCOLOGIA
TORACOTOMIA EXPLORADORA,0505020122,TRANSPLANTE DE PULMÃO BILATERAL
TORACOTOMIA EXPLORADORA,0506020070,TRATAMENTO DE INTERCORRÊNCIA PÓS TRANSPLANTE DE PULMÃO UNI/BILATERAL - PÓS TRANSPLANTE CRÍTICO
TORCAO DE TESTICULO DIR.,0409040126,ORQUIDOPEXIA BILATERAL
TRANSPLANTE CARDIACO,0505020041,TRANSPLANTE DE CORACAO
TRANSPLANTE DE CORNEA,0403020026,ENXERTO MICROCIRÚRGICO DE NERVO PERIFÉRICO (ÚNICO NERVO)
TRANSPLANTE DE CORNEA,0405040148,ORBITOTOMIA
TRANSPLANTE DE CORNEA,0415010012,TRATAMENTO C/ CIRURGIAS MULTIPLAS
TRANSPLANTE DE CORNEA,0415020034,OUTROS PROCEDIMENTOS COM CIRURGIAS SEQUENCIAIS
TRANSPLANTE DE CORNEA,0505010097,TRANSPLANTE DE CORNEA
TRANSPLANTE HEPATICO,0505020050,TRANSPLANTE DE FIGADO (ORGAO DE DOADOR FALECIDO)
TRANSPLANTE HEPATICO,0505020068,TRANSPLANTE DE FIGADO (ORGAO DE DOADOR VIVO)
TRANSPLANTE HEPATICO,0506020096,TRATAMENTO DE INTERCORRENCIA PÓS TRANSPLANTE DE FIGADO- PÓS TRANSPLANTE CRÍTICO
TRANSPLANTE PULMONAR SEQUENCIAL,0505020122,TRANSPLANTE DE PULMÃO BILATERAL
TRANSPLANTE RENAL RECEPTOR,0505020092,TRANSPLANTE DE RIM (ORGAO DE DOADOR FALECIDO)
TRANSPLANTE RENAL RECEPTOR,0505020106,TRANSPLANTE DE RIM (ORGAO DE DOADOR VIVO)
TRANSPLANTE UNILATERAL DE PULMAO,0505020084,TRANSPLANTE DE PULMAO UNILATERAL
TRANSPOSICAO DE TENDAO,0408060549,TRANSPOSIÇÃO / TRANSFERÊNCIA MIOTENDINOSA ÚNICA
TRANSPOSICAO DE TENDAO,0415020069,PROCEDIMENTOS SEQUENCIAIS EM ORTOPEDIA
TRANSPOSIÇÃO DO NERVO CUBITAL,0403020107,TRANSPOSICAO DO NERVO CUBITAL
TRANSPOSIÇÃO DO NERVO CUBITAL,0408060476,TENOPLASTIA OU ENXERTO DE TENDÃO UNICO
TRANSVERSOSTOMIA,0407020101,COLOSTOMIA
TRANSVERSOSTOMIA,0415020034,OUTROS PROCEDIMENTOS COM CIRURGIAS SEQUENCIAIS
TRAQUEOPLASTIA,0412010097,TRAQUEOPLASTIA POR ACESSO TORÁCICO
TRAQUEOPLASTIA,0412010100,TRAQUEOPLASTIA E/OU LARINGOTRAQUEOPLASTIA
TRAQUEOPLASTIA,0415020034,OUTROS PROCEDIMENTOS COM CIRURGIAS SEQUENCIAIS
TRAQUEOSCOPIA,0303010037,TRATAMENTO DE OUTRAS DOENÇAS BACTERIANAS
TRAQUEOSCOPIA,0303140135,TRATAMENTO DE OUTRAS DOENCAS DO APARELHO RESPIRATORIO
TRAQUEOSCOPIA,0403070171,TRATAMENTO DO ACIDENTE VASCULAR CEREBRAL ISQUÊMICO AGUDO COM TROMBECTOMIA MECÂNICA
TRAQUEOSCOPIA,0407010211,GASTROSTOMIA
TRAQUEOSTOMIA,0303010037,TRATAMENTO DE OUTRAS DOENÇAS BACTERIANAS
TRAQUEOSTOMIA,0303040149,TRATAMENTO DE ACIDENTE VASCULAR CEREBRAL - AVC (ISQUEMICO OU HEMORRAGICO AGUDO)
TRAQUEOSTOMIA,0303040165,TRATAMENTO DE CRISES EPILÉTICAS NÃO CONTROLADAS
TRAQUEOSTOMIA,0303060166,TRATAMENTO DE ENDOCARDITE INFECCIOSA EM VALVULA NATIVA
TRAQUEOSTOMIA,0303060190,TRATAMENTO DE INFARTO AGUDO DO MIOCÁRDIO
TRAQUEOSTOMIA,0303140046,TRATAMENTO DAS DOENCAS CRONICAS DAS VIAS AEREAS INFERIORES
TRAQUEOSTOMIA,0303140135,TRATAMENTO DE OUTRAS DOENCAS DO APARELHO RESPIRATORIO
TRAQUEOSTOMIA,0303140151,TRATAMENTO DE PNEUMONIAS OU INFLUENZA (GRIPE)
TRAQUEOSTOMIA,0304080039,INTERNAÇÃO P/ QUIMIOTERAPIA DE LEUCEMIAS AGUDAS / CRÔNICAS AGUDIZADAS
TRAQUEOSTOMIA,0304100021,TRATAMENTO CLÍNICO DE PACIENTE ONCOLÓGICO
TRAQUEOSTOMIA,0305010174,TRATAMENTO DE INTERCORRÊNCIA EM PACIENTE RENAL CRÔNICO SOB TRATAMENTO DIALÍTICO ( POR DIA)
TRAQUEOSTOMIA,0403010020,CRANIOTOMIA DESCOMPRESSIVA
TRAQUEOSTOMIA,0403010098,DERIVAÇÃO VENTRICULAR EXTERNAR-SUBGALEAL EXTERNA
TRAQUEOSTOMIA,0403070155,"EMBOLIZAÇÃO DE ANEURISMA CEREBRAL MENOR QUE 1,5 CM COM COLO ESTREITO"
TRAQUEOSTOMIA,0404010377,TRAQUEOSTOMIA
TRAQUEOSTOMIA,0406030049,ANGIOPLASTIA CORONARIANA PRIMÁRIA
TRAQUEOSTOMIA,0407010211,GASTROSTOMIA
TRAQUEOSTOMIA,0408030534,RESSECÇÃO DE ELEMENTO VERTEBRAL POSTERIOR / POSTERO-LATERAL / DISTAL A C2 (MAIS DE 2 SEGMENTOS)
TRAQUEOSTOMIA,0408060182,OSTEOTOMIA DE OSSOS DA MÃO E/OU DO PÉ
TRAQUEOSTOMIA,0412030012,DESCORTICAÇÃO PULMONAR
TRAQUEOSTOMIA,0412040166,TORACOSTOMIA COM DRENAGEM PLEURAL FECHADA
TRAQUEOSTOMIA,0415020034,OUTROS PROCEDIMENTOS COM CIRURGIAS SEQUENCIAIS
TRAQUEOSTOMIA,0415020050,PROCEDIMENTOS SEQUENCIAIS EM ONCOLOGIA
TRAQUEOSTOMIA,0415020077,PROCEDIMENTOS SEQUENCIAIS EM NEUROCIRURGIA
TRAQUEOSTOMIA,0416020178,LINFADENECTOMIA CERVICAL SUPRAOMO-HIOIDEA UNILATERAL EM ONCOLOGIA
TRAQUEOSTOMIA,0416030270,TIREOIDECTOMIA TOTAL EM ONCOLOGIA
TRAQUEOSTOMIA,0416030297,TRAQUEOSTOMIA TRANSTUMORAL EM ONCOLOGIA
TRAQUEOSTOMIA,0506020045,TRATAMENTO DE INTERCORRÊNCIA PÓS-TRANSPLANTE DE ÓRGÃOS / CÉLULAS-TRONCO HEMATOPOÉTICAS
TRAQUEOSTOMIA,0506020053,TRATAMENTO DE INTERCORRÊNCIA PÓS-TRANSPLANTE DE RIM - PÓS TRANSPLANTE CRÍTICO
TRAQUEOSTOMIA,0506020096,TRATAMENTO DE INTERCORRENCIA PÓS TRANSPLANTE DE FIGADO- PÓS TRANSPLANTE CRÍTICO
TRAT.CIR. DE HEMATOMA EXTRA DURAL,0403010276,TRATAMENTO CIRURGICO DE HEMATOMA EXTRADURAL
TRATAMENRO ENDOVASCULAR DE FISTULAS ARTERIOVENOSAS,0406040052,ANGIOPLASTIA INTRALUMINAL DE VASOS DAS EXTREMIDADES (SEM STENT)
TRATAMENTO CIRURGICO DA ANOMALIA ANO-RETAL,0407020420,TRATAMENTO CIRÚRGICO DE ANOMALIAS CONGENITAS DO ANUS E RETO
TRATAMENTO CIRURGICO DA ARTRITE PIOGENICA COXO-FEMUR,0408060557,TRATAMENTO CIRÚRGICO DE ARTRITE INFECCIOSA (GRANDES E MÉDIAS ARTICULAÇÕES)
TRATAMENTO CIRURGICO DA ARTRITE PIOGENICA DE JOELHO,0303010037,TRATAMENTO DE OUTRAS DOENÇAS BACTERIANAS
TRATAMENTO CIRURGICO DA ARTRITE PIOGENICA DE JOELHO,0408060069,ARTROPLASTIA DE RESSECÇÃO DE MÉDIA / GRANDE ARTICULAÇÃO
TRATAMENTO CIRURGICO DA ARTRITE PIOGENICA DE JOELHO,0408060557,TRATAMENTO CIRÚRGICO DE ARTRITE INFECCIOSA (GRANDES E MÉDIAS ARTICULAÇÕES)
TRATAMENTO CIRURGICO DA ARTRITE PIOGENICA DO COTOVELO,0408060557,TRATAMENTO CIRÚRGICO DE ARTRITE INFECCIOSA (GRANDES E MÉDIAS ARTICULAÇÕES)
TRATAMENTO CIRURGICO DA ARTRITE PIOGENICA ESCAPULO UMERAL,0305010174,TRATAMENTO DE INTERCORRÊNCIA EM PACIENTE RENAL CRÔNICO SOB TRATAMENTO DIALÍTICO ( POR DIA)
TRATAMENTO CIRURGICO DA LUXACAO REC PATELA,0408060123,EXPLORAÇÃO ARTICULAR C/ OU S/ SINOVECTOMIA DE MÉDIAS / GRANDES ARTICULAÇÕES
TRATAMENTO CIRURGICO DA MA ROTACAO INTESTINAL,0415020034,OUTROS PROCEDIMENTOS COM CIRURGIAS SEQUENCIAIS
TRATAMENTO CIRURGICO DA OSTEOMIELITE,0303010037,TRATAMENTO DE OUTRAS DOENÇAS BACTERIANAS
TRATAMENTO CIRURGICO DA OSTEOMIELITE,0408060174,OSTECTOMIA DE OSSOS LONGOS EXCETO DA MÃO E DO PÉ
TRATAMENTO CIRURGICO DA OSTEOMIELITE DOS OSSOS,0408060174,OSTECTOMIA DE OSSOS LONGOS EXCETO DA MÃO E DO PÉ
TRATAMENTO CIRURGICO DA OSTEOMIELITE DOS OSSOS,0415040035,DEBRIDAMENTO DE ULCERA / DE TECIDOS DESVITALIZADOS
TRATAMENTO CIRURGICO DA OSTEOMIELITE OSSOS DA MAO,0303010037,TRATAMENTO DE OUTRAS DOENÇAS BACTERIANAS
TRATAMENTO CIRURGICO DA OSTEOMIELITE OSSOS DA MAO,0415040035,DEBRIDAMENTO DE ULCERA / DE TECIDOS DESVITALIZADOS
TRATAMENTO CIRURGICO DA PARALISIA DA FACE,0404020062,ENXERTO TOTAL / PARCIAL INTRATEMPORAL DE NERVO FACIAL
TRATAMENTO CIRURGICO DA PARALISIA DA FACE,0404020399,TRATAMENTO CIRÚRGICO DE PARALISIA FACIAL (SUSPENSÃO DE HEMIFACE)
TRATAMENTO CIRURGICO DA PARALISIA FACIAL(SUSP HEMIFACE),0403020018,ENXERTO MICROCIRURGICO DE NERVO PERIFERICO (2 OU MAIS NERVOS)
TRATAMENTO CIRURGICO DA PARALISIA FACIAL(SUSP HEMIFACE),0404020399,TRATAMENTO CIRÚRGICO DE PARALISIA FACIAL (SUSPENSÃO DE HEMIFACE)
TRATAMENTO CIRURGICO DA POLIDACTILIA NAO ART.,0408060662,TRATAMENTO CIRÚRGICO DE POLIDACTILIA ARTICULADA
TRATAMENTO CIRURGICO DA RUTURA DOS MENISCOS (ME,0408050896,TRATAMENTO CIRÚRGICO DE ROTURA DO MENISCO COM MENISCECTOMIA PARCIAL / TOTAL
TRATAMENTO CIRURGICO DA SINDROME DO CANAL CARPIANO,0403020115,TRATAMENTO CIRÚRGICO DE NEUROPATIA COMPRESSIVA COM OU SEM MICROCIRÚRGIA
TRATAMENTO CIRURGICO DA SINDROME DO CANAL CARPIANO,0403020123,TRATAMENTO CIRURGICO DE SINDROME COMPRESSIVA EM TUNEL OSTEO-FIBROSO AO NIVEL DO CARPO
TRATAMENTO CIRURGICO DE FISTULA LIQUORICA,0403010250,TRATAMENTO CIRÚRGICO DE FISTULA LIQUORICA RAQUIDIANA
TRATAMENTO CIRURGICO DE PSEUDARTROSE CONGENITA DA TIBIA,0408060581,TRATAMENTO CIRÚRGICO DE DEFORMIDADE ARTICULAR POR RETRACAO TENO-CAPSULO-LIGAMENTAR
TRATAMENTO CIRURGICO DE PSEUDO-ARTR ESCAF CARPIANO,0408020377,TRATAMENTO CIRÚRGICO DE FRATURA / LESÃO FISARIA DOS METACARPIANOS
TRATAMENTO CIRURGICO DE PSEUDO-ARTR ESCAF CARPIANO,0408020466,TRATAMENTO CIRÚRGICO DE FRATURAS DOS OSSOS DO CARPO
TRATAMENTO CIRURGICO DE PSEUDO-ARTR ESCAF CARPIANO,0408020555,TRATAMENTO CIRÚRGICO DE PSEUDARTROSE / RETARDO DE CONSOLIDAÇÃO / PERDA ÓSSEA DA MÃO
TRATAMENTO CIRURGICO DE PSEUDO-ARTR ESCAF CARPIANO,0408020601,TRATAMENTO CIRÚRGICO DE PSEUDO-RETARDO / CONSOLIDAÇÃO / PERDA ÓSSEA AO ÍIVEL DO CARPO
TRATAMENTO CIRURGICO DE PSEUDO-ARTRODESE DO ANT-B,0415020069,PROCEDIMENTOS SEQUENCIAIS EM ORTOPEDIA
TRATAMENTO CIRURGICO DE PSEUDO-ARTROSE DA TIBIA,0408040130,EPIFISIODESE FEMORAL PROXIMAL IN SITU
TRATAMENTO CIRURGICO DE PSEUDO-ARTROSE DA TIBIA,0408050861,TRATAMENTO CIRÚRGICO DE PSEUDARTROSE / RETARDO DE CONSOLIDAÇÃO / PERDA ÓSSEA DA DIÁFISE TIBIAL
TRATAMENTO CIRURGICO DE PSEUDO-ARTROSE DA TIBIA,0408050870,TRATAMENTO CIRÚRGICO DE PSEUDARTROSE / RETARDO DE CONSOLIDAÇÃO/ PERDA ÓSSEA DA METÁFISE TIBIAL
TRATAMENTO CIRURGICO DE PSEUDO-ARTROSE DE COLO DE FEMUR,0408050799,TRATAMENTO CIRÚRGICO DE PSEUDARTROSE / RETARDO DE CONSOLIDAÇÃO / PERDA ÓSSEA DA DIÁFISE DO FÊMUR
TRATAMENTO CIRURGICO DE PSEUDO-ARTROSE DE COLO DE FEMUR,0408050810,TRATAMENTO CIRÚRGICO DE PSEUDARTROSE / RETARDO DE CONSOLIDAÇÃO / PERDA ÓSSEA DO COLO DO FÊMUR
TRATAMENTO CIRURGICO DE PSEUDO-ARTROSE DO UMERO,0408020393,TRATAMENTO CIRÚGICO DE FRATURA DA DIÁFISE DO ÚMERO
TRATAMENTO CIRURGICO DE PSEUDO-ARTROSE DO UMERO,0408020571,TRATAMENTO CIRÚRGICO DE PSEUDARTROSE / RETARDO DE CONSOLIDAÇÃO / PERDA ÓSSEA DO ÚMERO
TRATAMENTO CIRURGICO DE PSEUDO-ARTROSE DO UMERO,0415020069,PROCEDIMENTOS SEQUENCIAIS EM ORTOPEDIA
TRATAMENTO CIRURGICO DE PSEUDO-ARTROSE DOS OSSO(S),0408020369,TRATAMENTO CIRÚRGICO DE FRATURA / LESÃO FISARIA DO CÔNDILO / TRÓCLEA/APOFISE CORONÓIDE DO ULNA / CABEÇA DO RÁDIO
TRATAMENTO CIRURGICO DE PSEUDO-ARTROSE DOS OSSO(S),0408020377,TRATAMENTO CIRÚRGICO DE FRATURA / LESÃO FISARIA DOS METACARPIANOS
TRATAMENTO CIRURGICO DE PSEUDO-ARTROSE DOS OSSO(S),0408020407,TRATAMENTO CIRÚRGICO DE FRATURA DA EXTREMIDADE / METÁFISE DISTAL DOS OSSOS DO ANTEBRAÇO
TRATAMENTO CIRURGICO DE PSEUDO-ARTROSE DOS OSSO(S),0408020431,TRATAMENTO CIRÚRGICO DE FRATURA DIAFISARIA ÚNICA DO RÁDIO / DA ULNA
TRATAMENTO CIRURGICO DE PSEUDO-ARTROSE DOS OSSO(S),0408020555,TRATAMENTO CIRÚRGICO DE PSEUDARTROSE / RETARDO DE CONSOLIDAÇÃO / PERDA ÓSSEA DA MÃO
TRATAMENTO CIRURGICO DE PSEUDO-ARTROSE DOS OSSO(S),0408020598,TRATAMENTO CIRÚRGICO DE PSEUDARTROSE NA REGIÃO METAFISE-EPIFISÁRIA DISTAL DO RÁDIO E ULNA
TRATAMENTO CIRURGICO DE PSEUDO-ARTROSE DOS OSSO(S),0408050500,TRATAMENTO CIRÚRGICO DE FRATURA DA DIÁFISE DA TÍBIA
TRATAMENTO CIRURGICO DE PSEUDO-ARTROSE DOS OSSO(S),0408050560,TRATAMENTO CIRÚRGICO DE FRATURA DO TALUS
TRATAMENTO CIRURGICO DE PSEUDO-ARTROSE DOS OSSO(S),0408050586,TRATAMENTO CIRÚRGICO DE FRATURA INTERCONDILEANA / DOS CÔNDILOS DO FÊMUR
TRATAMENTO CIRURGICO DE PSEUDO-ARTROSE DOS OSSO(S),0408050799,TRATAMENTO CIRÚRGICO DE PSEUDARTROSE / RETARDO DE CONSOLIDAÇÃO / PERDA ÓSSEA DA DIÁFISE DO FÊMUR
TRATAMENTO CIRURGICO DE PSEUDO-ARTROSE DOS OSSO(S),0408050837,TRATAMENTO CIRÚRGICO DE PSEUDARTROSE / RETARDO DE CONSOLIDAÇÃO / PERDA ÓSSEA METÁFISE DISTAL DO FÊMUR
TRATAMENTO CIRURGICO DE PSEUDO-ARTROSE DOS OSSO(S),0408050870,TRATAMENTO CIRÚRGICO DE PSEUDARTROSE / RETARDO DE CONSOLIDAÇÃO/ PERDA ÓSSEA DA METÁFISE TIBIAL
TRATAMENTO CIRURGICO DE RUTURA AQUILES,0408060450,TENOMIORRAFIA
TRATAMENTO CIRURGICO DE RUTURA DE LIGAMENTO DO JOELHO,0408050160,RECONSTRUÇÃOLIGAMENTAR INTRA-ARTICULAR DO JOELHO (CRUZADO ANTERIOR)
TRATAMENTO CIRURGICO DE RUTURA DE LIGAMENTO DO JOELHO,0408050667,TRATAMENTO CIRÚRGICO DE LESÃO AGUDA CAPSULO-LIGAMENTAR MEMBRO INFERIOR (JOELHO / TORNOZELO)
TRATAMENTO CIRURGICO DE RUTURA DE LIGAMENTO DO JOELHO,0408050683,TRATAMENTO CIRÚRGICO DE LUXAÇÃO / FRATURA-LUXAÇÃO AO NÍVEL DO JOELHO
TRATAMENTO CIRURGICO DE RUTURAS LIGAMENTARES DA MAO,0408020482,TRATAMENTO CIRÚRGICO DE LESÃO AGUDA CAPSULO-LIGAMENTAR DO MEMBRO SUPERIOR: COTOVELO / PUNHO
TRATAMENTO CIRURGICO DE RUTURAS LIGAMENTARES DA MAO,0408020610,TRATAMENTO CIRÚRGICO DE ROTURA / DESINSERÇÃO / ARRANCAMENTO CAPSULO-TENO-LIGAMENTAR NA MÃO
TRATAMENTO CIRURGICO DE RUTURAS LIGAMENTARES DA MAO,0413040240,TRATAMENTO CIRURGICO P/ REPARACOES DE PERDA DE SUBSTANCIA DA MAO
TRATAMENTO CIRURGICO DE SINUS PRE-AURICULAR,0401020150,TRATAMENTO CIRÚRGICO DO SINUS PRÉ-AURICULAR
TRATAMENTO CIRURGICO DE TORCAO DE TESTICULO,0409040223,TRATAMENTO CIRÚRGICO DE TORÇÃO DO TESTÍCULO DO CORDÃO ESPERMÁTICO
TRATAMENTO CIRURGICO DE TORCAO DE TESTICULO,0415020034,OUTROS PROCEDIMENTOS COM CIRURGIAS SEQUENCIAIS
TRATAMENTO CIRURGICO DE TUMOR MALIGNO DE VULVA,0415020050,PROCEDIMENTOS SEQUENCIAIS EM ONCOLOGIA
TRATAMENTO CIRURGICO DO DEDO EM GATILHO,0408020326,TRATAMENTO CIRÚRGICO DE DEDO EM GATILHO
TRATAMENTO CIRURGICO DO HALLUX VALGUS,0408050659,TRATAMENTO CIRÚRGICO DE HALUX VALGUS COM OSTEOTOMIA DO PRIMEIRO OSSO METATARSIANO
TRATAMENTO CIRURGICO DO HALLUX VALGUS,0408050918,TRATAMENTO CIRÚRGICO DO HALUX VALGUS S/ OSTEOTOMIA DO PRIMEIRO OSSO METATARSIANO
TRATAMENTO CIRURGICO DO PE TORTO,0408050349,REVISÃO CIRÚRGICA DO PE TORTO CONGENITO
TRATAMENTO CIRURGICO DO PE TORTO,0408050764,TRATAMENTO CIRÚRGICO DE PÉ TORTO CONGÊNITO
TRATAMENTO CIRURGICO DO PE TORTO,0408050772,TRATAMENTO CIRÚRGICO DE PÉ TORTO CONGÊNITO INVETERADO
TRATAMENTO CIRURGICO DO PE TORTO,0415020069,PROCEDIMENTOS SEQUENCIAIS EM ORTOPEDIA
TRATAMENTO CIRURGICO DO PROP ANAL MUCOSO,0407020225,EXCISÃO DE LESÃO / TUMOR ANU-RETAL
TRATAMENTO CIRURGICO FISTULA LIQUORICA,0403010241,TRATAMENTO CIRÚRGICO DE FÍSTULA LIQUORICA CRANIANA
TRATAMENTO CIRURGICO FISTULA LIQUORICA,0415020077,PROCEDIMENTOS SEQUENCIAIS EM NEUROCIRURGIA
TRATAMENTO CIRURGICO PRIAPISMO,0409050113,"TRATAMENTO CIRURGICO DE PRIAPRISMO, TRATAMENTO CIRÚRGICO DE PRIAPRISMO"
TRATAMENTO CIRÚRGICO DE AFUNDAMENTO DE CRANIO,0403010268,TRATAMENTO CIRURGICO DE FRATURA DO CRANIO COM AFUNDAMENTO
TRATAMENTO DA HEMATURIA OU SANGRAMENTO GENITAL POR EMBOLIZAÇÃO,0406040303,TRATAMENTO DE HEMATURIA OU SANGRAMENTO GENITAL POR EMBOLIZAÇÃO (INCLUI ESTUDO ANGIOGRÁFICO E/OU ENDOSCÓPICO)
TRATAMENTO DA HEMATURIA OU SANGRAMENTO GENITAL POR EMBOLIZAÇÃO,0506020100,TRATAMENTO DE INTERCORRENCIA PÓS TRANSPLANTE ALOGÊNICO DE CÉLULAS-TRONCO HEMATOPOÉTICAS- PÓS TRANSPLANTE CRÍTICO
TRATAMENTO DE HEMOPTISE POR EMBOLIZAÇÃO PERCUTANEA,0406040311,TRATAMENTO DE HEMOPTISE POR EMBOLIZAÇÃO PERCUTÂNEA (INCLUI ESTUDO ANGIOGRÁFICO)
TRATAMENTO ENDOVASCULAR DO PSEUDOANEURISMA,0406030030,ANGIOPLASTIA CORONARIANA COM IMPLANTE DE STENT
TRATAMENTO ENDOVASCULAR DO PSEUDOANEURISMA,0406040338,TRATAMENTO ENDOVASCULAR DO PSEUDOANEURISMA
TRATAMENTO NEUROCIRÚRGICO PARA CISTOS ENCEFÁLICOS,0403010101,DERIVAÇÃO VENTRICULAR PARA PERITÔNEO / ÁTRIO / PLEURA / RAQUE
TRATAMENTO NEUROCIRÚRGICO PARA CISTOS ENCEFÁLICOS,0415020077,PROCEDIMENTOS SEQUENCIAIS EM NEUROCIRURGIA
TREPANO-PUNÇÃO PARA HEMATOMA INTRACEREBRAL,0403010292,TRATAMENTO CIRURGICO DE HEMATOMA INTRACEREBRAL (COM TECNICA COMPLEMENTAR)
TROCA DA VALVA AORTICA,0406010692,IMPLANTE DE PRÓTESE VALVAR
TROCA DA VALVA AORTICA,0406010820,PLÁSTICA VALVAR E/OU TROCA VALVAR MÚLTIPLA
TROCA DA VALVA AORTICA,0406010846,RECONSTRUÇÃO DA RAIZ DA AORTA C/ TUBO VALVADO
TROCA DA VALVA AORTICA,0406011206,TROCA VALVAR C/ REVASCULARIZAÇÃO MIOCÁRDICA
TROCA DA VALVA AORTICA,0415010012,TRATAMENTO C/ CIRURGIAS MULTIPLAS
TROCA DA VALVA AORTICA,0415020034,OUTROS PROCEDIMENTOS COM CIRURGIAS SEQUENCIAIS
TROCA DA VALVA MITRAL,0406010692,IMPLANTE DE PRÓTESE VALVAR
TROCA DA VALVA MITRAL,0406010820,PLÁSTICA VALVAR E/OU TROCA VALVAR MÚLTIPLA
TROCA DA VALVA MITRAL,0406011206,TROCA VALVAR C/ REVASCULARIZAÇÃO MIOCÁRDICA
TROCA DA VALVA MITRAL,0415020034,OUTROS PROCEDIMENTOS COM CIRURGIAS SEQUENCIAIS
TROCA DA VALVA MITRAL E AORTICA,0406010820,PLÁSTICA VALVAR E/OU TROCA VALVAR MÚLTIPLA
TROCA DA VALVA MITRAL E AORTICA,0415020034,OUTROS PROCEDIMENTOS COM CIRURGIAS SEQUENCIAIS
TROCA DE GERADOR DE DESFIBRILADOR,0406010560,IMPLANTE DE CARDIOVERSOR DESFIBRILADOR DE CÂMARA ÚNICA TRANSVENOSO
TROCA DE GERADOR DE DESFIBRILADOR,0406010579,IMPLANTE DE CARDIOVERSOR DESFIBRILADOR (CDI) MULTI-SITIO TRANSVENOSO EPIMIOCÁRDICO POR TORACOTOMIA P/ IMPLANTE DE ELETRODO
TROCA DE GERADOR DE DESFIBRILADOR,0406010919,RETIRADA DE SISTEMA DE ESTIMULAÇÃO CARDÍACA ARTIFICIAL
TROCA DE GERADOR DE DESFIBRILADOR,0406011109,TROCA DE GERADOR DE CARDIO-DESFIBRILADOR DE CÂMARA ÚNICA / DUPLA
TROCA DE GERADOR DE DESFIBRILADOR,0406011117,TROCA DE GERADOR DE CARDIO-DESFIBRILADOR MULTI-SITIO
TROCA DE GERADOR DE DESFIBRILADOR,0406011125,TROCA DE GERADOR DE MARCAPASSO DE CÂMARA DUPLA
TROCA DE GERADOR DE PULSOS P ESTIMULACAO CEREBRAL,0403050030,BLOQUEIOS PROLONGADOS DE SISTEMA NERVOSO PERIFÉRICO / CENTRAL COM BOMBA DE INFUSÃO
TROCA DE GERADOR DE PULSOS P ESTIMULACAO CEREBRAL,0403080100,TROCA DE GERADOR DE PULSOS PARA ESTIMULAÇÃO CEREBRAL
TROCA DE SONDA (GASTROSTOMIA),0303030046,TRATAMENTO DE DISTURBIOS METABOLICOS
TROCA DE SONDA (GASTROSTOMIA),0303070064,TRATAMENTO DE DOENCAS DO ESOFAGO ESTOMAGO E DUODENO
TROCA DE SONDA (GASTROSTOMIA),0303070099,TRATAMENTO DE ENTERITES E COLITES NAO INFECCIOSAS
TROCA DE SONDA (GASTROSTOMIA),0303110104,TRATAMENTO DE OUTRAS MALFORMACOES CONGENITAS
TROCA DE SONDA (GASTROSTOMIA),0303140100,TRATAMENTO DE INFECCOES AGUDAS DAS VIAS AEREAS SUPERIORES
TROCA DE SONDA (GASTROSTOMIA),0407010211,GASTROSTOMIA
TROCA DE SONDA (GASTROSTOMIA),0407020306,JEJUNOSTOMIA / ILEOSTOMIA
TROCA DE SONDA (GASTROSTOMIA),0415020034,OUTROS PROCEDIMENTOS COM CIRURGIAS SEQUENCIAIS
TROCA DO CURATIVO POR PRESSÃO NEGATIVA,0201010402,BIOPSIA DE PLEURA (POR ASPIRAÇÃO/AGULHA / PLEUROSCOPIA)
TROCA DO CURATIVO POR PRESSÃO NEGATIVA,0303010037,TRATAMENTO DE OUTRAS DOENÇAS BACTERIANAS
TROCA DO CURATIVO POR PRESSÃO NEGATIVA,0401020100,EXTIRPAÇÃOE SUPRESSÃO DE LESÃO DE PELE E DE TECIDO CELULAR SUBCUTÂNEO
TROCA DO CURATIVO POR PRESSÃO NEGATIVA,0403010012,CRANIOPLASTIA
TROCA DO CURATIVO POR PRESSÃO NEGATIVA,0407010211,GASTROSTOMIA
TROCA DO CURATIVO POR PRESSÃO NEGATIVA,0407020101,COLOSTOMIA
TROCA DO CURATIVO POR PRESSÃO NEGATIVA,0407020306,JEJUNOSTOMIA / ILEOSTOMIA
TROCA DO CURATIVO POR PRESSÃO NEGATIVA,0407040161,LAPAROTOMIA EXPLORADORA
TROCA DO CURATIVO POR PRESSÃO NEGATIVA,0407040242,RESSUTURA DE PAREDE ABDOMINAL (POR DEISCENCIA TOTAL / EVISCERAÇÃO)
TROCA DO CURATIVO POR PRESSÃO NEGATIVA,0407040250,TRATAMENTO CIRÚRGICO DE PERITONITE
TROCA DO CURATIVO POR PRESSÃO NEGATIVA,0408060174,OSTECTOMIA DE OSSOS LONGOS EXCETO DA MÃO E DO PÉ
TROCA DO CURATIVO POR PRESSÃO NEGATIVA,0412030098,PLEUROSTOMIA
TROCA DO CURATIVO POR PRESSÃO NEGATIVA,0412040166,TORACOSTOMIA COM DRENAGEM PLEURAL FECHADA
TROCA DO CURATIVO POR PRESSÃO NEGATIVA,0413040178,TRATAMENTO CIRURGICO DE LESOES EXTENSAS C/ PERDA DE SUBSTANCIA CUTANEA
TROCA DO CURATIVO POR PRESSÃO NEGATIVA,0415020034,OUTROS PROCEDIMENTOS COM CIRURGIAS SEQUENCIAIS
TROCA DO CURATIVO POR PRESSÃO NEGATIVA,0415020050,PROCEDIMENTOS SEQUENCIAIS EM ONCOLOGIA
TROCA DO CURATIVO POR PRESSÃO NEGATIVA,0415040035,DEBRIDAMENTO DE ULCERA / DE TECIDOS DESVITALIZADOS
TROCA DO CURATIVO POR PRESSÃO NEGATIVA,0416080081,RECONSTRUÇÃO COM RETALHO MIOCUTÂNEO (QUALQUER PARTE) EM ONCOLOGIA
TROCA DO CURATIVO POR PRESSÃO NEGATIVA,0506020096,TRATAMENTO DE INTERCORRENCIA PÓS TRANSPLANTE DE FIGADO- PÓS TRANSPLANTE CRÍTICO
TROCA DO GERADOR,0406010587,IMPLANTE DE CARDIOVERSOR DESFIBRILADOR DE CÃMARA DUPLA TRANSVENOSO
TROCA DO GERADOR,0406011109,TROCA DE GERADOR DE CARDIO-DESFIBRILADOR DE CÂMARA ÚNICA / DUPLA
TROCA DO GERADOR,0406011117,TROCA DE GERADOR DE CARDIO-DESFIBRILADOR MULTI-SITIO
TROCA DO GERADOR,0406011125,TROCA DE GERADOR DE MARCAPASSO DE CÂMARA DUPLA
TROCA DO GERADOR,0406011133,TROCA DE GERADOR DE MARCAPASSO DE CÂMARA ÚNICA
TROCA DO GERADOR,0406011141,TROCA DE GERADOR DE MARCAPASSO MULTI-SITIO
TROCA DO GERADOR,0406011184,TROCA DE GERADOR E DE ELETRODOS DE MARCAPASSO DE CÂMARA DUPLA
TROCA DO GERADOR,0415020034,OUTROS PROCEDIMENTOS COM CIRURGIAS SEQUENCIAIS
TROMBECTOMIA MECÂNICA,0303040300,TRATAMENTO DO ACIDENTE VASCULAR CEREBRAL ISQUÊMICO AGUDO COM USO DE TROMBOLÍTICO
TROMBECTOMIA MECÂNICA,0403070171,TRATAMENTO DO ACIDENTE VASCULAR CEREBRAL ISQUÊMICO AGUDO COM TROMBECTOMIA MECÂNICA
TROMBECTOMIA MECÂNICA,0415020034,OUTROS PROCEDIMENTOS COM CIRURGIAS SEQUENCIAIS
TROMBOENDARTERECTOMIA PULMONAR,0412040174,TORACOTOMIA EXPLORADORA
TROMBOENDARTERECTOMIA PULMONAR,0412050153,TROMBOENDARTERECTOMIA PULMONAR
TROMBOENDARTERECTOMIA PULMONAR,0415020034,OUTROS PROCEDIMENTOS COM CIRURGIAS SEQUENCIAIS
TUBO GASTRICO,0407010068,ESÔFAGO-COLONPLASTIA
TUBO GASTRICO,0416040322,ESOFAGOGASTRECTOMIA VIDEOLAPAROSCÓPICA EM ONCOLOGIA
TURBINECTOMIA,0404010415,TURBINECTOMIA
TURBINECTOMIA,0415020034,OUTROS PROCEDIMENTOS COM CIRURGIAS SEQUENCIAIS
Tenorrafia,0406020167,FASCIOTOMIA P/ DESCOMPRESSÃO
Tenorrafia,0408010142,REPARO DE ROTURA DO MANGUITO ROTADOR (INCLUI PROCEDIMENTOS DESCOMPRESSIVOS)
Tenorrafia,0408060450,TENOMIORRAFIA
Tenorrafia,0408060476,TENOPLASTIA OU ENXERTO DE TENDÃO UNICO
Tenorrafia,0408060484,TENORRAFIA ÚNICA EM TÚNEL OSTEO-FIBROSO
Tenorrafia,0415020069,PROCEDIMENTOS SEQUENCIAIS EM ORTOPEDIA
Trabeculectomia,0405050135,IMPLANTE DE PRÓTESE ANTI-GLAUCOMATOSA
Trabeculectomia,0405050321,TRABECULECTOMIA
Trabeculectomia,0415020034,OUTROS PROCEDIMENTOS COM CIRURGIAS SEQUENCIAIS
ULCERORRAFIA,0407010190,GASTRORRAFIA
ULCERORRAFIA,0415020034,OUTROS PROCEDIMENTOS COM CIRURGIAS SEQUENCIAIS
URETEROCISTONEOSTOMIA,0415020034,OUTROS PROCEDIMENTOS COM CIRURGIAS SEQUENCIAIS
URETEROCISTONEOSTOMIA,0506020045,TRATAMENTO DE INTERCORRÊNCIA PÓS-TRANSPLANTE DE ÓRGÃOS / CÉLULAS-TRONCO HEMATOPOÉTICAS
URETEROILEOCECOCISTOPLASTIA,0415020034,OUTROS PROCEDIMENTOS COM CIRURGIAS SEQUENCIAIS
URETEROLISE,0409010081,CISTORRAFIA
URETEROLISE,0409020125,URETROPLASTIA (RESSECÇÃO DE CORDA)
URETEROPLASTIA,0409010570,URETEROPLASTIA
URETEROPLASTIA,0409020133,URETROPLASTIA AUTÓGENA
URETEROPLASTIA,0415020034,OUTROS PROCEDIMENTOS COM CIRURGIAS SEQUENCIAIS
URETEROPLASTIA,0506020045,TRATAMENTO DE INTERCORRÊNCIA PÓS-TRANSPLANTE DE ÓRGÃOS / CÉLULAS-TRONCO HEMATOPOÉTICAS
URETERORRENOLITOTRIPSIA FLEXÍVEL UNILATERAL LASER,0409010170,INSTALAÇÃO ENDOSCÓPICA DE CATETER DUPLO J
URETERORRENOLITOTRIPSIA FLEXÍVEL UNILATERAL LASER,0415020034,OUTROS PROCEDIMENTOS COM CIRURGIAS SEQUENCIAIS
URETEROSCOPIA,0303010037,TRATAMENTO DE OUTRAS DOENÇAS BACTERIANAS
URETEROSCOPIA,0303150050,TRATAMENTO DE OUTRAS DOENCAS DO APARELHO URINARIO
URETEROSCOPIA,0304100021,TRATAMENTO CLÍNICO DE PACIENTE ONCOLÓGICO
URETEROSCOPIA,0305020013,TRATAMENTO DA PIELONEFRITE
URETEROSCOPIA,0305020021,TRATAMENTO DE CALCULOSE RENAL
URETEROSCOPIA,0409010170,INSTALAÇÃO ENDOSCÓPICA DE CATETER DUPLO J
URETEROSCOPIA,0409010219,NEFRECTOMIA TOTAL
URETEROSCOPIA,0409010286,NEFROSTOMIA COM OU SEM DRENAGEM
URETEROSCOPIA,0409010596,URETEROLITOTRIPSIA TRANSURETEROSCÓPICA
URETEROSCOPIA,0415020034,OUTROS PROCEDIMENTOS COM CIRURGIAS SEQUENCIAIS
URETEROSTOMIA CUTANEA,0409010588,URETEROSTOMIA CUTÂNEA
URETEROURETEROSTOMIA,0506020045,TRATAMENTO DE INTERCORRÊNCIA PÓS-TRANSPLANTE DE ÓRGÃOS / CÉLULAS-TRONCO HEMATOPOÉTICAS
URETROPLASTIA COM RETALHO,0409020125,URETROPLASTIA (RESSECÇÃO DE CORDA)
URETROPLASTIA COM RETALHO,0409020133,URETROPLASTIA AUTÓGENA
URETROPLASTIA COM RETALHO,0409050075,PLASTICA TOTAL DO PENIS
URETROPLASTIA COM RETALHO,0415020034,OUTROS PROCEDIMENTOS COM CIRURGIAS SEQUENCIAIS
URETROPLASTIA SEM RETALHO,0409010499,TRATAMENTO CIRURGICO DE INCONTINENCIA URINARIA VIA ABDOMINAL
URETROPLASTIA SEM RETALHO,0409020125,URETROPLASTIA (RESSECÇÃO DE CORDA)
URETROPLASTIA SEM RETALHO,0409050130,CIRURGIAS COMPLEMENTARES DE REDESIGNAÇÃO SEXUAL
URETROPLASTIA SEM RETALHO,0409070319,REDESIGNAÇÃO SEXUAL NO SEXO FEMININO I
URETROPLASTIA SEM RETALHO,0415020034,OUTROS PROCEDIMENTOS COM CIRURGIAS SEQUENCIAIS
URETRORRAFIA,0415020034,OUTROS PROCEDIMENTOS COM CIRURGIAS SEQUENCIAIS
URETROSCOPIA,0303150050,TRATAMENTO DE OUTRAS DOENCAS DO APARELHO URINARIO
URETROSCOPIA,0409010294,NEFROSTOMIA PERCUTÂNEA
URETROSCOPIA,0506020045,TRATAMENTO DE INTERCORRÊNCIA PÓS-TRANSPLANTE DE ÓRGÃOS / CÉLULAS-TRONCO HEMATOPOÉTICAS
URETROSTOMIA INTERNA,0409020176,URETROTOMIA INTERNA
URETROSTOMIA PERINEAL,0409020168,URETROSTOMIA PERINEAL / CUTÂNEA / EXTERNA
URETROSTOMIA PERINEAL,0415020034,OUTROS PROCEDIMENTOS COM CIRURGIAS SEQUENCIAIS
URETROTOMIA INTERNA COM LASER,0409020176,URETROTOMIA INTERNA
URETROTOMIA P/RETIRADA CALCULO E CORPO ESTRANHO,0409010065,CISTOLITOTOMIA E/OU RETIRADA DE CORPO ESTRANHO DA BEXIGA
URETROTOMIA P/RETIRADA CALCULO E CORPO ESTRANHO,0409020176,URETROTOMIA INTERNA
VAGINOPLASTIA,0409050130,CIRURGIAS COMPLEMENTARES DE REDESIGNAÇÃO SEXUAL
VAGINOPLASTIA,0409070211,RECONSTRUCAO DA VAGINA
VALVOPLASTIA AORTICA COM EXTRACORPOREA,0415020034,OUTROS PROCEDIMENTOS COM CIRURGIAS SEQUENCIAIS
VALVOPLASTIA MITRAL COM EXTRACORPOREA,0406010803,PLÁSTICA VALVAR
VALVOPLASTIA MITRAL COM EXTRACORPOREA,0406010811,PLÁSTICA VALVAR COM REVASCULARIZAÇÃO MIOCÁRDICA
VALVOPLASTIA MITRAL COM EXTRACORPOREA,0406010820,PLÁSTICA VALVAR E/OU TROCA VALVAR MÚLTIPLA
VALVOPLASTIA TRICUSPIDE COM EXTRACORPOREA,0406010803,PLÁSTICA VALVAR
VALVOPLASTIA TRICUSPIDE COM EXTRACORPOREA,0415020034,OUTROS PROCEDIMENTOS COM CIRURGIAS SEQUENCIAIS
VALVULOPLASTIA AORTICA PERCUTANEA,0415020034,OUTROS PROCEDIMENTOS COM CIRURGIAS SEQUENCIAIS
VALVULOPLASTIA MITRAL PERCUTANEA,0406030120,VALVULOPLASTIA MITRAL PERCUTÂNEA
VALVULOPLASTIA PULMONAR PERCUTANEA,0406030138,VALVULOPLASTIA PULMONAR PERCUTÂNEA
VARICOCELECTOMIA BILATERAL,0409040231,TRATAMENTO CIRÚRGICO DE VARICOCELE
VARICOCELECTOMIA DIR.,0409040231,TRATAMENTO CIRÚRGICO DE VARICOCELE
VARIZES (TRATAMENTO ESCLEROSANTE),0406020566,TRATAMENTO CIRURGICO DE VARIZES (BILATERAL)
VARIZES (TRATAMENTO ESCLEROSANTE),0406040214,EMBOLIZAÇÃO DE MALFORMAÇÃO VASCULAR POR PUNÇÃO DIRETA (INCLUI DROGAS EMBOLIZANTES)
VASECTOMIA BILATERAL,0409040118,NEOSTOMIA DE EPIDÍDIMO / CANAL DEFERENTE
VASOVASOSTOMIA,0409040118,NEOSTOMIA DE EPIDÍDIMO / CANAL DEFERENTE
VENTRICULOSTOMIA PARA MONITORIZACAO DE PRESSAO INTRACRANIANA,0403010349,TREPANACAO CRANIANA PARA PROPEDEUTICA NEUROCIRURGICA / IMPLANTE PARA MONITORIZACAO PIC
VERTEBROPLASTIA POR DISPOSITIVO GUIADO EM UM NÍVEL,0408030704,VERTEBROPLASTIA POR DISPOSITIVO GUIADO EM UM NÍVEL
VESICOSTOMIA CUTANEA,0409010090,CISTOSTOMIA
VESICOSTOMIA CUTANEA,0415020034,OUTROS PROCEDIMENTOS COM CIRURGIAS SEQUENCIAIS
VIDEOLAPAROSCOPIA DIAGNOSTICA,0303070072,TRATAMENTO DE DOENCAS DO FIGADO
VIDEOLAPAROSCOPIA DIAGNOSTICA,0303100044,TRATAMENTO DE INTERCORRENCIAS CLINICAS NA GRAVIDEZ
VIDEOLAPAROSCOPIA DIAGNOSTICA,0303150017,TRATAMENTO DE DOENCAS DOS ORGAOS GENITAIS MASCULINOS
VIDEOLAPAROSCOPIA DIAGNOSTICA,0303150033,TRATAMENTO DE DOENCAS INFLAMATORIAS DOS ORGAOS PELVICOS FEMININOS
VIDEOLAPAROSCOPIA DIAGNOSTICA,0303150050,TRATAMENTO DE OUTRAS DOENCAS DO APARELHO URINARIO
VIDEOLAPAROSCOPIA DIAGNOSTICA,0304100013,TRATAMENTO DE INTERCORRÊNCIAS CLÍNICAS DE PACIENTE ONCOLÓGICO
VIDEOLAPAROSCOPIA DIAGNOSTICA,0406020078,IMPLANTAÇÃO DE CATETER DE LONGA PERMANÊNCIA SEMI OU TOTALMENTE IMPLANTAVEL (PROCEDIMENTO PRINCIPAL)
VIDEOLAPAROSCOPIA DIAGNOSTICA,0407010378,TRATAMENTO DE INTERCORRENCIAS CIRURGICA POS- CIRURGIA BARIÁTRICA
VIDEOLAPAROSCOPIA DIAGNOSTICA,0407020209,ENTEROTOMIA E/OU ENTERORRAFIA C/ SUTURA / RESSECÇÃO (QUALQUER SEGMENTO)
VIDEOLAPAROSCOPIA DIAGNOSTICA,0407040080,HERNIOPLASTIA INCISIONAL
VIDEOLAPAROSCOPIA DIAGNOSTICA,0407040129,HERNIOPLASTIA UMBILICAL
VIDEOLAPAROSCOPIA DIAGNOSTICA,0407040161,LAPAROTOMIA EXPLORADORA
VIDEOLAPAROSCOPIA DIAGNOSTICA,0407040170,LAPAROTOMIA VIDEOLAPAROSCÓPICA PARA DRENAGEM E/OU BIÓPSIA
VIDEOLAPAROSCOPIA DIAGNOSTICA,0407040188,LIBERAÇÃO DE ADERÊNCIAS INTESTINAIS
VIDEOLAPAROSCOPIA DIAGNOSTICA,0409010090,CISTOSTOMIA
VIDEOLAPAROSCOPIA DIAGNOSTICA,0409040134,ORQUIDOPEXIA UNILATERAL
VIDEOLAPAROSCOPIA DIAGNOSTICA,0409060178,HISTEROSCOPIA CIRURGICA C/ RESSECTOSCOPIO
VIDEOLAPAROSCOPIA DIAGNOSTICA,0409060216,OOFORECTOMIA / OOFOROPLASTIA
VIDEOLAPAROSCOPIA DIAGNOSTICA,0409060232,SALPINGECTOMIA UNI / BILATERAL
VIDEOLAPAROSCOPIA DIAGNOSTICA,0409060240,SALPINGECTOMIA VIDEOLAPAROSCOPICA
VIDEOLAPAROSCOPIA DIAGNOSTICA,0409060267,SALPINGOPLASTIA VIDEOLAPAROSCOPICA
VIDEOLAPAROSCOPIA DIAGNOSTICA,0411020048,TRATAMENTO CIRURGICO DE GRAVIDEZ ECTOPICA
VIDEOLAPAROSCOPIA DIAGNOSTICA,0415020034,OUTROS PROCEDIMENTOS COM CIRURGIAS SEQUENCIAIS
VIDEOLAPAROSCOPIA DIAGNOSTICA,0416010172,RESSECÇÃO ENDOSCÓPICA DE TUMOR VESICAL EM ONCOLOGIA
VIDEOLAPAROSCOPIA DIAGNOSTICA,0416040209,LAPAROTOMIA EXPLORADORA COM RESSECÇÃO COMPLETA OU INCOMPLETA DO TUMOR EM ONCOLOGIA
VIDEOLAPAROSCOPIA DIAGNOSTICA,0416040330,LAPARATOMIA EXPLORADORA VIDEOLAPAROSCÓPICA EM ONCOLOGIA
VIDEOLAPAROSCOPIA DIAGNOSTICA,0416060013,AMPUTACAO CONICA DO COLO DO UTERO EM ONCOLOGIA
VIDEOLAPAROSCOPIA DIAGNOSTICA,0505010062,TRANSPLANTE ALOGÊNICO DE CÉLULAS-TRONCO HEMATOPOÉTICAS DE SANGUE PERIFÉRICO - NÃO APARENTADO
VIDEOLAPAROSCOPIA DIAGNOSTICA,0506020045,TRATAMENTO DE INTERCORRÊNCIA PÓS-TRANSPLANTE DE ÓRGÃOS / CÉLULAS-TRONCO HEMATOPOÉTICAS
VIDEOLAPAROSCOPIA DIAGNOSTICA,0506020096,TRATAMENTO DE INTERCORRENCIA PÓS TRANSPLANTE DE FIGADO- PÓS TRANSPLANTE CRÍTICO
VIDEOTORACOSCOPIA,0209040050,VIDEOTORACOSCOPIA
VIDEOTORACOSCOPIA,0407040056,HERNIOPLASTIA DIAFRAGMÁTICA (VIA TORÁCICA)
VIDEOTORACOSCOPIA,0412020050,RESSECÇÃO DE TUMOR DO MEDIASTINO
VIDEOTORACOSCOPIA,0412030012,DESCORTICAÇÃO PULMONAR
VIDEOTORACOSCOPIA,0412040166,TORACOSTOMIA COM DRENAGEM PLEURAL FECHADA
VIDEOTORACOSCOPIA,0412040174,TORACOTOMIA EXPLORADORA
VIDEOTORACOSCOPIA,0415020034,OUTROS PROCEDIMENTOS COM CIRURGIAS SEQUENCIAIS
VIDEOTORACOSCOPIA,0416110070,RESSECÇAO PULMONAR EM CUNHA EM ONCOLOGIA
VITRECTOMIA ANTER,0405050097,FACECTOMIA COM IMPLANTE DE LENTE INTRA-OCULAR
VITRECTOMIA ANTER,0415020034,OUTROS PROCEDIMENTOS COM CIRURGIAS SEQUENCIAIS
VITRECTOMIA POSTER,0405030070,RETINOPEXIA COM INTROFLEXÃO ESCLERAL
VITRECTOMIA POSTER,0405030142,VITRECTOMIA POSTERIOR
VITRECTOMIA POSTER,0405030169,VITRECTOMIA POSTERIOR COM INFUSÃO DE PERFLUOCARBONO E ENDOLASER
VITRECTOMIA POSTER,0405030177,VITRECTOMIA POSTERIOR COM INFUSÃO DE PERFLUOCARBONO/ÓLEO DE SILICONE/ENDOLASER
VITRECTOMIA POSTER,0405040210,REPOSICIONAMENTO DE LENTE INTRAOCULAR
VITRECTOMIA POSTER,0405050135,IMPLANTE DE PRÓTESE ANTI-GLAUCOMATOSA
VITRECTOMIA POSTER,0405050151,IMPLANTE SECUNDÁRIO DE LENTE INTRA-OCULAR - LIO
VITRECTOMIA POSTER,0405050372,FACOEMULSIFICAÇÃO COM IMPLANTE DE LENTE INTRA-OCULAR DOBRAVEL
VITRECTOMIA POSTER,0415010012,TRATAMENTO C/ CIRURGIAS MULTIPLAS
VITRECTOMIA POSTER,0415020034,OUTROS PROCEDIMENTOS COM CIRURGIAS SEQUENCIAIS
WERTTEIM_ MEIGS,0416060064,HISTERECTOMIA TOTAL AMPLIADA EM ONCOLOGIA
